PRAGMA foreign_keys=ON;

--- Insert the season
insert into season(season_start, season_end) values(1533124180, 1559303370);


--- Insert Countries
INSERT INTO country (country_name) VALUES ('England');
INSERT INTO country (country_name) VALUES ('Wales');
INSERT INTO country (country_name) VALUES ('Australia');
INSERT INTO country (country_name) VALUES ('Morocco');
INSERT INTO country (country_name) VALUES ('France');
INSERT INTO country (country_name) VALUES ('Venezuela');
INSERT INTO country (country_name) VALUES ('Italy');
INSERT INTO country (country_name) VALUES ('Spain');
INSERT INTO country (country_name) VALUES ('Jamaica');
INSERT INTO country (country_name) VALUES ('Portugal');
INSERT INTO country (country_name) VALUES ('Serbia');
INSERT INTO country (country_name) VALUES ('Nigeria');
INSERT INTO country (country_name) VALUES ('Norway');
INSERT INTO country (country_name) VALUES ('Chile');
INSERT INTO country (country_name) VALUES ('Iran');
INSERT INTO country (country_name) VALUES ('Brazil');
INSERT INTO country (country_name) VALUES ('Germany');
INSERT INTO country (country_name) VALUES ('Cameroon');
INSERT INTO country (country_name) VALUES ('Denmark');
INSERT INTO country (country_name) VALUES ('Scotland');
INSERT INTO country (country_name) VALUES ('Ukraine');
INSERT INTO country (country_name) VALUES ('Ecuador');
INSERT INTO country (country_name) VALUES ('Montenegro');
INSERT INTO country (country_name) VALUES ('Iceland');
INSERT INTO country (country_name) VALUES ('Poland');
INSERT INTO country (country_name) VALUES ('Bosnia and Herzegovina');
INSERT INTO country (country_name) VALUES ('Mali');
INSERT INTO country (country_name) VALUES ('Israel');
INSERT INTO country (country_name) VALUES ('Republic of Ireland');
INSERT INTO country (country_name) VALUES ('Gabon');
INSERT INTO country (country_name) VALUES ('Turkey');
INSERT INTO country (country_name) VALUES ('Colombia');
INSERT INTO country (country_name) VALUES ('Senegal');
INSERT INTO country (country_name) VALUES ('New Zealand');
INSERT INTO country (country_name) VALUES ('Ghana');
INSERT INTO country (country_name) VALUES ('Belgium');
INSERT INTO country (country_name) VALUES ('Austria');
INSERT INTO country (country_name) VALUES ('Northern Ireland');
INSERT INTO country (country_name) VALUES ('USA');
INSERT INTO country (country_name) VALUES ('Netherlands');
INSERT INTO country (country_name) VALUES ('Canada');
INSERT INTO country (country_name) VALUES ('Croatia');
INSERT INTO country (country_name) VALUES ('Congo DR');
INSERT INTO country (country_name) VALUES ('Argentina');
INSERT INTO country (country_name) VALUES ('Ivory Coast');
INSERT INTO country (country_name) VALUES ('Paraguay');
INSERT INTO country (country_name) VALUES ('Switzerland');
INSERT INTO country (country_name) VALUES ('Romania');
INSERT INTO country (country_name) VALUES ('Togo');
INSERT INTO country (country_name) VALUES ('Armenia');
INSERT INTO country (country_name) VALUES ('South Korea');
INSERT INTO country (country_name) VALUES ('Mexico');
INSERT INTO country (country_name) VALUES ('Slovenia');
INSERT INTO country (country_name) VALUES ('Greece');
INSERT INTO country (country_name) VALUES ('Sweden');
INSERT INTO country (country_name) VALUES ('Curacao');
INSERT INTO country (country_name) VALUES ('Uruguay');
INSERT INTO country (country_name) VALUES ('Slovakia');
INSERT INTO country (country_name) VALUES ('Czech Republic');
INSERT INTO country (country_name) VALUES ('Japan');
INSERT INTO country (country_name) VALUES ('Egypt');
INSERT INTO country (country_name) VALUES ('Guinea');
INSERT INTO country (country_name) VALUES ('Philippines');
INSERT INTO country (country_name) VALUES ('Equatorial Guinea');
INSERT INTO country (country_name) VALUES ('Algeria');
INSERT INTO country (country_name) VALUES ('Benin');
INSERT INTO country (country_name) VALUES ('Kenya');


--- Insert Teams
INSERT INTO team (team_name, team_country) VALUES ('Manchester United', 1);
INSERT INTO team (team_name, team_country) VALUES ('Newcastle United', 1);
INSERT INTO team (team_name, team_country) VALUES ('AFC Bournemouth', 1);
INSERT INTO team (team_name, team_country) VALUES ('Fulham', 1);
INSERT INTO team (team_name, team_country) VALUES ('Huddersfield Town', 1);
INSERT INTO team (team_name, team_country) VALUES ('Watford', 1);
INSERT INTO team (team_name, team_country) VALUES ('Wolverhampton Wanderers', 1);
INSERT INTO team (team_name, team_country) VALUES ('Liverpool', 1);
INSERT INTO team (team_name, team_country) VALUES ('Southampton', 1);
INSERT INTO team (team_name, team_country) VALUES ('Arsenal', 1);
INSERT INTO team (team_name, team_country) VALUES ('Cardiff City', 2);
INSERT INTO team (team_name, team_country) VALUES ('Everton', 1);
INSERT INTO team (team_name, team_country) VALUES ('Leicester City', 1);
INSERT INTO team (team_name, team_country) VALUES ('Tottenham Hotspur', 1);
INSERT INTO team (team_name, team_country) VALUES ('West Ham United', 1);
INSERT INTO team (team_name, team_country) VALUES ('Chelsea', 1);
INSERT INTO team (team_name, team_country) VALUES ('Burnley', 1);
INSERT INTO team (team_name, team_country) VALUES ('Manchester City', 1);
INSERT INTO team (team_name, team_country) VALUES ('Brighton & Hove Albion', 1);
INSERT INTO team (team_name, team_country) VALUES ('Crystal Palace', 1);



--- Insert Stadiums
INSERT INTO stadium (team_id, stadium_name) VALUES (1, 'Old Trafford');
INSERT INTO stadium (team_id, stadium_name) VALUES (2, 'St. James Park');
INSERT INTO stadium (team_id, stadium_name) VALUES (3, 'Vitality Stadium');
INSERT INTO stadium (team_id, stadium_name) VALUES (4, 'Craven Cottage');
INSERT INTO stadium (team_id, stadium_name) VALUES (5, 'John Smiths Stadium');
INSERT INTO stadium (team_id, stadium_name) VALUES (6, 'Vicarage Road');
INSERT INTO stadium (team_id, stadium_name) VALUES (7, 'Molineux Stadium');
INSERT INTO stadium (team_id, stadium_name) VALUES (8, 'Anfield');
INSERT INTO stadium (team_id, stadium_name) VALUES (9, 'St. Marys Stadium');
INSERT INTO stadium (team_id, stadium_name) VALUES (10, 'Emirates Stadium');
INSERT INTO stadium (team_id, stadium_name) VALUES (11, 'Cardiff City Stadium');
INSERT INTO stadium (team_id, stadium_name) VALUES (12, 'Goodison Park');
INSERT INTO stadium (team_id, stadium_name) VALUES (13, 'King Power Stadium');
INSERT INTO stadium (team_id, stadium_name) VALUES (15, 'London Stadium');
INSERT INTO stadium (team_id, stadium_name) VALUES (16, 'Stamford Bridge');
INSERT INTO stadium (team_id, stadium_name) VALUES (17, 'Turf Moor');
INSERT INTO stadium (team_id, stadium_name) VALUES (18, 'Etihad Stadium');
INSERT INTO stadium (team_id, stadium_name) VALUES (19, 'The American Express Community Stadium');
INSERT INTO stadium (team_id, stadium_name) VALUES (20, 'Selhurst Park');
INSERT INTO stadium (team_id, stadium_name) VALUES (14, 'Tottenham Hotspur Stadium');

--- GPT integration for stadiums
INSERT INTO stadium (team_id, stadium_name) VALUES (14, 'Wembley Stadium');



--- Insert referees
INSERT INTO person (person_name) VALUES ('Andre Marriner');
INSERT INTO referee (person_id, referee_experience) VALUES (1, 25);
INSERT INTO person (person_name) VALUES ('Martin Atkinson');
INSERT INTO referee (person_id, referee_experience) VALUES (2, 23);
INSERT INTO person (person_name) VALUES ('Kevin Friend');
INSERT INTO referee (person_id, referee_experience) VALUES (3, 30);
INSERT INTO person (person_name) VALUES ('Mike Dean');
INSERT INTO referee (person_id, referee_experience) VALUES (4, 22);
INSERT INTO person (person_name) VALUES ('Chris Kavanagh');
INSERT INTO referee (person_id, referee_experience) VALUES (5, 18);
INSERT INTO person (person_name) VALUES ('Jonathan Moss');
INSERT INTO referee (person_id, referee_experience) VALUES (6, 27);
INSERT INTO person (person_name) VALUES ('Craig Pawson');
INSERT INTO referee (person_id, referee_experience) VALUES (7, 25);
INSERT INTO person (person_name) VALUES ('Anthony Taylor');
INSERT INTO referee (person_id, referee_experience) VALUES (8, 24);
INSERT INTO person (person_name) VALUES ('Graham Scott');
INSERT INTO referee (person_id, referee_experience) VALUES (9, 26);
INSERT INTO person (person_name) VALUES ('Michael Oliver');
INSERT INTO referee (person_id, referee_experience) VALUES (10, 22);
INSERT INTO person (person_name) VALUES ('Lee Mason');
INSERT INTO referee (person_id, referee_experience) VALUES (11, 30);
INSERT INTO person (person_name) VALUES ('Stuart Attwell');
INSERT INTO referee (person_id, referee_experience) VALUES (12, 31);
INSERT INTO person (person_name) VALUES ('Paul Tierney');
INSERT INTO referee (person_id, referee_experience) VALUES (13, 26);
INSERT INTO person (person_name) VALUES ('Lee Probert');
INSERT INTO referee (person_id, referee_experience) VALUES (14, 27);
INSERT INTO person (person_name) VALUES ('David Coote');
INSERT INTO referee (person_id, referee_experience) VALUES (15, 22);
INSERT INTO person (person_name) VALUES ('Roger East');
INSERT INTO referee (person_id, referee_experience) VALUES (16, 27);
INSERT INTO person (person_name) VALUES ('Simon Hooper');
INSERT INTO referee (person_id, referee_experience) VALUES (17, 25);
INSERT INTO person (person_name) VALUES ('Andy Madley');
INSERT INTO referee (person_id, referee_experience) VALUES (18, 28);


--- Insert coaches
INSERT INTO person (person_name) VALUES ('Jose Mourinho');
INSERT INTO coach (person_id, coach_age, team_id) VALUES (19, 56, 1);
INSERT INTO person (person_name) VALUES ('Rafael Benitez');
INSERT INTO coach (person_id, coach_age, team_id) VALUES (20, 59, 2);
INSERT INTO person (person_name) VALUES ('Eddie Howe');
INSERT INTO coach (person_id, coach_age, team_id) VALUES (21, 41, 3);
INSERT INTO person (person_name) VALUES ('Claudio Ranieri');
INSERT INTO coach (person_id, coach_age, team_id) VALUES (22, 67, 4);
INSERT INTO person (person_name) VALUES ('David Wagner');
INSERT INTO coach (person_id, coach_age, team_id) VALUES (23, 47, 5);
INSERT INTO person (person_name) VALUES ('Javi Gracia');
INSERT INTO coach (person_id, coach_age, team_id) VALUES (24, 49, 6);
INSERT INTO person (person_name) VALUES ('Nuno Espirito Santo');
INSERT INTO coach (person_id, coach_age, team_id) VALUES (25, 45, 7);
INSERT INTO person (person_name) VALUES ('Jurgen Klopp');
INSERT INTO coach (person_id, coach_age, team_id) VALUES (26, 52, 8);
INSERT INTO person (person_name) VALUES ('Mark Hughes');
INSERT INTO coach (person_id, coach_age, team_id) VALUES (27, 55, 9);
INSERT INTO person (person_name) VALUES ('Unai Emery');
INSERT INTO coach (person_id, coach_age, team_id) VALUES (28, 47, 10);
INSERT INTO person (person_name) VALUES ('Neil Warnock');
INSERT INTO coach (person_id, coach_age, team_id) VALUES (29, 70, 11);
INSERT INTO person (person_name) VALUES ('Marco Silva');
INSERT INTO coach (person_id, coach_age, team_id) VALUES (30, 41, 12);
INSERT INTO person (person_name) VALUES ('Claude Puel');
INSERT INTO coach (person_id, coach_age, team_id) VALUES (31, 57, 13);
INSERT INTO person (person_name) VALUES ('Mauricio Pochettino');
INSERT INTO coach (person_id, coach_age, team_id) VALUES (32, 47, 14);
INSERT INTO person (person_name) VALUES ('Manuel Pellegrini');
INSERT INTO coach (person_id, coach_age, team_id) VALUES (33, 65, 15);
INSERT INTO person (person_name) VALUES ('Maurizio Sarri');
INSERT INTO coach (person_id, coach_age, team_id) VALUES (34, 60, 16);
INSERT INTO person (person_name) VALUES ('Sean Dyche');
INSERT INTO coach (person_id, coach_age, team_id) VALUES (35, 48, 17);
INSERT INTO person (person_name) VALUES ('Pep Guardiola');
INSERT INTO coach (person_id, coach_age, team_id) VALUES (36, 48, 18);
INSERT INTO person (person_name) VALUES ('Chris Hughton');
INSERT INTO coach (person_id, coach_age, team_id) VALUES (37, 60, 19);
INSERT INTO person (person_name) VALUES ('Roy Hodgson');
INSERT INTO coach (person_id, coach_age, team_id) VALUES (38, 71, 20);


--- Insert into player
INSERT INTO person (person_name) VALUES ('Aaron Cresswell');
INSERT INTO player (person_id, player_position, minutes_played, player_goals, player_yellow_cards, player_red_cards, player_team, player_country) VALUES (39, 'Defender', 1589, 0, 1, 0, 15, 1);
INSERT INTO person (person_name) VALUES ('Aaron Lennon');
INSERT INTO player (person_id, player_position, minutes_played, player_goals, player_yellow_cards, player_red_cards, player_team, player_country) VALUES (40, 'Midfielder', 1217, 1, 1, 0, 17, 1);
INSERT INTO person (person_name) VALUES ('Aaron Mooy');
INSERT INTO player (person_id, player_position, minutes_played, player_goals, player_yellow_cards, player_red_cards, player_team, player_country) VALUES (41, 'Midfielder', 2327, 3, 4, 0, 5, 3);
INSERT INTO person (person_name) VALUES ('Aaron Ramsey');
INSERT INTO player (person_id, player_position, minutes_played, player_goals, player_yellow_cards, player_red_cards, player_team, player_country) VALUES (42, 'Midfielder', 1327, 4, 0, 0, 10, 2);
INSERT INTO person (person_name) VALUES ('Aaron Rowe');
INSERT INTO player (person_id, player_position, minutes_played, player_goals, player_yellow_cards, player_red_cards, player_team, player_country) VALUES (43, 'Forward', 69, 0, 0, 0, 5, 1);
INSERT INTO person (person_name) VALUES ('Aaron Wan-Bissaka');
INSERT INTO player (person_id, player_position, minutes_played, player_goals, player_yellow_cards, player_red_cards, player_team, player_country) VALUES (44, 'Midfielder', 3135, 0, 5, 1, 20, 1);
INSERT INTO person (person_name) VALUES ('Abdelhamid Sabiri');
INSERT INTO player (person_id, player_position, minutes_played, player_goals, player_yellow_cards, player_red_cards, player_team, player_country) VALUES (45, 'Midfielder', 49, 0, 0, 0, 5, 4);
INSERT INTO person (person_name) VALUES ('Abdoulaye Doucouré');
INSERT INTO player (person_id, player_position, minutes_played, player_goals, player_yellow_cards, player_red_cards, player_team, player_country) VALUES (46, 'Midfielder', 3062, 5, 7, 0, 6, 5);
INSERT INTO person (person_name) VALUES ('Aboubakar Kamara');
INSERT INTO player (person_id, player_position, minutes_played, player_goals, player_yellow_cards, player_red_cards, player_team, player_country) VALUES (47, 'Forward', 687, 3, 2, 0, 4, 5);
INSERT INTO person (person_name) VALUES ('Adalberto Peñaranda Maestre');
INSERT INTO player (person_id, player_position, minutes_played, player_goals, player_yellow_cards, player_red_cards, player_team, player_country) VALUES (48, 'Forward', 0, 0, 0, 0, 6, 6);
INSERT INTO person (person_name) VALUES ('Adam Lallana');
INSERT INTO player (person_id, player_position, minutes_played, player_goals, player_yellow_cards, player_red_cards, player_team, player_country) VALUES (49, 'Midfielder', 465, 0, 1, 0, 8, 1);
INSERT INTO person (person_name) VALUES ('Adam Masina');
INSERT INTO player (person_id, player_position, minutes_played, player_goals, player_yellow_cards, player_red_cards, player_team, player_country) VALUES (50, 'Defender', 1003, 0, 5, 0, 6, 7);
INSERT INTO person (person_name) VALUES ('Adam Smith');
INSERT INTO player (person_id, player_position, minutes_played, player_goals, player_yellow_cards, player_red_cards, player_team, player_country) VALUES (51, 'Defender', 2073, 1, 6, 1, 3, 1);
INSERT INTO person (person_name) VALUES ('Adama Diakhaby');
INSERT INTO player (person_id, player_position, minutes_played, player_goals, player_yellow_cards, player_red_cards, player_team, player_country) VALUES (52, 'Forward', 551, 0, 1, 0, 5, 5);
INSERT INTO person (person_name) VALUES ('Adama Traoré');
INSERT INTO player (person_id, player_position, minutes_played, player_goals, player_yellow_cards, player_red_cards, player_team, player_country) VALUES (53, 'Midfielder', 890, 1, 1, 0, 7, 8);
INSERT INTO person (person_name) VALUES ('Ademola Lookman');
INSERT INTO player (person_id, player_position, minutes_played, player_goals, player_yellow_cards, player_red_cards, player_team, player_country) VALUES (54, 'Forward', 601, 0, 0, 0, 12, 1);
INSERT INTO person (person_name) VALUES ('Adrián');
INSERT INTO player (person_id, player_position, minutes_played, player_goals, player_yellow_cards, player_red_cards, player_team, player_country) VALUES (55, 'Goalkeeper', 0, 0, 0, 0, 15, 8);
INSERT INTO person (person_name) VALUES ('Adrian Mariappa');
INSERT INTO player (person_id, player_position, minutes_played, player_goals, player_yellow_cards, player_red_cards, player_team, player_country) VALUES (56, 'Defender', 1921, 0, 3, 0, 6, 9);
INSERT INTO person (person_name) VALUES ('Adrien Sebastian Perruchet Silva');
INSERT INTO player (person_id, player_position, minutes_played, player_goals, player_yellow_cards, player_red_cards, player_team, player_country) VALUES (57, 'Midfielder', 88, 0, 0, 0, 13, 10);
INSERT INTO person (person_name) VALUES ('Ainsley Maitland-Niles');
INSERT INTO player (person_id, player_position, minutes_played, player_goals, player_yellow_cards, player_red_cards, player_team, player_country) VALUES (58, 'Midfielder', 985, 1, 3, 1, 10, 1);
INSERT INTO person (person_name) VALUES ('Alberto Moreno');
INSERT INTO player (person_id, player_position, minutes_played, player_goals, player_yellow_cards, player_red_cards, player_team, player_country) VALUES (59, 'Defender', 155, 0, 0, 0, 8, 8);
INSERT INTO person (person_name) VALUES ('Aleksandar Mitrović');
INSERT INTO player (person_id, player_position, minutes_played, player_goals, player_yellow_cards, player_red_cards, player_team, player_country) VALUES (60, 'Forward', 3282, 11, 7, 0, 4, 11);
INSERT INTO person (person_name) VALUES ('Alex Iwobi');
INSERT INTO player (person_id, player_position, minutes_played, player_goals, player_yellow_cards, player_red_cards, player_team, player_country) VALUES (61, 'Forward', 1972, 3, 0, 0, 10, 12);
INSERT INTO person (person_name) VALUES ('Alex McCarthy');
INSERT INTO player (person_id, player_position, minutes_played, player_goals, player_yellow_cards, player_red_cards, player_team, player_country) VALUES (62, 'Goalkeeper', 2250, 0, 1, 0, 9, 1);
INSERT INTO person (person_name) VALUES ('Alex Oxlade-Chamberlain');
INSERT INTO player (person_id, player_position, minutes_played, player_goals, player_yellow_cards, player_red_cards, player_team, player_country) VALUES (63, 'Midfielder', 19, 0, 0, 0, 8, 1);
INSERT INTO person (person_name) VALUES ('Alex Pritchard');
INSERT INTO player (person_id, player_position, minutes_played, player_goals, player_yellow_cards, player_red_cards, player_team, player_country) VALUES (64, 'Midfielder', 2092, 2, 2, 0, 5, 1);
INSERT INTO person (person_name) VALUES ('Alex Smithies');
INSERT INTO player (person_id, player_position, minutes_played, player_goals, player_yellow_cards, player_red_cards, player_team, player_country) VALUES (65, 'Goalkeeper', 0, 0, 0, 0, 11, 1);
INSERT INTO person (person_name) VALUES ('Alexander Sørloth');
INSERT INTO player (person_id, player_position, minutes_played, player_goals, player_yellow_cards, player_red_cards, player_team, player_country) VALUES (66, 'Forward', 173, 0, 0, 0, 20, 13);
INSERT INTO person (person_name) VALUES ('Alexandre Lacazette');
INSERT INTO player (person_id, player_position, minutes_played, player_goals, player_yellow_cards, player_red_cards, player_team, player_country) VALUES (67, 'Forward', 2503, 13, 2, 0, 10, 5);
INSERT INTO person (person_name) VALUES ('Alexandre Nascimento Costa Silva');
INSERT INTO player (person_id, player_position, minutes_played, player_goals, player_yellow_cards, player_red_cards, player_team, player_country) VALUES (68, 'Forward', 17, 0, 0, 0, 15, 10);
INSERT INTO person (person_name) VALUES ('Alexis Sanchez');
INSERT INTO player (person_id, player_position, minutes_played, player_goals, player_yellow_cards, player_red_cards, player_team, player_country) VALUES (69, 'Forward', 877, 1, 3, 0, 1, 14);
INSERT INTO person (person_name) VALUES ('Alfie Jones');
INSERT INTO player (person_id, player_position, minutes_played, player_goals, player_yellow_cards, player_red_cards, player_team, player_country) VALUES (70, 'Defender', 0, 0, 0, 0, 9, 1);
INSERT INTO person (person_name) VALUES ('Alfie Mawson');
INSERT INTO player (person_id, player_position, minutes_played, player_goals, player_yellow_cards, player_red_cards, player_team, player_country) VALUES (71, 'Defender', 1131, 0, 2, 0, 4, 1);
INSERT INTO person (person_name) VALUES ('Alfie Whiteman');
INSERT INTO player (person_id, player_position, minutes_played, player_goals, player_yellow_cards, player_red_cards, player_team, player_country) VALUES (72, 'Goalkeeper', 0, 0, 0, 0, 14, 1);
INSERT INTO person (person_name) VALUES ('Ali Koiki');
INSERT INTO player (person_id, player_position, minutes_played, player_goals, player_yellow_cards, player_red_cards, player_team, player_country) VALUES (73, 'Defender', 0, 0, 0, 0, 17, 1);
INSERT INTO person (person_name) VALUES ('Alireza Jahanbakhsh');
INSERT INTO player (person_id, player_position, minutes_played, player_goals, player_yellow_cards, player_red_cards, player_team, player_country) VALUES (74, 'Forward', 1022, 0, 2, 0, 19, 15);
INSERT INTO person (person_name) VALUES ('Alisson Becker');
INSERT INTO player (person_id, player_position, minutes_played, player_goals, player_yellow_cards, player_red_cards, player_team, player_country) VALUES (75, 'Goalkeeper', 3420, 0, 1, 0, 8, 16);
INSERT INTO person (person_name) VALUES ('Alvaro Morata');
INSERT INTO player (person_id, player_position, minutes_played, player_goals, player_yellow_cards, player_red_cards, player_team, player_country) VALUES (76, 'Forward', 943, 5, 3, 0, 16, 8);
INSERT INTO person (person_name) VALUES ('Ander Herrera');
INSERT INTO player (person_id, player_position, minutes_played, player_goals, player_yellow_cards, player_red_cards, player_team, player_country) VALUES (77, 'Midfielder', 1404, 2, 4, 0, 1, 8);
INSERT INTO person (person_name) VALUES ('André Gomes');
INSERT INTO player (person_id, player_position, minutes_played, player_goals, player_yellow_cards, player_red_cards, player_team, player_country) VALUES (78, 'Midfielder', 1986, 1, 7, 0, 12, 10);
INSERT INTO person (person_name) VALUES ('Andre Gray');
INSERT INTO player (person_id, player_position, minutes_played, player_goals, player_yellow_cards, player_red_cards, player_team, player_country) VALUES (79, 'Forward', 1358, 7, 2, 0, 6, 1);
INSERT INTO person (person_name) VALUES ('André Schürrle');
INSERT INTO player (person_id, player_position, minutes_played, player_goals, player_yellow_cards, player_red_cards, player_team, player_country) VALUES (80, 'Midfielder', 1650, 6, 2, 0, 4, 17);
INSERT INTO person (person_name) VALUES ('André-Frank Zambo Anguissa');
INSERT INTO player (person_id, player_position, minutes_played, player_goals, player_yellow_cards, player_red_cards, player_team, player_country) VALUES (81, 'Midfielder', 1518, 0, 3, 1, 4, 18);
INSERT INTO person (person_name) VALUES ('Andreas Christensen');
INSERT INTO player (person_id, player_position, minutes_played, player_goals, player_yellow_cards, player_red_cards, player_team, player_country) VALUES (82, 'Defender', 615, 0, 1, 0, 16, 19);
INSERT INTO person (person_name) VALUES ('Andreas Pereira');
INSERT INTO player (person_id, player_position, minutes_played, player_goals, player_yellow_cards, player_red_cards, player_team, player_country) VALUES (83, 'Midfielder', 595, 1, 5, 0, 1, 16);
INSERT INTO person (person_name) VALUES ('Andrew Robertson');
INSERT INTO player (person_id, player_position, minutes_played, player_goals, player_yellow_cards, player_red_cards, player_team, player_country) VALUES (84, 'Defender', 3219, 0, 4, 0, 8, 20);
INSERT INTO person (person_name) VALUES ('Andrew Surman');
INSERT INTO player (person_id, player_position, minutes_played, player_goals, player_yellow_cards, player_red_cards, player_team, player_country) VALUES (85, 'Midfielder', 1438, 0, 2, 0, 3, 1);
INSERT INTO person (person_name) VALUES ('Andriy Yarmolenko');
INSERT INTO player (person_id, player_position, minutes_played, player_goals, player_yellow_cards, player_red_cards, player_team, player_country) VALUES (86, 'Forward', 459, 2, 2, 0, 15, 21);
INSERT INTO person (person_name) VALUES ('Andros Townsend');
INSERT INTO player (person_id, player_position, minutes_played, player_goals, player_yellow_cards, player_red_cards, player_team, player_country) VALUES (87, 'Midfielder', 3018, 6, 1, 0, 20, 1);
INSERT INTO person (person_name) VALUES ('Andy Carroll');
INSERT INTO player (person_id, player_position, minutes_played, player_goals, player_yellow_cards, player_red_cards, player_team, player_country) VALUES (88, 'Forward', 454, 0, 2, 0, 15, 1);
INSERT INTO person (person_name) VALUES ('Angel Gomes');
INSERT INTO player (person_id, player_position, minutes_played, player_goals, player_yellow_cards, player_red_cards, player_team, player_country) VALUES (89, 'Midfielder', 25, 0, 0, 0, 1, 1);
INSERT INTO person (person_name) VALUES ('Angelo Ogbonna');
INSERT INTO player (person_id, player_position, minutes_played, player_goals, player_yellow_cards, player_red_cards, player_team, player_country) VALUES (90, 'Defender', 1870, 1, 2, 0, 15, 7);
INSERT INTO person (person_name) VALUES ('Angus Gunn');
INSERT INTO player (person_id, player_position, minutes_played, player_goals, player_yellow_cards, player_red_cards, player_team, player_country) VALUES (91, 'Goalkeeper', 1080, 0, 0, 0, 9, 1);
INSERT INTO person (person_name) VALUES ('Anthony Driscoll-Glennon');
INSERT INTO player (person_id, player_position, minutes_played, player_goals, player_yellow_cards, player_red_cards, player_team, player_country) VALUES (92, 'Defender', 0, 0, 0, 0, 17, 1);
INSERT INTO person (person_name) VALUES ('Anthony Knockaert');
INSERT INTO player (person_id, player_position, minutes_played, player_goals, player_yellow_cards, player_red_cards, player_team, player_country) VALUES (93, 'Midfielder', 1832, 2, 5, 1, 19, 5);
INSERT INTO person (person_name) VALUES ('Anthony Martial');
INSERT INTO player (person_id, player_position, minutes_played, player_goals, player_yellow_cards, player_red_cards, player_team, player_country) VALUES (94, 'Forward', 1623, 10, 2, 0, 1, 5);
INSERT INTO person (person_name) VALUES ('Antonio Barreca');
INSERT INTO player (person_id, player_position, minutes_played, player_goals, player_yellow_cards, player_red_cards, player_team, player_country) VALUES (95, 'Defender', 4, 0, 0, 0, 2, 7);
INSERT INTO person (person_name) VALUES ('Antonio Rüdiger');
INSERT INTO player (person_id, player_position, minutes_played, player_goals, player_yellow_cards, player_red_cards, player_team, player_country) VALUES (96, 'Defender', 2874, 1, 7, 0, 16, 17);
INSERT INTO person (person_name) VALUES ('Antonio Valencia');
INSERT INTO player (person_id, player_position, minutes_played, player_goals, player_yellow_cards, player_red_cards, player_team, player_country) VALUES (97, 'Defender', 466, 0, 2, 0, 1, 22);
INSERT INTO person (person_name) VALUES ('Arijanet Muric');
INSERT INTO player (person_id, player_position, minutes_played, player_goals, player_yellow_cards, player_red_cards, player_team, player_country) VALUES (98, 'Goalkeeper', 0, 0, 0, 0, 18, 23);
INSERT INTO person (person_name) VALUES ('Aron Einar Gunnarsson');
INSERT INTO player (person_id, player_position, minutes_played, player_goals, player_yellow_cards, player_red_cards, player_team, player_country) VALUES (99, 'Midfielder', 2274, 1, 5, 0, 11, 24);
INSERT INTO person (person_name) VALUES ('Arthur Masuaku');
INSERT INTO player (person_id, player_position, minutes_played, player_goals, player_yellow_cards, player_red_cards, player_team, player_country) VALUES (100, 'Defender', 1756, 0, 2, 0, 15, 5);
INSERT INTO person (person_name) VALUES ('Artur Boruc');
INSERT INTO player (person_id, player_position, minutes_played, player_goals, player_yellow_cards, player_red_cards, player_team, player_country) VALUES (101, 'Goalkeeper', 1080, 0, 2, 0, 3, 25);
INSERT INTO person (person_name) VALUES ('Ashley Barnes');
INSERT INTO player (person_id, player_position, minutes_played, player_goals, player_yellow_cards, player_red_cards, player_team, player_country) VALUES (102, 'Forward', 2400, 12, 8, 0, 17, 1);
INSERT INTO person (person_name) VALUES ('Ashley Westwood');
INSERT INTO player (person_id, player_position, minutes_played, player_goals, player_yellow_cards, player_red_cards, player_team, player_country) VALUES (103, 'Midfielder', 2822, 2, 5, 0, 17, 1);
INSERT INTO person (person_name) VALUES ('Ashley Young');
INSERT INTO player (person_id, player_position, minutes_played, player_goals, player_yellow_cards, player_red_cards, player_team, player_country) VALUES (104, 'Midfielder', 2568, 2, 10, 1, 1, 1);
INSERT INTO person (person_name) VALUES ('Asmir Begović');
INSERT INTO player (person_id, player_position, minutes_played, player_goals, player_yellow_cards, player_red_cards, player_team, player_country) VALUES (105, 'Goalkeeper', 2160, 0, 0, 0, 3, 26);
INSERT INTO person (person_name) VALUES ('Aymeric Laporte');
INSERT INTO player (person_id, player_position, minutes_played, player_goals, player_yellow_cards, player_red_cards, player_team, player_country) VALUES (106, 'Defender', 3057, 3, 3, 0, 18, 5);
INSERT INTO person (person_name) VALUES ('Ayoze Perez');
INSERT INTO player (person_id, player_position, minutes_played, player_goals, player_yellow_cards, player_red_cards, player_team, player_country) VALUES (107, 'Forward', 2929, 12, 2, 0, 2, 8);
INSERT INTO person (person_name) VALUES ('Bakary Sako');
INSERT INTO player (person_id, player_position, minutes_played, player_goals, player_yellow_cards, player_red_cards, player_team, player_country) VALUES (108, 'Midfielder', 25, 0, 0, 0, 20, 27);
INSERT INTO person (person_name) VALUES ('Ben Chilwell');
INSERT INTO player (person_id, player_position, minutes_played, player_goals, player_yellow_cards, player_red_cards, player_team, player_country) VALUES (109, 'Defender', 3240, 0, 4, 0, 13, 1);
INSERT INTO person (person_name) VALUES ('Ben Davies');
INSERT INTO player (person_id, player_position, minutes_played, player_goals, player_yellow_cards, player_red_cards, player_team, player_country) VALUES (110, 'Defender', 1839, 0, 2, 0, 14, 2);
INSERT INTO person (person_name) VALUES ('Ben Foster');
INSERT INTO player (person_id, player_position, minutes_played, player_goals, player_yellow_cards, player_red_cards, player_team, player_country) VALUES (111, 'Goalkeeper', 3420, 0, 1, 0, 6, 1);
INSERT INTO person (person_name) VALUES ('Ben Gibson');
INSERT INTO player (person_id, player_position, minutes_played, player_goals, player_yellow_cards, player_red_cards, player_team, player_country) VALUES (112, 'Defender', 63, 1, 1, 0, 17, 1);
INSERT INTO person (person_name) VALUES ('Ben Hamer');
INSERT INTO player (person_id, player_position, minutes_played, player_goals, player_yellow_cards, player_red_cards, player_team, player_country) VALUES (113, 'Goalkeeper', 553, 0, 0, 0, 5, 1);
INSERT INTO person (person_name) VALUES ('Ben Johnson');
INSERT INTO player (person_id, player_position, minutes_played, player_goals, player_yellow_cards, player_red_cards, player_team, player_country) VALUES (114, 'Forward', 63, 0, 0, 0, 15, 1);
INSERT INTO person (person_name) VALUES ('Ben Mee');
INSERT INTO player (person_id, player_position, minutes_played, player_goals, player_yellow_cards, player_red_cards, player_team, player_country) VALUES (115, 'Defender', 3420, 0, 9, 0, 17, 1);
INSERT INTO person (person_name) VALUES ('Ben White');
INSERT INTO player (person_id, player_position, minutes_played, player_goals, player_yellow_cards, player_red_cards, player_team, player_country) VALUES (116, 'Defender', 0, 0, 0, 0, 19, 1);
INSERT INTO person (person_name) VALUES ('Ben Wilmot');
INSERT INTO player (person_id, player_position, minutes_played, player_goals, player_yellow_cards, player_red_cards, player_team, player_country) VALUES (117, 'Defender', 26, 0, 0, 0, 6, 1);
INSERT INTO person (person_name) VALUES ('Benjamin Mendy');
INSERT INTO player (person_id, player_position, minutes_played, player_goals, player_yellow_cards, player_red_cards, player_team, player_country) VALUES (118, 'Defender', 900, 0, 1, 0, 18, 5);
INSERT INTO person (person_name) VALUES ('Beram Kayal');
INSERT INTO player (person_id, player_position, minutes_played, player_goals, player_yellow_cards, player_red_cards, player_team, player_country) VALUES (119, 'Midfielder', 934, 1, 4, 0, 19, 28);
INSERT INTO person (person_name) VALUES ('Bernard Anício Caldeira Duarte');
INSERT INTO player (person_id, player_position, minutes_played, player_goals, player_yellow_cards, player_red_cards, player_team, player_country) VALUES (120, 'Midfielder', 2128, 1, 5, 0, 12, 16);
INSERT INTO person (person_name) VALUES ('Bernardo');
INSERT INTO player (person_id, player_position, minutes_played, player_goals, player_yellow_cards, player_red_cards, player_team, player_country) VALUES (121, 'Defender', 1750, 0, 4, 0, 19, 16);
INSERT INTO person (person_name) VALUES ('Bernardo Silva');
INSERT INTO player (person_id, player_position, minutes_played, player_goals, player_yellow_cards, player_red_cards, player_team, player_country) VALUES (122, 'Midfielder', 2853, 7, 3, 0, 18, 10);
INSERT INTO person (person_name) VALUES ('Bernd Leno');
INSERT INTO player (person_id, player_position, minutes_played, player_goals, player_yellow_cards, player_red_cards, player_team, player_country) VALUES (123, 'Goalkeeper', 2835, 0, 0, 0, 10, 17);
INSERT INTO person (person_name) VALUES ('Bobby Reid');
INSERT INTO player (person_id, player_position, minutes_played, player_goals, player_yellow_cards, player_red_cards, player_team, player_country) VALUES (124, 'Midfielder', 1422, 5, 0, 0, 11, 1);
INSERT INTO person (person_name) VALUES ('Brian Murphy');
INSERT INTO player (person_id, player_position, minutes_played, player_goals, player_yellow_cards, player_red_cards, player_team, player_country) VALUES (125, 'Goalkeeper', 0, 0, 0, 0, 11, 29);
INSERT INTO person (person_name) VALUES ('Bright Enobakhare');
INSERT INTO player (person_id, player_position, minutes_played, player_goals, player_yellow_cards, player_red_cards, player_team, player_country) VALUES (126, 'Forward', 0, 0, 0, 0, 7, 1);
INSERT INTO person (person_name) VALUES ('Bruno Écuélé Manga');
INSERT INTO player (person_id, player_position, minutes_played, player_goals, player_yellow_cards, player_red_cards, player_team, player_country) VALUES (127, 'Defender', 3375, 0, 0, 0, 11, 30);
INSERT INTO person (person_name) VALUES ('Bruno Saltor Grau');
INSERT INTO player (person_id, player_position, minutes_played, player_goals, player_yellow_cards, player_red_cards, player_team, player_country) VALUES (128, 'Defender', 1136, 0, 2, 0, 19, 8);
INSERT INTO person (person_name) VALUES ('Caglar Söyüncü');
INSERT INTO player (person_id, player_position, minutes_played, player_goals, player_yellow_cards, player_red_cards, player_team, player_country) VALUES (129, 'Defender', 371, 0, 1, 0, 13, 31);
INSERT INTO person (person_name) VALUES ('Callum Hudson-Odoi');
INSERT INTO player (person_id, player_position, minutes_played, player_goals, player_yellow_cards, player_red_cards, player_team, player_country) VALUES (130, 'Midfielder', 391, 0, 0, 0, 16, 1);
INSERT INTO person (person_name) VALUES ('Callum Paterson');
INSERT INTO player (person_id, player_position, minutes_played, player_goals, player_yellow_cards, player_red_cards, player_team, player_country) VALUES (131, 'Defender', 1996, 4, 4, 0, 11, 20);
INSERT INTO person (person_name) VALUES ('Callum Roberts');
INSERT INTO player (person_id, player_position, minutes_played, player_goals, player_yellow_cards, player_red_cards, player_team, player_country) VALUES (132, 'Forward', 0, 0, 0, 0, 2, 1);
INSERT INTO person (person_name) VALUES ('Callum Slattery');
INSERT INTO player (person_id, player_position, minutes_played, player_goals, player_yellow_cards, player_red_cards, player_team, player_country) VALUES (133, 'Midfielder', 110, 0, 0, 0, 9, 1);
INSERT INTO person (person_name) VALUES ('Callum Wilson');
INSERT INTO player (person_id, player_position, minutes_played, player_goals, player_yellow_cards, player_red_cards, player_team, player_country) VALUES (134, 'Forward', 2535, 14, 3, 0, 3, 1);
INSERT INTO person (person_name) VALUES ('Calum Chambers');
INSERT INTO player (person_id, player_position, minutes_played, player_goals, player_yellow_cards, player_red_cards, player_team, player_country) VALUES (135, 'Defender', 2587, 2, 9, 0, 4, 1);
INSERT INTO person (person_name) VALUES ('Cameron John');
INSERT INTO player (person_id, player_position, minutes_played, player_goals, player_yellow_cards, player_red_cards, player_team, player_country) VALUES (136, 'Defender', 0, 0, 0, 0, 7, 1);
INSERT INTO person (person_name) VALUES ('Carl Jenkinson');
INSERT INTO player (person_id, player_position, minutes_played, player_goals, player_yellow_cards, player_red_cards, player_team, player_country) VALUES (137, 'Defender', 166, 0, 0, 0, 10, 1);
INSERT INTO person (person_name) VALUES ('Carlos Sánchez');
INSERT INTO player (person_id, player_position, minutes_played, player_goals, player_yellow_cards, player_red_cards, player_team, player_country) VALUES (138, 'Midfielder', 240, 0, 0, 0, 15, 32);
INSERT INTO person (person_name) VALUES ('Cedric Soares');
INSERT INTO player (person_id, player_position, minutes_played, player_goals, player_yellow_cards, player_red_cards, player_team, player_country) VALUES (139, 'Defender', 1494, 1, 4, 0, 9, 10);
INSERT INTO person (person_name) VALUES ('Cenk Tosun');
INSERT INTO player (person_id, player_position, minutes_played, player_goals, player_yellow_cards, player_red_cards, player_team, player_country) VALUES (140, 'Forward', 1050, 3, 3, 0, 12, 31);
INSERT INTO person (person_name) VALUES ('Cesar Azpilicueta');
INSERT INTO player (person_id, player_position, minutes_played, player_goals, player_yellow_cards, player_red_cards, player_team, player_country) VALUES (141, 'Defender', 3403, 1, 4, 0, 16, 8);
INSERT INTO person (person_name) VALUES ('Cesc Fabregas');
INSERT INTO player (person_id, player_position, minutes_played, player_goals, player_yellow_cards, player_red_cards, player_team, player_country) VALUES (142, 'Midfielder', 175, 0, 1, 0, 16, 8);
INSERT INTO person (person_name) VALUES ('Charlie Austin');
INSERT INTO player (person_id, player_position, minutes_played, player_goals, player_yellow_cards, player_red_cards, player_team, player_country) VALUES (143, 'Forward', 980, 2, 1, 0, 9, 1);
INSERT INTO person (person_name) VALUES ('Charlie Daniels');
INSERT INTO player (person_id, player_position, minutes_played, player_goals, player_yellow_cards, player_red_cards, player_team, player_country) VALUES (144, 'Defender', 1583, 1, 4, 0, 3, 1);
INSERT INTO person (person_name) VALUES ('Charlie Taylor');
INSERT INTO player (person_id, player_position, minutes_played, player_goals, player_yellow_cards, player_red_cards, player_team, player_country) VALUES (145, 'Defender', 3240, 0, 2, 0, 17, 1);
INSERT INTO person (person_name) VALUES ('Cheikhou Kouyaté');
INSERT INTO player (person_id, player_position, minutes_played, player_goals, player_yellow_cards, player_red_cards, player_team, player_country) VALUES (146, 'Midfielder', 1897, 0, 3, 0, 20, 33);
INSERT INTO person (person_name) VALUES ('Chris Löwe');
INSERT INTO player (person_id, player_position, minutes_played, player_goals, player_yellow_cards, player_red_cards, player_team, player_country) VALUES (147, 'Defender', 2056, 0, 2, 0, 5, 17);
INSERT INTO person (person_name) VALUES ('Chris Mepham');
INSERT INTO player (person_id, player_position, minutes_played, player_goals, player_yellow_cards, player_red_cards, player_team, player_country) VALUES (148, 'Defender', 849, 0, 1, 0, 3, 2);
INSERT INTO person (person_name) VALUES ('Chris Smalling');
INSERT INTO player (person_id, player_position, minutes_played, player_goals, player_yellow_cards, player_red_cards, player_team, player_country) VALUES (149, 'Defender', 2128, 1, 1, 0, 1, 1);
INSERT INTO person (person_name) VALUES ('Chris Wood');
INSERT INTO player (person_id, player_position, minutes_played, player_goals, player_yellow_cards, player_red_cards, player_team, player_country) VALUES (150, 'Forward', 2582, 10, 2, 0, 17, 34);
INSERT INTO person (person_name) VALUES ('Christian Atsu Twasam');
INSERT INTO player (person_id, player_position, minutes_played, player_goals, player_yellow_cards, player_red_cards, player_team, player_country) VALUES (151, 'Midfielder', 1487, 1, 2, 0, 2, 35);
INSERT INTO person (person_name) VALUES ('Christian Benteke');
INSERT INTO player (person_id, player_position, minutes_played, player_goals, player_yellow_cards, player_red_cards, player_team, player_country) VALUES (152, 'Forward', 813, 1, 1, 0, 20, 36);
INSERT INTO person (person_name) VALUES ('Christian Eriksen');
INSERT INTO player (person_id, player_position, minutes_played, player_goals, player_yellow_cards, player_red_cards, player_team, player_country) VALUES (153, 'Midfielder', 2772, 8, 3, 0, 14, 19);
INSERT INTO person (person_name) VALUES ('Christian Fuchs');
INSERT INTO player (person_id, player_position, minutes_played, player_goals, player_yellow_cards, player_red_cards, player_team, player_country) VALUES (154, 'Defender', 206, 0, 0, 0, 13, 37);
INSERT INTO person (person_name) VALUES ('Christian Kabasele');
INSERT INTO player (person_id, player_position, minutes_played, player_goals, player_yellow_cards, player_red_cards, player_team, player_country) VALUES (155, 'Defender', 1587, 0, 4, 1, 6, 36);
INSERT INTO person (person_name) VALUES ('Christopher Schindler');
INSERT INTO player (person_id, player_position, minutes_played, player_goals, player_yellow_cards, player_red_cards, player_team, player_country) VALUES (156, 'Defender', 3262, 1, 6, 1, 5, 17);
INSERT INTO person (person_name) VALUES ('Ciaran Clark');
INSERT INTO player (person_id, player_position, minutes_played, player_goals, player_yellow_cards, player_red_cards, player_team, player_country) VALUES (157, 'Defender', 857, 3, 1, 0, 2, 29);
INSERT INTO person (person_name) VALUES ('Claudio Bravo');
INSERT INTO player (person_id, player_position, minutes_played, player_goals, player_yellow_cards, player_red_cards, player_team, player_country) VALUES (158, 'Goalkeeper', 0, 0, 0, 0, 18, 14);
INSERT INTO person (person_name) VALUES ('Collin Quaner');
INSERT INTO player (person_id, player_position, minutes_played, player_goals, player_yellow_cards, player_red_cards, player_team, player_country) VALUES (159, 'Forward', 37, 0, 0, 0, 5, 17);
INSERT INTO person (person_name) VALUES ('Connor Wickham');
INSERT INTO player (person_id, player_position, minutes_played, player_goals, player_yellow_cards, player_red_cards, player_team, player_country) VALUES (160, 'Forward', 61, 0, 0, 0, 20, 1);
INSERT INTO person (person_name) VALUES ('Conor Coady');
INSERT INTO player (person_id, player_position, minutes_played, player_goals, player_yellow_cards, player_red_cards, player_team, player_country) VALUES (161, 'Midfielder', 3420, 0, 5, 0, 7, 1);
INSERT INTO person (person_name) VALUES ('Conor Coventry');
INSERT INTO player (person_id, player_position, minutes_played, player_goals, player_yellow_cards, player_red_cards, player_team, player_country) VALUES (162, 'Midfielder', 0, 0, 0, 0, 15, 29);
INSERT INTO person (person_name) VALUES ('Craig Cathcart');
INSERT INTO player (person_id, player_position, minutes_played, player_goals, player_yellow_cards, player_red_cards, player_team, player_country) VALUES (163, 'Defender', 3099, 3, 2, 0, 6, 38);
INSERT INTO person (person_name) VALUES ('Curtis Jones');
INSERT INTO player (person_id, player_position, minutes_played, player_goals, player_yellow_cards, player_red_cards, player_team, player_country) VALUES (164, 'Midfielder', 0, 0, 0, 0, 8, 1);
INSERT INTO person (person_name) VALUES ('Cyrus Christie');
INSERT INTO player (person_id, player_position, minutes_played, player_goals, player_yellow_cards, player_red_cards, player_team, player_country) VALUES (165, 'Defender', 1943, 0, 7, 0, 4, 29);
INSERT INTO person (person_name) VALUES ('Dale Stephens');
INSERT INTO player (person_id, player_position, minutes_played, player_goals, player_yellow_cards, player_red_cards, player_team, player_country) VALUES (166, 'Midfielder', 2487, 1, 7, 1, 19, 1);
INSERT INTO person (person_name) VALUES ('Dan Burn');
INSERT INTO player (person_id, player_position, minutes_played, player_goals, player_yellow_cards, player_red_cards, player_team, player_country) VALUES (167, 'Defender', 0, 0, 0, 0, 19, 1);
INSERT INTO person (person_name) VALUES ('Dan Gosling');
INSERT INTO player (person_id, player_position, minutes_played, player_goals, player_yellow_cards, player_red_cards, player_team, player_country) VALUES (168, 'Midfielder', 1737, 2, 8, 0, 3, 1);
INSERT INTO person (person_name) VALUES ('Daniel Amartey');
INSERT INTO player (person_id, player_position, minutes_played, player_goals, player_yellow_cards, player_red_cards, player_team, player_country) VALUES (169, 'Midfielder', 640, 0, 2, 0, 13, 35);
INSERT INTO person (person_name) VALUES ('Daniel Sturridge');
INSERT INTO player (person_id, player_position, minutes_played, player_goals, player_yellow_cards, player_red_cards, player_team, player_country) VALUES (170, 'Forward', 496, 2, 1, 0, 8, 1);
INSERT INTO person (person_name) VALUES ('Daniel Williams');
INSERT INTO player (person_id, player_position, minutes_played, player_goals, player_yellow_cards, player_red_cards, player_team, player_country) VALUES (171, 'Midfielder', 93, 0, 1, 0, 5, 39);
INSERT INTO person (person_name) VALUES ('Danilo');
INSERT INTO player (person_id, player_position, minutes_played, player_goals, player_yellow_cards, player_red_cards, player_team, player_country) VALUES (172, 'Defender', 806, 1, 1, 0, 18, 16);
INSERT INTO person (person_name) VALUES ('Danny Drinkwater');
INSERT INTO player (person_id, player_position, minutes_played, player_goals, player_yellow_cards, player_red_cards, player_team, player_country) VALUES (173, 'Midfielder', 0, 0, 0, 0, 16, 1);
INSERT INTO person (person_name) VALUES ('Danny Ings');
INSERT INTO player (person_id, player_position, minutes_played, player_goals, player_yellow_cards, player_red_cards, player_team, player_country) VALUES (174, 'Forward', 1668, 7, 1, 0, 9, 1);
INSERT INTO person (person_name) VALUES ('Danny Rose');
INSERT INTO player (person_id, player_position, minutes_played, player_goals, player_yellow_cards, player_red_cards, player_team, player_country) VALUES (175, 'Defender', 1806, 0, 5, 0, 14, 1);
INSERT INTO person (person_name) VALUES ('Danny Simpson');
INSERT INTO player (person_id, player_position, minutes_played, player_goals, player_yellow_cards, player_red_cards, player_team, player_country) VALUES (176, 'Defender', 291, 0, 0, 0, 13, 1);
INSERT INTO person (person_name) VALUES ('Danny Ward');
INSERT INTO player (person_id, player_position, minutes_played, player_goals, player_yellow_cards, player_red_cards, player_team, player_country) VALUES (177, 'Goalkeeper', 0, 0, 0, 0, 13, 2);
INSERT INTO person (person_name) VALUES ('Danny Ward');
INSERT INTO player (person_id, player_position, minutes_played, player_goals, player_yellow_cards, player_red_cards, player_team, player_country) VALUES (178, 'Forward', 440, 1, 0, 0, 11, 1);
INSERT INTO person (person_name) VALUES ('Danny Welbeck');
INSERT INTO player (person_id, player_position, minutes_played, player_goals, player_yellow_cards, player_red_cards, player_team, player_country) VALUES (179, 'Forward', 147, 1, 0, 0, 10, 1);
INSERT INTO person (person_name) VALUES ('Daryl Janmaat');
INSERT INTO player (person_id, player_position, minutes_played, player_goals, player_yellow_cards, player_red_cards, player_team, player_country) VALUES (180, 'Defender', 1521, 0, 3, 0, 6, 40);
INSERT INTO person (person_name) VALUES ('David Brooks');
INSERT INTO player (person_id, player_position, minutes_played, player_goals, player_yellow_cards, player_red_cards, player_team, player_country) VALUES (181, 'Forward', 2278, 7, 3, 0, 3, 1);
INSERT INTO person (person_name) VALUES ('David Button');
INSERT INTO player (person_id, player_position, minutes_played, player_goals, player_yellow_cards, player_red_cards, player_team, player_country) VALUES (182, 'Goalkeeper', 360, 0, 0, 0, 19, 1);
INSERT INTO person (person_name) VALUES ('David de Gea');
INSERT INTO player (person_id, player_position, minutes_played, player_goals, player_yellow_cards, player_red_cards, player_team, player_country) VALUES (183, 'Goalkeeper', 3420, 0, 1, 0, 1, 8);
INSERT INTO person (person_name) VALUES ('David Junior Hoilett');
INSERT INTO player (person_id, player_position, minutes_played, player_goals, player_yellow_cards, player_red_cards, player_team, player_country) VALUES (184, 'Forward', 2142, 3, 4, 0, 11, 41);
INSERT INTO person (person_name) VALUES ('David Luiz');
INSERT INTO player (person_id, player_position, minutes_played, player_goals, player_yellow_cards, player_red_cards, player_team, player_country) VALUES (185, 'Defender', 3239, 3, 3, 0, 16, 16);
INSERT INTO person (person_name) VALUES ('David Silva');
INSERT INTO player (person_id, player_position, minutes_played, player_goals, player_yellow_cards, player_red_cards, player_team, player_country) VALUES (186, 'Midfielder', 2411, 6, 3, 0, 18, 8);
INSERT INTO person (person_name) VALUES ('Davide Zappacosta');
INSERT INTO player (person_id, player_position, minutes_played, player_goals, player_yellow_cards, player_red_cards, player_team, player_country) VALUES (187, 'Defender', 125, 0, 0, 0, 16, 7);
INSERT INTO person (person_name) VALUES ('Davinson Sánchez');
INSERT INTO player (person_id, player_position, minutes_played, player_goals, player_yellow_cards, player_red_cards, player_team, player_country) VALUES (188, 'Defender', 1943, 1, 2, 0, 14, 32);
INSERT INTO person (person_name) VALUES ('Davy Pröpper');
INSERT INTO player (person_id, player_position, minutes_played, player_goals, player_yellow_cards, player_red_cards, player_team, player_country) VALUES (189, 'Midfielder', 2551, 1, 2, 0, 19, 40);
INSERT INTO person (person_name) VALUES ('DeAndre Yedlin');
INSERT INTO player (person_id, player_position, minutes_played, player_goals, player_yellow_cards, player_red_cards, player_team, player_country) VALUES (190, 'Defender', 2475, 1, 7, 1, 2, 39);
INSERT INTO person (person_name) VALUES ('Declan Rice');
INSERT INTO player (person_id, player_position, minutes_played, player_goals, player_yellow_cards, player_red_cards, player_team, player_country) VALUES (191, 'Midfielder', 3005, 2, 4, 0, 15, 29);
INSERT INTO person (person_name) VALUES ('Dejan Lovren');
INSERT INTO player (person_id, player_position, minutes_played, player_goals, player_yellow_cards, player_red_cards, player_team, player_country) VALUES (192, 'Defender', 985, 1, 1, 0, 8, 42);
INSERT INTO person (person_name) VALUES ('Dele Alli');
INSERT INTO player (person_id, player_position, minutes_played, player_goals, player_yellow_cards, player_red_cards, player_team, player_country) VALUES (193, 'Midfielder', 1827, 5, 4, 0, 14, 1);
INSERT INTO person (person_name) VALUES ('Demarai Gray');
INSERT INTO player (person_id, player_position, minutes_played, player_goals, player_yellow_cards, player_red_cards, player_team, player_country) VALUES (194, 'Midfielder', 1992, 4, 2, 0, 13, 1);
INSERT INTO person (person_name) VALUES ('Demeaco Duhaney');
INSERT INTO player (person_id, player_position, minutes_played, player_goals, player_yellow_cards, player_red_cards, player_team, player_country) VALUES (195, 'Defender', 46, 0, 0, 0, 5, 1);
INSERT INTO person (person_name) VALUES ('Denis Odoi');
INSERT INTO player (person_id, player_position, minutes_played, player_goals, player_yellow_cards, player_red_cards, player_team, player_country) VALUES (196, 'Defender', 2593, 0, 4, 0, 4, 36);
INSERT INTO person (person_name) VALUES ('Denis Suárez');
INSERT INTO player (person_id, player_position, minutes_played, player_goals, player_yellow_cards, player_red_cards, player_team, player_country) VALUES (197, 'Midfielder', 67, 0, 0, 0, 10, 8);
INSERT INTO person (person_name) VALUES ('Diego Rico');
INSERT INTO player (person_id, player_position, minutes_played, player_goals, player_yellow_cards, player_red_cards, player_team, player_country) VALUES (198, 'Defender', 607, 0, 1, 0, 3, 8);
INSERT INTO person (person_name) VALUES ('Diogo Dalot');
INSERT INTO player (person_id, player_position, minutes_played, player_goals, player_yellow_cards, player_red_cards, player_team, player_country) VALUES (199, 'Defender', 1015, 0, 3, 0, 1, 10);
INSERT INTO person (person_name) VALUES ('Diogo José Teixeira da Silva');
INSERT INTO player (person_id, player_position, minutes_played, player_goals, player_yellow_cards, player_red_cards, player_team, player_country) VALUES (200, 'Midfielder', 2371, 9, 11, 0, 7, 10);
INSERT INTO person (person_name) VALUES ('Divock Origi');
INSERT INTO player (person_id, player_position, minutes_played, player_goals, player_yellow_cards, player_red_cards, player_team, player_country) VALUES (201, 'Forward', 366, 3, 0, 0, 8, 36);
INSERT INTO person (person_name) VALUES ('Domingos Quina');
INSERT INTO player (person_id, player_position, minutes_played, player_goals, player_yellow_cards, player_red_cards, player_team, player_country) VALUES (202, 'Midfielder', 335, 1, 0, 0, 6, 10);
INSERT INTO person (person_name) VALUES ('Dominic Calvert-Lewin');
INSERT INTO player (person_id, player_position, minutes_played, player_goals, player_yellow_cards, player_red_cards, player_team, player_country) VALUES (203, 'Forward', 1774, 6, 3, 0, 12, 1);
INSERT INTO person (person_name) VALUES ('Dominic Solanke');
INSERT INTO player (person_id, player_position, minutes_played, player_goals, player_yellow_cards, player_red_cards, player_team, player_country) VALUES (204, 'Forward', 341, 0, 0, 0, 3, 1);
INSERT INTO person (person_name) VALUES ('Dwight McNeil');
INSERT INTO player (person_id, player_position, minutes_played, player_goals, player_yellow_cards, player_red_cards, player_team, player_country) VALUES (205, 'Forward', 1599, 3, 2, 0, 17, 1);
INSERT INTO person (person_name) VALUES ('Eden Hazard');
INSERT INTO player (person_id, player_position, minutes_played, player_goals, player_yellow_cards, player_red_cards, player_team, player_country) VALUES (206, 'Midfielder', 2926, 16, 2, 0, 16, 36);
INSERT INTO person (person_name) VALUES ('Ederson');
INSERT INTO player (person_id, player_position, minutes_played, player_goals, player_yellow_cards, player_red_cards, player_team, player_country) VALUES (207, 'Goalkeeper', 3420, 0, 2, 0, 18, 16);
INSERT INTO person (person_name) VALUES ('Edward Nketiah');
INSERT INTO player (person_id, player_position, minutes_played, player_goals, player_yellow_cards, player_red_cards, player_team, player_country) VALUES (208, 'Forward', 62, 1, 0, 0, 10, 1);
INSERT INTO person (person_name) VALUES ('Elias Kachunga');
INSERT INTO player (person_id, player_position, minutes_played, player_goals, player_yellow_cards, player_red_cards, player_team, player_country) VALUES (209, 'Forward', 1181, 0, 2, 0, 5, 43);
INSERT INTO person (person_name) VALUES ('Emerson Hyndman');
INSERT INTO player (person_id, player_position, minutes_played, player_goals, player_yellow_cards, player_red_cards, player_team, player_country) VALUES (210, 'Midfielder', 37, 0, 0, 0, 3, 39);
INSERT INTO person (person_name) VALUES ('Emerson Palmieri');
INSERT INTO player (person_id, player_position, minutes_played, player_goals, player_yellow_cards, player_red_cards, player_team, player_country) VALUES (211, 'Defender', 660, 0, 0, 0, 16, 7);
INSERT INTO person (person_name) VALUES ('Emile Smith Rowe');
INSERT INTO player (person_id, player_position, minutes_played, player_goals, player_yellow_cards, player_red_cards, player_team, player_country) VALUES (212, 'Midfielder', 0, 0, 0, 0, 10, 1);
INSERT INTO person (person_name) VALUES ('Emiliano Martínez');
INSERT INTO player (person_id, player_position, minutes_played, player_goals, player_yellow_cards, player_red_cards, player_team, player_country) VALUES (213, 'Goalkeeper', 0, 0, 0, 0, 10, 44);
INSERT INTO person (person_name) VALUES ('Eric Bailly');
INSERT INTO player (person_id, player_position, minutes_played, player_goals, player_yellow_cards, player_red_cards, player_team, player_country) VALUES (214, 'Defender', 637, 0, 1, 1, 1, 45);
INSERT INTO person (person_name) VALUES ('Eric Dier');
INSERT INTO player (person_id, player_position, minutes_played, player_goals, player_yellow_cards, player_red_cards, player_team, player_country) VALUES (215, 'Midfielder', 1510, 3, 4, 0, 14, 1);
INSERT INTO person (person_name) VALUES ('Erik Durm');
INSERT INTO player (person_id, player_position, minutes_played, player_goals, player_yellow_cards, player_red_cards, player_team, player_country) VALUES (216, 'Defender', 2052, 0, 0, 0, 5, 17);
INSERT INTO person (person_name) VALUES ('Erik Lamela');
INSERT INTO player (person_id, player_position, minutes_played, player_goals, player_yellow_cards, player_red_cards, player_team, player_country) VALUES (217, 'Midfielder', 971, 4, 2, 0, 14, 44);
INSERT INTO person (person_name) VALUES ('Ethan Ampadu');
INSERT INTO player (person_id, player_position, minutes_played, player_goals, player_yellow_cards, player_red_cards, player_team, player_country) VALUES (218, 'Midfielder', 0, 0, 0, 0, 16, 2);
INSERT INTO person (person_name) VALUES ('Étienne Capoue');
INSERT INTO player (person_id, player_position, minutes_played, player_goals, player_yellow_cards, player_red_cards, player_team, player_country) VALUES (219, 'Midfielder', 2947, 1, 15, 1, 6, 5);
INSERT INTO person (person_name) VALUES ('Fabián Balbuena');
INSERT INTO player (person_id, player_position, minutes_played, player_goals, player_yellow_cards, player_red_cards, player_team, player_country) VALUES (220, 'Defender', 2014, 1, 2, 0, 15, 46);
INSERT INTO person (person_name) VALUES ('Fabian Delph');
INSERT INTO player (person_id, player_position, minutes_played, player_goals, player_yellow_cards, player_red_cards, player_team, player_country) VALUES (221, 'Midfielder', 725, 0, 2, 1, 18, 1);
INSERT INTO person (person_name) VALUES ('Fabian Schär');
INSERT INTO player (person_id, player_position, minutes_played, player_goals, player_yellow_cards, player_red_cards, player_team, player_country) VALUES (222, 'Defender', 2002, 4, 12, 0, 2, 47);
INSERT INTO person (person_name) VALUES ('Fabinho');
INSERT INTO player (person_id, player_position, minutes_played, player_goals, player_yellow_cards, player_red_cards, player_team, player_country) VALUES (223, 'Midfielder', 2013, 1, 6, 0, 8, 16);
INSERT INTO person (person_name) VALUES ('Fabricio Martín Agosto Ramírez');
INSERT INTO player (person_id, player_position, minutes_played, player_goals, player_yellow_cards, player_red_cards, player_team, player_country) VALUES (224, 'Goalkeeper', 180, 0, 0, 0, 4, 8);
INSERT INTO person (person_name) VALUES ('Faustino Marcos Alberto Rojo');
INSERT INTO player (person_id, player_position, minutes_played, player_goals, player_yellow_cards, player_red_cards, player_team, player_country) VALUES (225, 'Defender', 211, 0, 2, 0, 1, 44);
INSERT INTO person (person_name) VALUES ('Federico Fernández');
INSERT INTO player (person_id, player_position, minutes_played, player_goals, player_yellow_cards, player_red_cards, player_team, player_country) VALUES (226, 'Defender', 1484, 0, 2, 0, 2, 44);
INSERT INTO person (person_name) VALUES ('Felipe Anderson');
INSERT INTO player (person_id, player_position, minutes_played, player_goals, player_yellow_cards, player_red_cards, player_team, player_country) VALUES (227, 'Midfielder', 3054, 9, 3, 0, 15, 16);
INSERT INTO person (person_name) VALUES ('Fernandinho');
INSERT INTO player (person_id, player_position, minutes_played, player_goals, player_yellow_cards, player_red_cards, player_team, player_country) VALUES (228, 'Midfielder', 2381, 1, 5, 0, 18, 16);
INSERT INTO person (person_name) VALUES ('Fernando Llorente Torres');
INSERT INTO player (person_id, player_position, minutes_played, player_goals, player_yellow_cards, player_red_cards, player_team, player_country) VALUES (229, 'Forward', 683, 1, 2, 0, 14, 8);
INSERT INTO person (person_name) VALUES ('Florent Hadergjonaj');
INSERT INTO player (person_id, player_position, minutes_played, player_goals, player_yellow_cards, player_red_cards, player_team, player_country) VALUES (230, 'Defender', 1840, 0, 1, 0, 5, 47);
INSERT INTO person (person_name) VALUES ('Florian Lejeune');
INSERT INTO player (person_id, player_position, minutes_played, player_goals, player_yellow_cards, player_red_cards, player_team, player_country) VALUES (231, 'Defender', 1055, 0, 0, 0, 2, 5);
INSERT INTO person (person_name) VALUES ('Florin Andone');
INSERT INTO player (person_id, player_position, minutes_played, player_goals, player_yellow_cards, player_red_cards, player_team, player_country) VALUES (232, 'Forward', 874, 3, 5, 0, 19, 48);
INSERT INTO person (person_name) VALUES ('Floyd Ayité');
INSERT INTO player (person_id, player_position, minutes_played, player_goals, player_yellow_cards, player_red_cards, player_team, player_country) VALUES (233, 'Midfielder', 465, 1, 0, 0, 4, 49);
INSERT INTO person (person_name) VALUES ('Fousseni Diabaté');
INSERT INTO player (person_id, player_position, minutes_played, player_goals, player_yellow_cards, player_red_cards, player_team, player_country) VALUES (234, 'Midfielder', 55, 0, 0, 0, 13, 27);
INSERT INTO person (person_name) VALUES ('Fraser Forster');
INSERT INTO player (person_id, player_position, minutes_played, player_goals, player_yellow_cards, player_red_cards, player_team, player_country) VALUES (235, 'Goalkeeper', 90, 0, 0, 0, 9, 1);
INSERT INTO person (person_name) VALUES ('Fred');
INSERT INTO player (person_id, player_position, minutes_played, player_goals, player_yellow_cards, player_red_cards, player_team, player_country) VALUES (236, 'Midfielder', 1045, 1, 2, 0, 1, 16);
INSERT INTO person (person_name) VALUES ('Freddie Woodman');
INSERT INTO player (person_id, player_position, minutes_played, player_goals, player_yellow_cards, player_red_cards, player_team, player_country) VALUES (237, 'Goalkeeper', 0, 0, 0, 0, 2, 1);
INSERT INTO person (person_name) VALUES ('Gabriel Jesus');
INSERT INTO player (person_id, player_position, minutes_played, player_goals, player_yellow_cards, player_red_cards, player_team, player_country) VALUES (238, 'Forward', 1019, 7, 1, 0, 18, 16);
INSERT INTO person (person_name) VALUES ('Gaëtan Bong Songo');
INSERT INTO player (person_id, player_position, minutes_played, player_goals, player_yellow_cards, player_red_cards, player_team, player_country) VALUES (239, 'Defender', 1805, 0, 0, 0, 19, 18);
INSERT INTO person (person_name) VALUES ('Gary Cahill');
INSERT INTO player (person_id, player_position, minutes_played, player_goals, player_yellow_cards, player_red_cards, player_team, player_country) VALUES (240, 'Defender', 22, 0, 0, 0, 16, 1);
INSERT INTO person (person_name) VALUES ('Gary Madine');
INSERT INTO player (person_id, player_position, minutes_played, player_goals, player_yellow_cards, player_red_cards, player_team, player_country) VALUES (241, 'Forward', 32, 0, 0, 0, 11, 1);
INSERT INTO person (person_name) VALUES ('George Marsh');
INSERT INTO player (person_id, player_position, minutes_played, player_goals, player_yellow_cards, player_red_cards, player_team, player_country) VALUES (242, 'Midfielder', 0, 0, 0, 0, 14, 1);
INSERT INTO person (person_name) VALUES ('Georges-Kevin NKoudou Mbida');
INSERT INTO player (person_id, player_position, minutes_played, player_goals, player_yellow_cards, player_red_cards, player_team, player_country) VALUES (243, 'Forward', 4, 0, 0, 0, 14, 5);
INSERT INTO person (person_name) VALUES ('Georginio Wijnaldum');
INSERT INTO player (person_id, player_position, minutes_played, player_goals, player_yellow_cards, player_red_cards, player_team, player_country) VALUES (244, 'Midfielder', 2735, 3, 3, 0, 8, 40);
INSERT INTO person (person_name) VALUES ('Gerard Deulofeu');
INSERT INTO player (person_id, player_position, minutes_played, player_goals, player_yellow_cards, player_red_cards, player_team, player_country) VALUES (245, 'Forward', 2082, 10, 3, 0, 6, 8);
INSERT INTO person (person_name) VALUES ('Glenn Murray');
INSERT INTO player (person_id, player_position, minutes_played, player_goals, player_yellow_cards, player_red_cards, player_team, player_country) VALUES (246, 'Forward', 2513, 13, 5, 0, 19, 1);
INSERT INTO person (person_name) VALUES ('Gonzalo Higuain');
INSERT INTO player (person_id, player_position, minutes_played, player_goals, player_yellow_cards, player_red_cards, player_team, player_country) VALUES (247, 'Forward', 1092, 5, 0, 0, 16, 44);
INSERT INTO person (person_name) VALUES ('Grady Diangana');
INSERT INTO player (person_id, player_position, minutes_played, player_goals, player_yellow_cards, player_red_cards, player_team, player_country) VALUES (248, 'Midfielder', 604, 0, 0, 0, 15, 1);
INSERT INTO person (person_name) VALUES ('Granit Xhaka');
INSERT INTO player (person_id, player_position, minutes_played, player_goals, player_yellow_cards, player_red_cards, player_team, player_country) VALUES (249, 'Midfielder', 2502, 4, 10, 0, 10, 47);
INSERT INTO person (person_name) VALUES ('Greg Cunningham');
INSERT INTO player (person_id, player_position, minutes_played, player_goals, player_yellow_cards, player_red_cards, player_team, player_country) VALUES (250, 'Defender', 630, 0, 3, 0, 11, 29);
INSERT INTO person (person_name) VALUES ('Gylfi Sigurdsson');
INSERT INTO player (person_id, player_position, minutes_played, player_goals, player_yellow_cards, player_red_cards, player_team, player_country) VALUES (251, 'Midfielder', 3134, 13, 3, 0, 12, 24);
INSERT INTO person (person_name) VALUES ('Hamza Choudhury');
INSERT INTO player (person_id, player_position, minutes_played, player_goals, player_yellow_cards, player_red_cards, player_team, player_country) VALUES (252, 'Midfielder', 596, 0, 0, 0, 13, 1);
INSERT INTO person (person_name) VALUES ('Harry Arter');
INSERT INTO player (person_id, player_position, minutes_played, player_goals, player_yellow_cards, player_red_cards, player_team, player_country) VALUES (253, 'Midfielder', 2008, 0, 10, 0, 11, 29);
INSERT INTO person (person_name) VALUES ('Harry Kane');
INSERT INTO player (person_id, player_position, minutes_played, player_goals, player_yellow_cards, player_red_cards, player_team, player_country) VALUES (254, 'Forward', 2427, 17, 5, 0, 14, 1);
INSERT INTO person (person_name) VALUES ('Harry Maguire');
INSERT INTO player (person_id, player_position, minutes_played, player_goals, player_yellow_cards, player_red_cards, player_team, player_country) VALUES (255, 'Defender', 2599, 3, 7, 1, 13, 1);
INSERT INTO person (person_name) VALUES ('Harry Winks');
INSERT INTO player (person_id, player_position, minutes_played, player_goals, player_yellow_cards, player_red_cards, player_team, player_country) VALUES (256, 'Midfielder', 1591, 1, 4, 0, 14, 1);
INSERT INTO person (person_name) VALUES ('Harvey Barnes');
INSERT INTO player (person_id, player_position, minutes_played, player_goals, player_yellow_cards, player_red_cards, player_team, player_country) VALUES (257, 'Midfielder', 1007, 1, 0, 0, 13, 1);
INSERT INTO person (person_name) VALUES ('Håvard Nordtveit');
INSERT INTO player (person_id, player_position, minutes_played, player_goals, player_yellow_cards, player_red_cards, player_team, player_country) VALUES (258, 'Midfielder', 361, 0, 0, 0, 4, 13);
INSERT INTO person (person_name) VALUES ('Hector Bellerin');
INSERT INTO player (person_id, player_position, minutes_played, player_goals, player_yellow_cards, player_red_cards, player_team, player_country) VALUES (259, 'Defender', 1535, 0, 3, 0, 10, 8);
INSERT INTO person (person_name) VALUES ('Hélder Wander Sousa Azevedo Costa');
INSERT INTO player (person_id, player_position, minutes_played, player_goals, player_yellow_cards, player_red_cards, player_team, player_country) VALUES (260, 'Midfielder', 1345, 1, 3, 0, 7, 10);
INSERT INTO person (person_name) VALUES ('Henrikh Mkhitaryan');
INSERT INTO player (person_id, player_position, minutes_played, player_goals, player_yellow_cards, player_red_cards, player_team, player_country) VALUES (261, 'Midfielder', 1643, 6, 1, 0, 10, 50);
INSERT INTO person (person_name) VALUES ('Heung-Min Son');
INSERT INTO player (person_id, player_position, minutes_played, player_goals, player_yellow_cards, player_red_cards, player_team, player_country) VALUES (262, 'Forward', 2048, 12, 3, 1, 14, 51);
INSERT INTO person (person_name) VALUES ('Heurelho da Silva Gomes');
INSERT INTO player (person_id, player_position, minutes_played, player_goals, player_yellow_cards, player_red_cards, player_team, player_country) VALUES (263, 'Goalkeeper', 0, 0, 0, 0, 6, 16);
INSERT INTO person (person_name) VALUES ('Hugo Lloris');
INSERT INTO player (person_id, player_position, minutes_played, player_goals, player_yellow_cards, player_red_cards, player_team, player_country) VALUES (264, 'Goalkeeper', 2970, 0, 0, 0, 14, 5);
INSERT INTO person (person_name) VALUES ('Ibrahima Cissé');
INSERT INTO player (person_id, player_position, minutes_played, player_goals, player_yellow_cards, player_red_cards, player_team, player_country) VALUES (265, 'Midfielder', 87, 0, 0, 0, 4, 36);
INSERT INTO person (person_name) VALUES ('Idrissa Gueye');
INSERT INTO player (person_id, player_position, minutes_played, player_goals, player_yellow_cards, player_red_cards, player_team, player_country) VALUES (266, 'Midfielder', 2825, 0, 6, 0, 12, 33);
INSERT INTO person (person_name) VALUES ('İlkay Gündoğan');
INSERT INTO player (person_id, player_position, minutes_played, player_goals, player_yellow_cards, player_red_cards, player_team, player_country) VALUES (267, 'Midfielder', 2135, 6, 3, 0, 18, 17);
INSERT INTO person (person_name) VALUES ('Isaac Hayden');
INSERT INTO player (person_id, player_position, minutes_played, player_goals, player_yellow_cards, player_red_cards, player_team, player_country) VALUES (268, 'Midfielder', 1886, 1, 4, 1, 2, 1);
INSERT INTO person (person_name) VALUES ('Isaac Mbenza');
INSERT INTO player (person_id, player_position, minutes_played, player_goals, player_yellow_cards, player_red_cards, player_team, player_country) VALUES (269, 'Forward', 981, 1, 1, 0, 5, 36);
INSERT INTO person (person_name) VALUES ('Isaac Success');
INSERT INTO player (person_id, player_position, minutes_played, player_goals, player_yellow_cards, player_red_cards, player_team, player_country) VALUES (270, 'Forward', 1037, 1, 4, 0, 6, 12);
INSERT INTO person (person_name) VALUES ('Issa Diop');
INSERT INTO player (person_id, player_position, minutes_played, player_goals, player_yellow_cards, player_red_cards, player_team, player_country) VALUES (271, 'Defender', 2970, 1, 4, 0, 15, 5);
INSERT INTO person (person_name) VALUES ('Ivan Ricardo Neves Abreu Cavaleiro');
INSERT INTO player (person_id, player_position, minutes_played, player_goals, player_yellow_cards, player_red_cards, player_team, player_country) VALUES (272, 'Forward', 683, 3, 1, 0, 7, 10);
INSERT INTO person (person_name) VALUES ('Jack Cork');
INSERT INTO player (person_id, player_position, minutes_played, player_goals, player_yellow_cards, player_red_cards, player_team, player_country) VALUES (273, 'Midfielder', 3313, 1, 6, 0, 17, 1);
INSERT INTO person (person_name) VALUES ('Jack Simpson');
INSERT INTO player (person_id, player_position, minutes_played, player_goals, player_yellow_cards, player_red_cards, player_team, player_country) VALUES (274, 'Defender', 403, 0, 0, 0, 3, 1);
INSERT INTO person (person_name) VALUES ('Jack Stephens');
INSERT INTO player (person_id, player_position, minutes_played, player_goals, player_yellow_cards, player_red_cards, player_team, player_country) VALUES (275, 'Defender', 1697, 1, 4, 0, 9, 1);
INSERT INTO person (person_name) VALUES ('Jack Wilshere');
INSERT INTO player (person_id, player_position, minutes_played, player_goals, player_yellow_cards, player_red_cards, player_team, player_country) VALUES (276, 'Midfielder', 389, 0, 2, 0, 15, 1);
INSERT INTO person (person_name) VALUES ('Jacob Murphy');
INSERT INTO player (person_id, player_position, minutes_played, player_goals, player_yellow_cards, player_red_cards, player_team, player_country) VALUES (277, 'Midfielder', 300, 0, 0, 0, 2, 1);
INSERT INTO person (person_name) VALUES ('Jaïro Riedewald');
INSERT INTO player (person_id, player_position, minutes_played, player_goals, player_yellow_cards, player_red_cards, player_team, player_country) VALUES (278, 'Defender', 0, 0, 0, 0, 20, 40);
INSERT INTO person (person_name) VALUES ('Jamaal Lascelles');
INSERT INTO player (person_id, player_position, minutes_played, player_goals, player_yellow_cards, player_red_cards, player_team, player_country) VALUES (279, 'Defender', 2748, 0, 4, 0, 2, 1);
INSERT INTO person (person_name) VALUES ('James Garner');
INSERT INTO player (person_id, player_position, minutes_played, player_goals, player_yellow_cards, player_red_cards, player_team, player_country) VALUES (280, 'Defender', 0, 0, 0, 0, 1, 1);
INSERT INTO person (person_name) VALUES ('James Maddison');
INSERT INTO player (person_id, player_position, minutes_played, player_goals, player_yellow_cards, player_red_cards, player_team, player_country) VALUES (281, 'Midfielder', 2850, 7, 5, 1, 13, 1);
INSERT INTO person (person_name) VALUES ('James McArthur');
INSERT INTO player (person_id, player_position, minutes_played, player_goals, player_yellow_cards, player_red_cards, player_team, player_country) VALUES (282, 'Midfielder', 3071, 3, 7, 0, 20, 20);
INSERT INTO person (person_name) VALUES ('James McCarthy');
INSERT INTO player (person_id, player_position, minutes_played, player_goals, player_yellow_cards, player_red_cards, player_team, player_country) VALUES (283, 'Midfielder', 14, 0, 0, 0, 12, 29);
INSERT INTO person (person_name) VALUES ('James Milner');
INSERT INTO player (person_id, player_position, minutes_played, player_goals, player_yellow_cards, player_red_cards, player_team, player_country) VALUES (284, 'Midfielder', 1785, 5, 7, 1, 8, 1);
INSERT INTO person (person_name) VALUES ('James Tarkowski');
INSERT INTO player (person_id, player_position, minutes_played, player_goals, player_yellow_cards, player_red_cards, player_team, player_country) VALUES (285, 'Defender', 3087, 3, 8, 0, 17, 1);
INSERT INTO person (person_name) VALUES ('James Tomkins');
INSERT INTO player (person_id, player_position, minutes_played, player_goals, player_yellow_cards, player_red_cards, player_team, player_country) VALUES (286, 'Defender', 2563, 1, 6, 0, 20, 1);
INSERT INTO person (person_name) VALUES ('James Ward-Prowse');
INSERT INTO player (person_id, player_position, minutes_played, player_goals, player_yellow_cards, player_red_cards, player_team, player_country) VALUES (287, 'Midfielder', 1942, 7, 4, 0, 9, 1);
INSERT INTO person (person_name) VALUES ('Jamie Sterry');
INSERT INTO player (person_id, player_position, minutes_played, player_goals, player_yellow_cards, player_red_cards, player_team, player_country) VALUES (288, 'Defender', 0, 0, 0, 0, 2, 1);
INSERT INTO person (person_name) VALUES ('Jamie Vardy');
INSERT INTO player (person_id, player_position, minutes_played, player_goals, player_yellow_cards, player_red_cards, player_team, player_country) VALUES (289, 'Forward', 2735, 18, 4, 1, 13, 1);
INSERT INTO person (person_name) VALUES ('Jan Bednarek');
INSERT INTO player (person_id, player_position, minutes_played, player_goals, player_yellow_cards, player_red_cards, player_team, player_country) VALUES (290, 'Defender', 2151, 0, 7, 0, 9, 25);
INSERT INTO person (person_name) VALUES ('Jan Vertonghen');
INSERT INTO player (person_id, player_position, minutes_played, player_goals, player_yellow_cards, player_red_cards, player_team, player_country) VALUES (291, 'Defender', 1915, 1, 5, 1, 14, 36);
INSERT INTO person (person_name) VALUES ('Jannik Vestergaard');
INSERT INTO player (person_id, player_position, minutes_played, player_goals, player_yellow_cards, player_red_cards, player_team, player_country) VALUES (292, 'Defender', 2030, 0, 2, 0, 9, 19);
INSERT INTO person (person_name) VALUES ('Jason Puncheon');
INSERT INTO player (person_id, player_position, minutes_played, player_goals, player_yellow_cards, player_red_cards, player_team, player_country) VALUES (293, 'Midfielder', 391, 0, 1, 0, 5, 1);
INSERT INTO person (person_name) VALUES ('Jason Steele');
INSERT INTO player (person_id, player_position, minutes_played, player_goals, player_yellow_cards, player_red_cards, player_team, player_country) VALUES (294, 'Goalkeeper', 0, 0, 0, 0, 19, 1);
INSERT INTO person (person_name) VALUES ('Javier Hernandez');
INSERT INTO player (person_id, player_position, minutes_played, player_goals, player_yellow_cards, player_red_cards, player_team, player_country) VALUES (295, 'Forward', 1335, 7, 2, 0, 15, 52);
INSERT INTO person (person_name) VALUES ('Javier Manquillo');
INSERT INTO player (person_id, player_position, minutes_played, player_goals, player_yellow_cards, player_red_cards, player_team, player_country) VALUES (296, 'Defender', 1097, 0, 2, 0, 2, 8);
INSERT INTO person (person_name) VALUES ('Jayson Molumby');
INSERT INTO player (person_id, player_position, minutes_played, player_goals, player_yellow_cards, player_red_cards, player_team, player_country) VALUES (297, 'Midfielder', 0, 0, 0, 0, 19, 29);
INSERT INTO person (person_name) VALUES ('Jazz Richards');
INSERT INTO player (person_id, player_position, minutes_played, player_goals, player_yellow_cards, player_red_cards, player_team, player_country) VALUES (298, 'Defender', 128, 0, 0, 0, 11, 2);
INSERT INTO person (person_name) VALUES ('Jean Michau00ebl Seri');
INSERT INTO player (person_id, player_position, minutes_played, player_goals, player_yellow_cards, player_red_cards, player_team, player_country) VALUES (299, 'Midfielder', 2252, 1, 6, 0, 4, 45);
INSERT INTO person (person_name) VALUES ('Jeff Hendrick');
INSERT INTO player (person_id, player_position, minutes_played, player_goals, player_yellow_cards, player_red_cards, player_team, player_country) VALUES (300, 'Midfielder', 2069, 3, 4, 0, 17, 29);
INSERT INTO person (person_name) VALUES ('Jefferson Lerma');
INSERT INTO player (person_id, player_position, minutes_played, player_goals, player_yellow_cards, player_red_cards, player_team, player_country) VALUES (301, 'Midfielder', 2511, 2, 12, 0, 3, 32);
INSERT INTO person (person_name) VALUES ('Jeffrey Schlupp');
INSERT INTO player (person_id, player_position, minutes_played, player_goals, player_yellow_cards, player_red_cards, player_team, player_country) VALUES (302, 'Defender', 1665, 4, 1, 0, 20, 35);
INSERT INTO person (person_name) VALUES ('Jermain Defoe');
INSERT INTO player (person_id, player_position, minutes_played, player_goals, player_yellow_cards, player_red_cards, player_team, player_country) VALUES (303, 'Forward', 21, 0, 0, 0, 3, 1);
INSERT INTO person (person_name) VALUES ('Jesse Lingard');
INSERT INTO player (person_id, player_position, minutes_played, player_goals, player_yellow_cards, player_red_cards, player_team, player_country) VALUES (304, 'Midfielder', 1668, 4, 3, 0, 1, 1);
INSERT INTO person (person_name) VALUES ('João Moutinho');
INSERT INTO player (person_id, player_position, minutes_played, player_goals, player_yellow_cards, player_red_cards, player_team, player_country) VALUES (305, 'Midfielder', 3040, 1, 4, 0, 7, 10);
INSERT INTO person (person_name) VALUES ('Joe Bennett');
INSERT INTO player (person_id, player_position, minutes_played, player_goals, player_yellow_cards, player_red_cards, player_team, player_country) VALUES (306, 'Defender', 2641, 0, 5, 0, 11, 1);
INSERT INTO person (person_name) VALUES ('Joe Bryan');
INSERT INTO player (person_id, player_position, minutes_played, player_goals, player_yellow_cards, player_red_cards, player_team, player_country) VALUES (307, 'Defender', 2350, 0, 5, 0, 4, 1);
INSERT INTO person (person_name) VALUES ('Joe Daniel Tupper');
INSERT INTO player (person_id, player_position, minutes_played, player_goals, player_yellow_cards, player_red_cards, player_team, player_country) VALUES (308, 'Goalkeeper', 0, 0, 0, 0, 20, 1);
INSERT INTO person (person_name) VALUES ('Joe Gomez');
INSERT INTO player (person_id, player_position, minutes_played, player_goals, player_yellow_cards, player_red_cards, player_team, player_country) VALUES (309, 'Defender', 1060, 0, 2, 0, 8, 1);
INSERT INTO person (person_name) VALUES ('Joe Hart');
INSERT INTO player (person_id, player_position, minutes_played, player_goals, player_yellow_cards, player_red_cards, player_team, player_country) VALUES (310, 'Goalkeeper', 1710, 0, 0, 0, 17, 1);
INSERT INTO person (person_name) VALUES ('Joe Powell');
INSERT INTO player (person_id, player_position, minutes_played, player_goals, player_yellow_cards, player_red_cards, player_team, player_country) VALUES (311, 'Forward', 0, 0, 0, 0, 15, 1);
INSERT INTO person (person_name) VALUES ('Joe Ralls');
INSERT INTO player (person_id, player_position, minutes_played, player_goals, player_yellow_cards, player_red_cards, player_team, player_country) VALUES (312, 'Midfielder', 1959, 0, 5, 1, 11, 1);
INSERT INTO person (person_name) VALUES ('Joel Coleman');
INSERT INTO player (person_id, player_position, minutes_played, player_goals, player_yellow_cards, player_red_cards, player_team, player_country) VALUES (313, 'Goalkeeper', 90, 0, 0, 0, 5, 1);
INSERT INTO person (person_name) VALUES ('Joel Matip');
INSERT INTO player (person_id, player_position, minutes_played, player_goals, player_yellow_cards, player_red_cards, player_team, player_country) VALUES (314, 'Defender', 1532, 1, 3, 0, 8, 18);
INSERT INTO person (person_name) VALUES ('Joel Ward');
INSERT INTO player (person_id, player_position, minutes_played, player_goals, player_yellow_cards, player_red_cards, player_team, player_country) VALUES (315, 'Defender', 551, 1, 1, 0, 20, 1);
INSERT INTO person (person_name) VALUES ('Johann Berg Guðmunds­son');
INSERT INTO player (person_id, player_position, minutes_played, player_goals, player_yellow_cards, player_red_cards, player_team, player_country) VALUES (316, 'Midfielder', 1748, 3, 2, 0, 17, 24);
INSERT INTO person (person_name) VALUES ('John Ruddy');
INSERT INTO player (person_id, player_position, minutes_played, player_goals, player_yellow_cards, player_red_cards, player_team, player_country) VALUES (317, 'Goalkeeper', 90, 0, 0, 0, 7, 1);
INSERT INTO person (person_name) VALUES ('John Stones');
INSERT INTO player (person_id, player_position, minutes_played, player_goals, player_yellow_cards, player_red_cards, player_team, player_country) VALUES (318, 'Defender', 1762, 0, 1, 0, 18, 1);
INSERT INTO person (person_name) VALUES ('Jon Gorenc Stankovič');
INSERT INTO player (person_id, player_position, minutes_played, player_goals, player_yellow_cards, player_red_cards, player_team, player_country) VALUES (319, 'Defender', 718, 1, 2, 0, 5, 53);
INSERT INTO person (person_name) VALUES ('Jonas Lössl');
INSERT INTO player (person_id, player_position, minutes_played, player_goals, player_yellow_cards, player_red_cards, player_team, player_country) VALUES (320, 'Goalkeeper', 2777, 0, 1, 0, 5, 19);
INSERT INTO person (person_name) VALUES ('Jonathan Hogg');
INSERT INTO player (person_id, player_position, minutes_played, player_goals, player_yellow_cards, player_red_cards, player_team, player_country) VALUES (321, 'Midfielder', 2377, 0, 9, 1, 5, 1);
INSERT INTO person (person_name) VALUES ('Jonathan Walters');
INSERT INTO player (person_id, player_position, minutes_played, player_goals, player_yellow_cards, player_red_cards, player_team, player_country) VALUES (322, 'Forward', 0, 0, 0, 0, 17, 29);
INSERT INTO person (person_name) VALUES ('Jonjo Shelvey');
INSERT INTO player (person_id, player_position, minutes_played, player_goals, player_yellow_cards, player_red_cards, player_team, player_country) VALUES (323, 'Midfielder', 944, 1, 1, 0, 2, 1);
INSERT INTO person (person_name) VALUES ('Jonjoe Kenny');
INSERT INTO player (person_id, player_position, minutes_played, player_goals, player_yellow_cards, player_red_cards, player_team, player_country) VALUES (324, 'Defender', 790, 0, 1, 0, 12, 1);
INSERT INTO person (person_name) VALUES ('Jonny');
INSERT INTO player (person_id, player_position, minutes_played, player_goals, player_yellow_cards, player_red_cards, player_team, player_country) VALUES (325, 'Defender', 2780, 1, 6, 0, 7, 8);
INSERT INTO person (person_name) VALUES ('Jonny Evans');
INSERT INTO player (person_id, player_position, minutes_played, player_goals, player_yellow_cards, player_red_cards, player_team, player_country) VALUES (326, 'Defender', 1995, 1, 2, 0, 13, 38);
INSERT INTO person (person_name) VALUES ('Jordan Ayew');
INSERT INTO player (person_id, player_position, minutes_played, player_goals, player_yellow_cards, player_red_cards, player_team, player_country) VALUES (327, 'Forward', 1186, 1, 3, 0, 20, 35);
INSERT INTO person (person_name) VALUES ('Jordan Henderson');
INSERT INTO player (person_id, player_position, minutes_played, player_goals, player_yellow_cards, player_red_cards, player_team, player_country) VALUES (328, 'Midfielder', 1983, 1, 3, 1, 8, 1);
INSERT INTO person (person_name) VALUES ('Jordan Pickford');
INSERT INTO player (person_id, player_position, minutes_played, player_goals, player_yellow_cards, player_red_cards, player_team, player_country) VALUES (329, 'Goalkeeper', 3420, 0, 1, 0, 12, 1);
INSERT INTO person (person_name) VALUES ('Jordon Ibe');
INSERT INTO player (person_id, player_position, minutes_played, player_goals, player_yellow_cards, player_red_cards, player_team, player_country) VALUES (330, 'Midfielder', 795, 1, 1, 0, 3, 1);
INSERT INTO person (person_name) VALUES ('Jorginho');
INSERT INTO player (person_id, player_position, minutes_played, player_goals, player_yellow_cards, player_red_cards, player_team, player_country) VALUES (331, 'Midfielder', 3165, 2, 8, 0, 16, 7);
INSERT INTO person (person_name) VALUES ('José Holebas');
INSERT INTO player (person_id, player_position, minutes_played, player_goals, player_yellow_cards, player_red_cards, player_team, player_country) VALUES (332, 'Defender', 2394, 3, 13, 1, 6, 54);
INSERT INTO person (person_name) VALUES ('Jose Izquierdo');
INSERT INTO player (person_id, player_position, minutes_played, player_goals, player_yellow_cards, player_red_cards, player_team, player_country) VALUES (333, 'Forward', 794, 0, 1, 0, 19, 32);
INSERT INTO person (person_name) VALUES ('Joselu');
INSERT INTO player (person_id, player_position, minutes_played, player_goals, player_yellow_cards, player_red_cards, player_team, player_country) VALUES (334, 'Forward', 586, 2, 1, 0, 2, 8);
INSERT INTO person (person_name) VALUES ('Joseph Willock');
INSERT INTO player (person_id, player_position, minutes_played, player_goals, player_yellow_cards, player_red_cards, player_team, player_country) VALUES (335, 'Midfielder', 64, 0, 0, 0, 10, 1);
INSERT INTO person (person_name) VALUES ('Josh Benson');
INSERT INTO player (person_id, player_position, minutes_played, player_goals, player_yellow_cards, player_red_cards, player_team, player_country) VALUES (336, 'Midfielder', 0, 0, 0, 0, 17, 1);
INSERT INTO person (person_name) VALUES ('Josh Knight');
INSERT INTO player (person_id, player_position, minutes_played, player_goals, player_yellow_cards, player_red_cards, player_team, player_country) VALUES (337, 'Defender', 0, 0, 0, 0, 13, 1);
INSERT INTO person (person_name) VALUES ('Josh Murphy');
INSERT INTO player (person_id, player_position, minutes_played, player_goals, player_yellow_cards, player_red_cards, player_team, player_country) VALUES (338, 'Forward', 1825, 3, 2, 0, 11, 1);
INSERT INTO person (person_name) VALUES ('Joshua King');
INSERT INTO player (person_id, player_position, minutes_played, player_goals, player_yellow_cards, player_red_cards, player_team, player_country) VALUES (339, 'Forward', 2974, 12, 3, 0, 3, 13);
INSERT INTO person (person_name) VALUES ('Joshua Sims');
INSERT INTO player (person_id, player_position, minutes_played, player_goals, player_yellow_cards, player_red_cards, player_team, player_country) VALUES (340, 'Midfielder', 209, 0, 0, 0, 9, 1);
INSERT INTO person (person_name) VALUES ('Juan Foyth');
INSERT INTO player (person_id, player_position, minutes_played, player_goals, player_yellow_cards, player_red_cards, player_team, player_country) VALUES (341, 'Defender', 930, 1, 4, 1, 14, 44);
INSERT INTO person (person_name) VALUES ('Juan Mata');
INSERT INTO player (person_id, player_position, minutes_played, player_goals, player_yellow_cards, player_red_cards, player_team, player_country) VALUES (342, 'Midfielder', 1294, 3, 3, 0, 1, 8);
INSERT INTO person (person_name) VALUES ('Julián Speroni');
INSERT INTO player (person_id, player_position, minutes_played, player_goals, player_yellow_cards, player_red_cards, player_team, player_country) VALUES (343, 'Goalkeeper', 90, 0, 0, 0, 20, 44);
INSERT INTO person (person_name) VALUES ('Juninho Bacuna');
INSERT INTO player (person_id, player_position, minutes_played, player_goals, player_yellow_cards, player_red_cards, player_team, player_country) VALUES (344, 'Midfielder', 1414, 1, 4, 0, 5, 40);
INSERT INTO person (person_name) VALUES ('Junior Stanislas');
INSERT INTO player (person_id, player_position, minutes_played, player_goals, player_yellow_cards, player_red_cards, player_team, player_country) VALUES (345, 'Midfielder', 1027, 2, 1, 0, 3, 1);
INSERT INTO person (person_name) VALUES ('Jürgen Locadia');
INSERT INTO player (person_id, player_position, minutes_played, player_goals, player_yellow_cards, player_red_cards, player_team, player_country) VALUES (346, 'Forward', 1227, 2, 1, 0, 19, 40);
INSERT INTO person (person_name) VALUES ('Kadeem Harris');
INSERT INTO player (person_id, player_position, minutes_played, player_goals, player_yellow_cards, player_red_cards, player_team, player_country) VALUES (347, 'Midfielder', 366, 1, 1, 0, 11, 1);
INSERT INTO person (person_name) VALUES ('Karl Darlow');
INSERT INTO player (person_id, player_position, minutes_played, player_goals, player_yellow_cards, player_red_cards, player_team, player_country) VALUES (348, 'Goalkeeper', 0, 0, 0, 0, 2, 1);
INSERT INTO person (person_name) VALUES ('Karlan Ahearne-Grant');
INSERT INTO player (person_id, player_position, minutes_played, player_goals, player_yellow_cards, player_red_cards, player_team, player_country) VALUES (349, 'Forward', 874, 4, 0, 0, 5, 1);
INSERT INTO person (person_name) VALUES ('Kasper Schmeichel');
INSERT INTO player (person_id, player_position, minutes_played, player_goals, player_yellow_cards, player_red_cards, player_team, player_country) VALUES (350, 'Goalkeeper', 3420, 0, 3, 0, 13, 19);
INSERT INTO person (person_name) VALUES ('Kayne Ramsey');
INSERT INTO player (person_id, player_position, minutes_played, player_goals, player_yellow_cards, player_red_cards, player_team, player_country) VALUES (351, 'Midfielder', 90, 0, 0, 0, 9, 1);
INSERT INTO person (person_name) VALUES ('Kazaiah Sterling');
INSERT INTO player (person_id, player_position, minutes_played, player_goals, player_yellow_cards, player_red_cards, player_team, player_country) VALUES (352, 'Forward', 0, 0, 0, 0, 14, 1);
INSERT INTO person (person_name) VALUES ('Kelechi Iheanacho');
INSERT INTO player (person_id, player_position, minutes_played, player_goals, player_yellow_cards, player_red_cards, player_team, player_country) VALUES (353, 'Forward', 926, 1, 2, 0, 13, 12);
INSERT INTO person (person_name) VALUES ('Kelland Watts');
INSERT INTO player (person_id, player_position, minutes_played, player_goals, player_yellow_cards, player_red_cards, player_team, player_country) VALUES (354, 'Midfielder', 0, 0, 0, 0, 2, 1);
INSERT INTO person (person_name) VALUES ('Ken Sema');
INSERT INTO player (person_id, player_position, minutes_played, player_goals, player_yellow_cards, player_red_cards, player_team, player_country) VALUES (355, 'Midfielder', 755, 1, 1, 0, 6, 55);
INSERT INTO person (person_name) VALUES ('Kenneth Dahrup Zohorè');
INSERT INTO player (person_id, player_position, minutes_played, player_goals, player_yellow_cards, player_red_cards, player_team, player_country) VALUES (356, 'Forward', 746, 1, 1, 0, 11, 19);
INSERT INTO person (person_name) VALUES ('Kepa Arrizabalaga');
INSERT INTO player (person_id, player_position, minutes_played, player_goals, player_yellow_cards, player_red_cards, player_team, player_country) VALUES (357, 'Goalkeeper', 3240, 0, 2, 0, 16, 8);
INSERT INTO person (person_name) VALUES ('Kevin De Bruyne');
INSERT INTO player (person_id, player_position, minutes_played, player_goals, player_yellow_cards, player_red_cards, player_team, player_country) VALUES (358, 'Midfielder', 974, 2, 2, 0, 18, 36);
INSERT INTO person (person_name) VALUES ('Kevin Long');
INSERT INTO player (person_id, player_position, minutes_played, player_goals, player_yellow_cards, player_red_cards, player_team, player_country) VALUES (359, 'Defender', 513, 0, 0, 0, 17, 29);
INSERT INTO person (person_name) VALUES ('Kevin McDonald');
INSERT INTO player (person_id, player_position, minutes_played, player_goals, player_yellow_cards, player_red_cards, player_team, player_country) VALUES (360, 'Midfielder', 842, 0, 6, 1, 4, 20);
INSERT INTO person (person_name) VALUES ('Ki Sung-yueng');
INSERT INTO player (person_id, player_position, minutes_played, player_goals, player_yellow_cards, player_red_cards, player_team, player_country) VALUES (361, 'Midfielder', 1302, 0, 2, 0, 2, 51);
INSERT INTO person (person_name) VALUES ('Kieran Dowell');
INSERT INTO player (person_id, player_position, minutes_played, player_goals, player_yellow_cards, player_red_cards, player_team, player_country) VALUES (362, 'Midfielder', 0, 0, 0, 0, 12, 1);
INSERT INTO person (person_name) VALUES ('Kieran Trippier');
INSERT INTO player (person_id, player_position, minutes_played, player_goals, player_yellow_cards, player_red_cards, player_team, player_country) VALUES (363, 'Defender', 2278, 1, 2, 0, 14, 1);
INSERT INTO person (person_name) VALUES ('Kiko Femenía');
INSERT INTO player (person_id, player_position, minutes_played, player_goals, player_yellow_cards, player_red_cards, player_team, player_country) VALUES (364, 'Midfielder', 2045, 1, 1, 0, 6, 8);
INSERT INTO person (person_name) VALUES ('Konstantinos Mavropanos');
INSERT INTO player (person_id, player_position, minutes_played, player_goals, player_yellow_cards, player_red_cards, player_team, player_country) VALUES (365, 'Defender', 150, 0, 1, 0, 10, 54);
INSERT INTO person (person_name) VALUES ('Kortney Hause');
INSERT INTO player (person_id, player_position, minutes_played, player_goals, player_yellow_cards, player_red_cards, player_team, player_country) VALUES (366, 'Defender', 0, 0, 0, 0, 7, 1);
INSERT INTO person (person_name) VALUES ('Kurt Zouma');
INSERT INTO player (person_id, player_position, minutes_played, player_goals, player_yellow_cards, player_red_cards, player_team, player_country) VALUES (367, 'Defender', 2610, 2, 5, 1, 12, 5);
INSERT INTO person (person_name) VALUES ('Kyle Taylor');
INSERT INTO player (person_id, player_position, minutes_played, player_goals, player_yellow_cards, player_red_cards, player_team, player_country) VALUES (368, 'Midfielder', 0, 0, 0, 0, 3, 1);
INSERT INTO person (person_name) VALUES ('Kyle Walker');
INSERT INTO player (person_id, player_position, minutes_played, player_goals, player_yellow_cards, player_red_cards, player_team, player_country) VALUES (369, 'Defender', 2777, 1, 3, 0, 18, 1);
INSERT INTO person (person_name) VALUES ('Kyle Walker-Peters');
INSERT INTO player (person_id, player_position, minutes_played, player_goals, player_yellow_cards, player_red_cards, player_team, player_country) VALUES (370, 'Defender', 374, 0, 1, 0, 14, 1);
INSERT INTO person (person_name) VALUES ('Laurent Depoitre');
INSERT INTO player (person_id, player_position, minutes_played, player_goals, player_yellow_cards, player_red_cards, player_team, player_country) VALUES (371, 'Forward', 1059, 0, 1, 0, 5, 36);
INSERT INTO person (person_name) VALUES ('Laurent Koscielny');
INSERT INTO player (person_id, player_position, minutes_played, player_goals, player_yellow_cards, player_red_cards, player_team, player_country) VALUES (372, 'Defender', 1328, 3, 1, 0, 10, 5);
INSERT INTO person (person_name) VALUES ('Lazar Marković');
INSERT INTO player (person_id, player_position, minutes_played, player_goals, player_yellow_cards, player_red_cards, player_team, player_country) VALUES (373, 'Midfielder', 44, 0, 0, 0, 4, 11);
INSERT INTO person (person_name) VALUES ('Leander Dendoncker');
INSERT INTO player (person_id, player_position, minutes_played, player_goals, player_yellow_cards, player_red_cards, player_team, player_country) VALUES (374, 'Midfielder', 1469, 2, 1, 0, 7, 36);
INSERT INTO person (person_name) VALUES ('Leandro Bacuna');
INSERT INTO player (person_id, player_position, minutes_played, player_goals, player_yellow_cards, player_red_cards, player_team, player_country) VALUES (375, 'Midfielder', 554, 0, 2, 0, 11, 40);
INSERT INTO person (person_name) VALUES ('Lee Grant');
INSERT INTO player (person_id, player_position, minutes_played, player_goals, player_yellow_cards, player_red_cards, player_team, player_country) VALUES (376, 'Goalkeeper', 0, 0, 0, 0, 1, 1);
INSERT INTO person (person_name) VALUES ('Lee Peltier');
INSERT INTO player (person_id, player_position, minutes_played, player_goals, player_yellow_cards, player_red_cards, player_team, player_country) VALUES (377, 'Defender', 1542, 0, 4, 0, 11, 1);
INSERT INTO person (person_name) VALUES ('Leighton Baines');
INSERT INTO player (person_id, player_position, minutes_played, player_goals, player_yellow_cards, player_red_cards, player_team, player_country) VALUES (378, 'Defender', 376, 0, 0, 0, 12, 1);
INSERT INTO person (person_name) VALUES ('Leon Balogun');
INSERT INTO player (person_id, player_position, minutes_played, player_goals, player_yellow_cards, player_red_cards, player_team, player_country) VALUES (379, 'Defender', 591, 1, 2, 0, 19, 12);
INSERT INTO person (person_name) VALUES ('Leonardo Bonatini Lohner Maia');
INSERT INTO player (person_id, player_position, minutes_played, player_goals, player_yellow_cards, player_red_cards, player_team, player_country) VALUES (380, 'Forward', 128, 0, 0, 0, 7, 16);
INSERT INTO person (person_name) VALUES ('Leroy Sané');
INSERT INTO player (person_id, player_position, minutes_played, player_goals, player_yellow_cards, player_red_cards, player_team, player_country) VALUES (381, 'Midfielder', 1867, 10, 1, 0, 18, 17);
INSERT INTO person (person_name) VALUES ('Lewis Cass');
INSERT INTO player (person_id, player_position, minutes_played, player_goals, player_yellow_cards, player_red_cards, player_team, player_country) VALUES (382, 'Defender', 0, 0, 0, 0, 2, 1);
INSERT INTO person (person_name) VALUES ('Lewis Cook');
INSERT INTO player (person_id, player_position, minutes_played, player_goals, player_yellow_cards, player_red_cards, player_team, player_country) VALUES (383, 'Midfielder', 721, 0, 2, 0, 3, 1);
INSERT INTO person (person_name) VALUES ('Lewis Dunk');
INSERT INTO player (person_id, player_position, minutes_played, player_goals, player_yellow_cards, player_red_cards, player_team, player_country) VALUES (384, 'Defender', 3153, 2, 7, 1, 19, 1);
INSERT INTO person (person_name) VALUES ('Loïc Damour');
INSERT INTO player (person_id, player_position, minutes_played, player_goals, player_yellow_cards, player_red_cards, player_team, player_country) VALUES (385, 'Midfielder', 21, 0, 0, 0, 11, 5);
INSERT INTO person (person_name) VALUES ('Loris Karius');
INSERT INTO player (person_id, player_position, minutes_played, player_goals, player_yellow_cards, player_red_cards, player_team, player_country) VALUES (386, 'Goalkeeper', 0, 0, 0, 0, 8, 17);
INSERT INTO person (person_name) VALUES ('Luca de la Torre');
INSERT INTO player (person_id, player_position, minutes_played, player_goals, player_yellow_cards, player_red_cards, player_team, player_country) VALUES (387, 'Midfielder', 0, 0, 0, 0, 4, 39);
INSERT INTO person (person_name) VALUES ('Lucas Digne');
INSERT INTO player (person_id, player_position, minutes_played, player_goals, player_yellow_cards, player_red_cards, player_team, player_country) VALUES (388, 'Defender', 2990, 4, 6, 1, 12, 5);
INSERT INTO person (person_name) VALUES ('Lucas Moura');
INSERT INTO player (person_id, player_position, minutes_played, player_goals, player_yellow_cards, player_red_cards, player_team, player_country) VALUES (389, 'Midfielder', 2127, 10, 3, 0, 14, 16);
INSERT INTO person (person_name) VALUES ('Lucas Perez');
INSERT INTO player (person_id, player_position, minutes_played, player_goals, player_yellow_cards, player_red_cards, player_team, player_country) VALUES (390, 'Forward', 468, 3, 0, 0, 15, 8);
INSERT INTO person (person_name) VALUES ('Lucas Torreira');
INSERT INTO player (person_id, player_position, minutes_played, player_goals, player_yellow_cards, player_red_cards, player_team, player_country) VALUES (391, 'Midfielder', 2377, 2, 8, 1, 10, 57);
INSERT INTO person (person_name) VALUES ('Luciano Vietto');
INSERT INTO player (person_id, player_position, minutes_played, player_goals, player_yellow_cards, player_red_cards, player_team, player_country) VALUES (392, 'Forward', 983, 1, 1, 0, 4, 44);
INSERT INTO person (person_name) VALUES ('Luka Milivojević');
INSERT INTO player (person_id, player_position, minutes_played, player_goals, player_yellow_cards, player_red_cards, player_team, player_country) VALUES (393, 'Midfielder', 3420, 12, 10, 0, 20, 11);
INSERT INTO person (person_name) VALUES ('Luke Amos');
INSERT INTO player (person_id, player_position, minutes_played, player_goals, player_yellow_cards, player_red_cards, player_team, player_country) VALUES (394, 'Midfielder', 2, 0, 0, 0, 14, 1);
INSERT INTO person (person_name) VALUES ('Luke Dreher');
INSERT INTO player (person_id, player_position, minutes_played, player_goals, player_yellow_cards, player_red_cards, player_team, player_country) VALUES (395, 'Midfielder', 0, 0, 0, 0, 20, 1);
INSERT INTO person (person_name) VALUES ('Luke Shaw');
INSERT INTO player (person_id, player_position, minutes_played, player_goals, player_yellow_cards, player_red_cards, player_team, player_country) VALUES (396, 'Defender', 2592, 1, 11, 0, 1, 1);
INSERT INTO person (person_name) VALUES ('Lys Mousset');
INSERT INTO player (person_id, player_position, minutes_played, player_goals, player_yellow_cards, player_red_cards, player_team, player_country) VALUES (397, 'Forward', 345, 1, 1, 0, 3, 5);
INSERT INTO person (person_name) VALUES ('Maarten Stekelenburg');
INSERT INTO player (person_id, player_position, minutes_played, player_goals, player_yellow_cards, player_red_cards, player_team, player_country) VALUES (398, 'Goalkeeper', 0, 0, 0, 0, 12, 40);
INSERT INTO person (person_name) VALUES ('Mamadou Sakho');
INSERT INTO player (person_id, player_position, minutes_played, player_goals, player_yellow_cards, player_red_cards, player_team, player_country) VALUES (399, 'Defender', 2417, 0, 2, 0, 20, 5);
INSERT INTO person (person_name) VALUES ('Manolo Gabbiadini');
INSERT INTO player (person_id, player_position, minutes_played, player_goals, player_yellow_cards, player_red_cards, player_team, player_country) VALUES (400, 'Forward', 470, 1, 0, 0, 9, 7);
INSERT INTO person (person_name) VALUES ('Manuel Lanzini');
INSERT INTO player (person_id, player_position, minutes_played, player_goals, player_yellow_cards, player_red_cards, player_team, player_country) VALUES (401, 'Midfielder', 688, 1, 2, 0, 15, 44);
INSERT INTO person (person_name) VALUES ('Marc Albrighton');
INSERT INTO player (person_id, player_position, minutes_played, player_goals, player_yellow_cards, player_red_cards, player_team, player_country) VALUES (402, 'Midfielder', 1626, 2, 3, 0, 13, 1);
INSERT INTO person (person_name) VALUES ('Marc Guehi');
INSERT INTO player (person_id, player_position, minutes_played, player_goals, player_yellow_cards, player_red_cards, player_team, player_country) VALUES (403, 'Defender', 0, 0, 0, 0, 16, 1);
INSERT INTO person (person_name) VALUES ('Marc Navarro Ceciliano');
INSERT INTO player (person_id, player_position, minutes_played, player_goals, player_yellow_cards, player_red_cards, player_team, player_country) VALUES (404, 'Defender', 84, 0, 0, 0, 6, 8);
INSERT INTO person (person_name) VALUES ('Marc Pugh');
INSERT INTO player (person_id, player_position, minutes_played, player_goals, player_yellow_cards, player_red_cards, player_team, player_country) VALUES (405, 'Midfielder', 0, 0, 0, 0, 3, 1);
INSERT INTO person (person_name) VALUES ('Marcos Alonso');
INSERT INTO player (person_id, player_position, minutes_played, player_goals, player_yellow_cards, player_red_cards, player_team, player_country) VALUES (406, 'Defender', 2761, 2, 6, 0, 16, 8);
INSERT INTO person (person_name) VALUES ('Marcus Bettinelli');
INSERT INTO player (person_id, player_position, minutes_played, player_goals, player_yellow_cards, player_red_cards, player_team, player_country) VALUES (407, 'Goalkeeper', 630, 0, 1, 0, 4, 1);
INSERT INTO person (person_name) VALUES ('Marcus Rashford');
INSERT INTO player (person_id, player_position, minutes_played, player_goals, player_yellow_cards, player_red_cards, player_team, player_country) VALUES (408, 'Forward', 2362, 10, 4, 1, 1, 1);
INSERT INTO person (person_name) VALUES ('Mario Lemina');
INSERT INTO player (person_id, player_position, minutes_played, player_goals, player_yellow_cards, player_red_cards, player_team, player_country) VALUES (409, 'Midfielder', 1615, 1, 5, 0, 9, 30);
INSERT INTO person (person_name) VALUES ('Mark Noble');
INSERT INTO player (person_id, player_position, minutes_played, player_goals, player_yellow_cards, player_red_cards, player_team, player_country) VALUES (410, 'Midfielder', 2308, 5, 7, 1, 15, 1);
INSERT INTO person (person_name) VALUES ('Mark Travers');
INSERT INTO player (person_id, player_position, minutes_played, player_goals, player_yellow_cards, player_red_cards, player_team, player_country) VALUES (411, 'Goalkeeper', 180, 0, 0, 0, 3, 29);
INSERT INTO person (person_name) VALUES ('Marko Arnautović');
INSERT INTO player (person_id, player_position, minutes_played, player_goals, player_yellow_cards, player_red_cards, player_team, player_country) VALUES (412, 'Forward', 2000, 10, 3, 0, 15, 37);
INSERT INTO person (person_name) VALUES ('Markus Suttner');
INSERT INTO player (person_id, player_position, minutes_played, player_goals, player_yellow_cards, player_red_cards, player_team, player_country) VALUES (413, 'Defender', 0, 0, 0, 0, 19, 37);
INSERT INTO person (person_name) VALUES ('Marouane Fellaini');
INSERT INTO player (person_id, player_position, minutes_played, player_goals, player_yellow_cards, player_red_cards, player_team, player_country) VALUES (414, 'Midfielder', 744, 0, 1, 0, 1, 36);
INSERT INTO person (person_name) VALUES ('Martin Dúbravka');
INSERT INTO player (person_id, player_position, minutes_played, player_goals, player_yellow_cards, player_red_cards, player_team, player_country) VALUES (415, 'Goalkeeper', 3420, 0, 1, 0, 2, 58);
INSERT INTO person (person_name) VALUES ('Martin Kelly');
INSERT INTO player (person_id, player_position, minutes_played, player_goals, player_yellow_cards, player_red_cards, player_team, player_country) VALUES (416, 'Defender', 1110, 0, 2, 0, 20, 1);
INSERT INTO person (person_name) VALUES ('Martín Montoya');
INSERT INTO player (person_id, player_position, minutes_played, player_goals, player_yellow_cards, player_red_cards, player_team, player_country) VALUES (417, 'Defender', 2166, 0, 4, 0, 19, 8);
INSERT INTO person (person_name) VALUES ('Mason Greenwood');
INSERT INTO player (person_id, player_position, minutes_played, player_goals, player_yellow_cards, player_red_cards, player_team, player_country) VALUES (418, 'Midfielder', 115, 0, 0, 0, 1, 1);
INSERT INTO person (person_name) VALUES ('Mason Holgate');
INSERT INTO player (person_id, player_position, minutes_played, player_goals, player_yellow_cards, player_red_cards, player_team, player_country) VALUES (419, 'Defender', 407, 0, 1, 0, 12, 1);
INSERT INTO person (person_name) VALUES ('Matěj Vydra');
INSERT INTO player (person_id, player_position, minutes_played, player_goals, player_yellow_cards, player_red_cards, player_team, player_country) VALUES (420, 'Forward', 311, 1, 1, 0, 17, 59);
INSERT INTO person (person_name) VALUES ('Mateo Kovačić');
INSERT INTO player (person_id, player_position, minutes_played, player_goals, player_yellow_cards, player_red_cards, player_team, player_country) VALUES (421, 'Midfielder', 1743, 0, 3, 0, 16, 42);
INSERT INTO person (person_name) VALUES ('Mathew Ryan');
INSERT INTO player (person_id, player_position, minutes_played, player_goals, player_yellow_cards, player_red_cards, player_team, player_country) VALUES (422, 'Goalkeeper', 3060, 0, 2, 0, 19, 3);
INSERT INTO person (person_name) VALUES ('Mathias Jørgensen');
INSERT INTO player (person_id, player_position, minutes_played, player_goals, player_yellow_cards, player_red_cards, player_team, player_country) VALUES (423, 'Defender', 2148, 3, 6, 0, 5, 19);
INSERT INTO person (person_name) VALUES ('Matt Butcher');
INSERT INTO player (person_id, player_position, minutes_played, player_goals, player_yellow_cards, player_red_cards, player_team, player_country) VALUES (424, 'Midfielder', 0, 0, 0, 0, 3, 1);
INSERT INTO person (person_name) VALUES ('Matt Doherty');
INSERT INTO player (person_id, player_position, minutes_played, player_goals, player_yellow_cards, player_red_cards, player_team, player_country) VALUES (425, 'Defender', 3147, 4, 5, 0, 7, 29);
INSERT INTO person (person_name) VALUES ('Matt Ritchie');
INSERT INTO player (person_id, player_position, minutes_played, player_goals, player_yellow_cards, player_red_cards, player_team, player_country) VALUES (426, 'Midfielder', 2940, 2, 9, 0, 2, 20);
INSERT INTO person (person_name) VALUES ('Matt Targett');
INSERT INTO player (person_id, player_position, minutes_played, player_goals, player_yellow_cards, player_red_cards, player_team, player_country) VALUES (427, 'Defender', 1185, 1, 2, 0, 9, 1);
INSERT INTO person (person_name) VALUES ('Matteo Darmian');
INSERT INTO player (person_id, player_position, minutes_played, player_goals, player_yellow_cards, player_red_cards, player_team, player_country) VALUES (428, 'Defender', 443, 0, 0, 0, 1, 7);
INSERT INTO person (person_name) VALUES ('Matteo Guendouzi');
INSERT INTO player (person_id, player_position, minutes_played, player_goals, player_yellow_cards, player_red_cards, player_team, player_country) VALUES (429, 'Midfielder', 2143, 0, 9, 0, 10, 5);
INSERT INTO person (person_name) VALUES ('Matthew Connolly');
INSERT INTO player (person_id, player_position, minutes_played, player_goals, player_yellow_cards, player_red_cards, player_team, player_country) VALUES (430, 'Defender', 0, 0, 0, 0, 11, 1);
INSERT INTO person (person_name) VALUES ('Matthew Lowton');
INSERT INTO player (person_id, player_position, minutes_played, player_goals, player_yellow_cards, player_red_cards, player_team, player_country) VALUES (431, 'Defender', 1748, 0, 7, 0, 17, 1);
INSERT INTO person (person_name) VALUES ('Matty Daly');
INSERT INTO player (person_id, player_position, minutes_played, player_goals, player_yellow_cards, player_red_cards, player_team, player_country) VALUES (432, 'Midfielder', 73, 0, 0, 0, 5, 1);
INSERT INTO person (person_name) VALUES ('Max Harrison Sanders');
INSERT INTO player (person_id, player_position, minutes_played, player_goals, player_yellow_cards, player_red_cards, player_team, player_country) VALUES (433, 'Midfielder', 0, 0, 0, 0, 19, 1);
INSERT INTO person (person_name) VALUES ('Max Kilman');
INSERT INTO player (person_id, player_position, minutes_played, player_goals, player_yellow_cards, player_red_cards, player_team, player_country) VALUES (434, 'Defender', 0, 0, 0, 0, 7, 1);
INSERT INTO person (person_name) VALUES ('Max Meyer');
INSERT INTO player (person_id, player_position, minutes_played, player_goals, player_yellow_cards, player_red_cards, player_team, player_country) VALUES (435, 'Midfielder', 1414, 1, 3, 0, 20, 17);
INSERT INTO person (person_name) VALUES ('Maxime Le Marchand');
INSERT INTO player (person_id, player_position, minutes_played, player_goals, player_yellow_cards, player_red_cards, player_team, player_country) VALUES (436, 'Defender', 2251, 0, 5, 0, 4, 5);
INSERT INTO person (person_name) VALUES ('Maya Yoshida');
INSERT INTO player (person_id, player_position, minutes_played, player_goals, player_yellow_cards, player_red_cards, player_team, player_country) VALUES (437, 'Defender', 1520, 0, 0, 0, 9, 60);
INSERT INTO person (person_name) VALUES ('Mesut Özil');
INSERT INTO player (person_id, player_position, minutes_played, player_goals, player_yellow_cards, player_red_cards, player_team, player_country) VALUES (438, 'Midfielder', 1741, 5, 2, 0, 10, 17);
INSERT INTO person (person_name) VALUES ('Michael Keane');
INSERT INTO player (person_id, player_position, minutes_played, player_goals, player_yellow_cards, player_red_cards, player_team, player_country) VALUES (439, 'Defender', 2970, 1, 2, 0, 12, 1);
INSERT INTO person (person_name) VALUES ('Michael Obafemi');
INSERT INTO player (person_id, player_position, minutes_played, player_goals, player_yellow_cards, player_red_cards, player_team, player_country) VALUES (440, 'Forward', 134, 1, 1, 0, 9, 29);
INSERT INTO person (person_name) VALUES ('Michail Antonio');
INSERT INTO player (person_id, player_position, minutes_played, player_goals, player_yellow_cards, player_red_cards, player_team, player_country) VALUES (441, 'Midfielder', 2099, 6, 3, 0, 15, 1);
INSERT INTO person (person_name) VALUES ('Michel Vorm');
INSERT INTO player (person_id, player_position, minutes_played, player_goals, player_yellow_cards, player_red_cards, player_team, player_country) VALUES (442, 'Goalkeeper', 180, 0, 0, 0, 14, 40);
INSERT INTO person (person_name) VALUES ('Michy Batshuayi');
INSERT INTO player (person_id, player_position, minutes_played, player_goals, player_yellow_cards, player_red_cards, player_team, player_country) VALUES (443, 'Forward', 756, 5, 0, 0, 20, 36);
INSERT INTO person (person_name) VALUES ('Miguel Almirón');
INSERT INTO player (person_id, player_position, minutes_played, player_goals, player_yellow_cards, player_red_cards, player_team, player_country) VALUES (444, 'Midfielder', 763, 0, 0, 0, 2, 46);
INSERT INTO person (person_name) VALUES ('Miguel Ángel Britos Cabrera');
INSERT INTO player (person_id, player_position, minutes_played, player_goals, player_yellow_cards, player_red_cards, player_team, player_country) VALUES (445, 'Defender', 185, 0, 0, 0, 6, 57);
INSERT INTO person (person_name) VALUES ('Mohamed Diamé');
INSERT INTO player (person_id, player_position, minutes_played, player_goals, player_yellow_cards, player_red_cards, player_team, player_country) VALUES (446, 'Midfielder', 2165, 0, 3, 0, 2, 33);
INSERT INTO person (person_name) VALUES ('Mohamed Elneny');
INSERT INTO player (person_id, player_position, minutes_played, player_goals, player_yellow_cards, player_red_cards, player_team, player_country) VALUES (447, 'Midfielder', 381, 0, 0, 0, 10, 61);
INSERT INTO person (person_name) VALUES ('Mohamed Elyounoussi');
INSERT INTO player (person_id, player_position, minutes_played, player_goals, player_yellow_cards, player_red_cards, player_team, player_country) VALUES (448, 'Midfielder', 790, 0, 0, 0, 9, 13);
INSERT INTO person (person_name) VALUES ('Mohamed Salah');
INSERT INTO player (person_id, player_position, minutes_played, player_goals, player_yellow_cards, player_red_cards, player_team, player_country) VALUES (449, 'Forward', 3262, 22, 1, 0, 8, 61);
INSERT INTO person (person_name) VALUES ('Morgan Gibbs-White');
INSERT INTO player (person_id, player_position, minutes_played, player_goals, player_yellow_cards, player_red_cards, player_team, player_country) VALUES (450, 'Midfielder', 647, 0, 1, 0, 7, 1);
INSERT INTO person (person_name) VALUES ('Morgan Schneiderlin');
INSERT INTO player (person_id, player_position, minutes_played, player_goals, player_yellow_cards, player_red_cards, player_team, player_country) VALUES (451, 'Midfielder', 833, 0, 2, 0, 12, 5);
INSERT INTO person (person_name) VALUES ('Moussa Dembele');
INSERT INTO player (person_id, player_position, minutes_played, player_goals, player_yellow_cards, player_red_cards, player_team, player_country) VALUES (452, 'Midfielder', 516, 0, 1, 0, 14, 36);
INSERT INTO person (person_name) VALUES ('Moussa Sissoko');
INSERT INTO player (person_id, player_position, minutes_played, player_goals, player_yellow_cards, player_red_cards, player_team, player_country) VALUES (453, 'Midfielder', 2336, 0, 2, 0, 14, 5);
INSERT INTO person (person_name) VALUES ('NGolo Kanté');
INSERT INTO player (person_id, player_position, minutes_played, player_goals, player_yellow_cards, player_red_cards, player_team, player_country) VALUES (454, 'Midfielder', 3096, 4, 3, 0, 16, 5);
INSERT INTO person (person_name) VALUES ('Naby Keïta');
INSERT INTO player (person_id, player_position, minutes_played, player_goals, player_yellow_cards, player_red_cards, player_team, player_country) VALUES (455, 'Midfielder', 1392, 2, 0, 0, 8, 62);
INSERT INTO person (person_name) VALUES ('Nacho Monreal');
INSERT INTO player (person_id, player_position, minutes_played, player_goals, player_yellow_cards, player_red_cards, player_team, player_country) VALUES (456, 'Defender', 1861, 1, 5, 0, 10, 8);
INSERT INTO person (person_name) VALUES ('Nampalys Mendy');
INSERT INTO player (person_id, player_position, minutes_played, player_goals, player_yellow_cards, player_red_cards, player_team, player_country) VALUES (457, 'Midfielder', 2088, 0, 5, 0, 13, 5);
INSERT INTO person (person_name) VALUES ('Nathan Aké');
INSERT INTO player (person_id, player_position, minutes_played, player_goals, player_yellow_cards, player_red_cards, player_team, player_country) VALUES (458, 'Defender', 3412, 4, 3, 0, 3, 40);
INSERT INTO person (person_name) VALUES ('Nathan Holland');
INSERT INTO player (person_id, player_position, minutes_played, player_goals, player_yellow_cards, player_red_cards, player_team, player_country) VALUES (459, 'Midfielder', 0, 0, 0, 0, 15, 1);
INSERT INTO person (person_name) VALUES ('Nathan Redmond');
INSERT INTO player (person_id, player_position, minutes_played, player_goals, player_yellow_cards, player_red_cards, player_team, player_country) VALUES (460, 'Midfielder', 3276, 6, 3, 0, 9, 1);
INSERT INTO person (person_name) VALUES ('Nathaniel Chalobah');
INSERT INTO player (person_id, player_position, minutes_played, player_goals, player_yellow_cards, player_red_cards, player_team, player_country) VALUES (461, 'Midfielder', 266, 0, 2, 0, 6, 1);
INSERT INTO person (person_name) VALUES ('Nathaniel Clyne');
INSERT INTO player (person_id, player_position, minutes_played, player_goals, player_yellow_cards, player_red_cards, player_team, player_country) VALUES (462, 'Defender', 1254, 0, 2, 0, 3, 1);
INSERT INTO person (person_name) VALUES ('Nathaniel Mendez-Laing');
INSERT INTO player (person_id, player_position, minutes_played, player_goals, player_yellow_cards, player_red_cards, player_team, player_country) VALUES (463, 'Midfielder', 984, 4, 0, 0, 11, 1);
INSERT INTO person (person_name) VALUES ('Neeskens Kebano');
INSERT INTO player (person_id, player_position, minutes_played, player_goals, player_yellow_cards, player_red_cards, player_team, player_country) VALUES (464, 'Midfielder', 103, 0, 0, 0, 4, 43);
INSERT INTO person (person_name) VALUES ('Neil Leonard Dula Etheridge');
INSERT INTO player (person_id, player_position, minutes_played, player_goals, player_yellow_cards, player_red_cards, player_team, player_country) VALUES (465, 'Goalkeeper', 3420, 0, 2, 0, 11, 63);
INSERT INTO person (person_name) VALUES ('Nemanja Matić');
INSERT INTO player (person_id, player_position, minutes_played, player_goals, player_yellow_cards, player_red_cards, player_team, player_country) VALUES (466, 'Midfielder', 2441, 1, 8, 1, 1, 11);
INSERT INTO person (person_name) VALUES ('Nicolas Otamendi');
INSERT INTO player (person_id, player_position, minutes_played, player_goals, player_yellow_cards, player_red_cards, player_team, player_country) VALUES (467, 'Defender', 1233, 0, 1, 0, 18, 44);
INSERT INTO person (person_name) VALUES ('Nikola Tavares');
INSERT INTO player (person_id, player_position, minutes_played, player_goals, player_yellow_cards, player_red_cards, player_team, player_country) VALUES (468, 'Defender', 0, 0, 0, 0, 20, 1);
INSERT INTO person (person_name) VALUES ('Nnamdi Ofoborh');
INSERT INTO player (person_id, player_position, minutes_played, player_goals, player_yellow_cards, player_red_cards, player_team, player_country) VALUES (469, 'Midfielder', 0, 0, 0, 0, 3, 1);
INSERT INTO person (person_name) VALUES ('Oleksandr Zinchenko');
INSERT INTO player (person_id, player_position, minutes_played, player_goals, player_yellow_cards, player_red_cards, player_team, player_country) VALUES (470, 'Midfielder', 1153, 0, 1, 0, 18, 21);
INSERT INTO person (person_name) VALUES ('Oliver Skipp');
INSERT INTO player (person_id, player_position, minutes_played, player_goals, player_yellow_cards, player_red_cards, player_team, player_country) VALUES (471, 'Midfielder', 216, 0, 0, 0, 14, 1);
INSERT INTO person (person_name) VALUES ('Olivier Giroud');
INSERT INTO player (person_id, player_position, minutes_played, player_goals, player_yellow_cards, player_red_cards, player_team, player_country) VALUES (472, 'Forward', 832, 2, 1, 0, 16, 5);
INSERT INTO person (person_name) VALUES ('Oriol Romeu');
INSERT INTO player (person_id, player_position, minutes_played, player_goals, player_yellow_cards, player_red_cards, player_team, player_country) VALUES (473, 'Midfielder', 2140, 1, 11, 0, 9, 8);
INSERT INTO person (person_name) VALUES ('Oumar Niasse');
INSERT INTO player (person_id, player_position, minutes_played, player_goals, player_yellow_cards, player_red_cards, player_team, player_country) VALUES (474, 'Forward', 998, 0, 0, 0, 11, 33);
INSERT INTO person (person_name) VALUES ('Pablo Zabaleta');
INSERT INTO player (person_id, player_position, minutes_played, player_goals, player_yellow_cards, player_red_cards, player_team, player_country) VALUES (475, 'Defender', 2092, 0, 4, 0, 15, 44);
INSERT INTO person (person_name) VALUES ('Pape NDiaye Souaré');
INSERT INTO player (person_id, player_position, minutes_played, player_goals, player_yellow_cards, player_red_cards, player_team, player_country) VALUES (476, 'Defender', 0, 0, 0, 0, 20, 33);
INSERT INTO person (person_name) VALUES ('Pascal Groß');
INSERT INTO player (person_id, player_position, minutes_played, player_goals, player_yellow_cards, player_red_cards, player_team, player_country) VALUES (477, 'Midfielder', 1878, 3, 1, 0, 19, 17);
INSERT INTO person (person_name) VALUES ('Patrick van Aanholt');
INSERT INTO player (person_id, player_position, minutes_played, player_goals, player_yellow_cards, player_red_cards, player_team, player_country) VALUES (478, 'Defender', 3198, 3, 3, 0, 20, 40);
INSERT INTO person (person_name) VALUES ('Paul Dummett');
INSERT INTO player (person_id, player_position, minutes_played, player_goals, player_yellow_cards, player_red_cards, player_team, player_country) VALUES (479, 'Defender', 1986, 0, 1, 0, 2, 2);
INSERT INTO person (person_name) VALUES ('Paul Pogba');
INSERT INTO player (person_id, player_position, minutes_played, player_goals, player_yellow_cards, player_red_cards, player_team, player_country) VALUES (480, 'Midfielder', 3011, 13, 6, 0, 1, 5);
INSERT INTO person (person_name) VALUES ('Paulo Gazzaniga');
INSERT INTO player (person_id, player_position, minutes_played, player_goals, player_yellow_cards, player_red_cards, player_team, player_country) VALUES (481, 'Goalkeeper', 270, 0, 0, 0, 14, 44);
INSERT INTO person (person_name) VALUES ('Pedro Obiang');
INSERT INTO player (person_id, player_position, minutes_played, player_goals, player_yellow_cards, player_red_cards, player_team, player_country) VALUES (482, 'Midfielder', 1121, 0, 0, 0, 15, 64);
INSERT INTO person (person_name) VALUES ('Pedro Rodriguez');
INSERT INTO player (person_id, player_position, minutes_played, player_goals, player_yellow_cards, player_red_cards, player_team, player_country) VALUES (483, 'Midfielder', 1780, 8, 2, 0, 16, 8);
INSERT INTO person (person_name) VALUES ('Peter Crouch');
INSERT INTO player (person_id, player_position, minutes_played, player_goals, player_yellow_cards, player_red_cards, player_team, player_country) VALUES (484, 'Forward', 86, 0, 1, 0, 17, 1);
INSERT INTO person (person_name) VALUES ('Petr Čech');
INSERT INTO player (person_id, player_position, minutes_played, player_goals, player_yellow_cards, player_red_cards, player_team, player_country) VALUES (485, 'Goalkeeper', 585, 0, 0, 0, 10, 59);
INSERT INTO person (person_name) VALUES ('Phil Bardsley');
INSERT INTO player (person_id, player_position, minutes_played, player_goals, player_yellow_cards, player_red_cards, player_team, player_country) VALUES (486, 'Defender', 1672, 0, 9, 0, 17, 20);
INSERT INTO person (person_name) VALUES ('Phil Foden');
INSERT INTO player (person_id, player_position, minutes_played, player_goals, player_yellow_cards, player_red_cards, player_team, player_country) VALUES (487, 'Midfielder', 327, 1, 0, 0, 18, 1);
INSERT INTO person (person_name) VALUES ('Phil Jagielka');
INSERT INTO player (person_id, player_position, minutes_played, player_goals, player_yellow_cards, player_red_cards, player_team, player_country) VALUES (488, 'Defender', 329, 1, 1, 1, 12, 1);
INSERT INTO person (person_name) VALUES ('Phil Jones');
INSERT INTO player (person_id, player_position, minutes_played, player_goals, player_yellow_cards, player_red_cards, player_team, player_country) VALUES (489, 'Defender', 1263, 0, 1, 0, 1, 1);
INSERT INTO person (person_name) VALUES ('Philip Billing');
INSERT INTO player (person_id, player_position, minutes_played, player_goals, player_yellow_cards, player_red_cards, player_team, player_country) VALUES (490, 'Midfielder', 2192, 2, 7, 0, 5, 19);
INSERT INTO person (person_name) VALUES ('Philippe Sandler');
INSERT INTO player (person_id, player_position, minutes_played, player_goals, player_yellow_cards, player_red_cards, player_team, player_country) VALUES (491, 'Defender', 0, 0, 0, 0, 18, 40);
INSERT INTO person (person_name) VALUES ('Pierre-Emerick Aubameyang');
INSERT INTO player (person_id, player_position, minutes_played, player_goals, player_yellow_cards, player_red_cards, player_team, player_country) VALUES (492, 'Forward', 2731, 22, 0, 0, 10, 30);
INSERT INTO person (person_name) VALUES ('Pierre-Emile Højbjerg');
INSERT INTO player (person_id, player_position, minutes_played, player_goals, player_yellow_cards, player_red_cards, player_team, player_country) VALUES (493, 'Midfielder', 2764, 4, 10, 2, 9, 19);
INSERT INTO person (person_name) VALUES ('Rachid Ghezzal');
INSERT INTO player (person_id, player_position, minutes_played, player_goals, player_yellow_cards, player_red_cards, player_team, player_country) VALUES (494, 'Forward', 738, 1, 3, 0, 13, 65);
INSERT INTO person (person_name) VALUES ('Rafael Euclides Soares Camacho');
INSERT INTO player (person_id, player_position, minutes_played, player_goals, player_yellow_cards, player_red_cards, player_team, player_country) VALUES (495, 'Midfielder', 0, 0, 0, 0, 8, 10);
INSERT INTO person (person_name) VALUES ('Raheem Sterling');
INSERT INTO player (person_id, player_position, minutes_played, player_goals, player_yellow_cards, player_red_cards, player_team, player_country) VALUES (496, 'Forward', 2777, 17, 3, 0, 18, 1);
INSERT INTO person (person_name) VALUES ('Rajiv van La Parra');
INSERT INTO player (person_id, player_position, minutes_played, player_goals, player_yellow_cards, player_red_cards, player_team, player_country) VALUES (497, 'Midfielder', 407, 0, 0, 0, 5, 40);
INSERT INTO person (person_name) VALUES ('Ramadan Sobhi');
INSERT INTO player (person_id, player_position, minutes_played, player_goals, player_yellow_cards, player_red_cards, player_team, player_country) VALUES (498, 'Forward', 75, 0, 0, 0, 5, 61);
INSERT INTO person (person_name) VALUES ('Raúl Jiménez');
INSERT INTO player (person_id, player_position, minutes_played, player_goals, player_yellow_cards, player_red_cards, player_team, player_country) VALUES (499, 'Forward', 3124, 13, 4, 0, 7, 52);
INSERT INTO person (person_name) VALUES ('Rhys Healey');
INSERT INTO player (person_id, player_position, minutes_played, player_goals, player_yellow_cards, player_red_cards, player_team, player_country) VALUES (500, 'Forward', 49, 0, 0, 0, 11, 1);
INSERT INTO person (person_name) VALUES ('Ricardo Pereira');
INSERT INTO player (person_id, player_position, minutes_played, player_goals, player_yellow_cards, player_red_cards, player_team, player_country) VALUES (501, 'Defender', 3125, 2, 7, 0, 13, 10);
INSERT INTO person (person_name) VALUES ('Richarlison');
INSERT INTO player (person_id, player_position, minutes_played, player_goals, player_yellow_cards, player_red_cards, player_team, player_country) VALUES (502, 'Forward', 2679, 13, 6, 1, 12, 16);
INSERT INTO person (person_name) VALUES ('Riyad Mahrez');
INSERT INTO player (person_id, player_position, minutes_played, player_goals, player_yellow_cards, player_red_cards, player_team, player_country) VALUES (503, 'Midfielder', 1339, 7, 0, 0, 18, 65);
INSERT INTO person (person_name) VALUES ('Rob Holding');
INSERT INTO player (person_id, player_position, minutes_played, player_goals, player_yellow_cards, player_red_cards, player_team, player_country) VALUES (504, 'Defender', 807, 0, 1, 0, 10, 1);
INSERT INTO person (person_name) VALUES ('Robbie Brady');
INSERT INTO player (person_id, player_position, minutes_played, player_goals, player_yellow_cards, player_red_cards, player_team, player_country) VALUES (505, 'Midfielder', 715, 0, 4, 1, 17, 29);
INSERT INTO person (person_name) VALUES ('Robert Kenedy Nunes do Nascimento');
INSERT INTO player (person_id, player_position, minutes_played, player_goals, player_yellow_cards, player_red_cards, player_team, player_country) VALUES (506, 'Midfielder', 1344, 1, 1, 0, 2, 16);
INSERT INTO person (person_name) VALUES ('Robert Snodgrass');
INSERT INTO player (person_id, player_position, minutes_played, player_goals, player_yellow_cards, player_red_cards, player_team, player_country) VALUES (507, 'Midfielder', 2222, 2, 10, 0, 15, 20);
INSERT INTO person (person_name) VALUES ('Roberto Firmino');
INSERT INTO player (person_id, player_position, minutes_played, player_goals, player_yellow_cards, player_red_cards, player_team, player_country) VALUES (508, 'Forward', 2620, 12, 0, 0, 8, 16);
INSERT INTO person (person_name) VALUES ('Roberto Pereyra');
INSERT INTO player (person_id, player_position, minutes_played, player_goals, player_yellow_cards, player_red_cards, player_team, player_country) VALUES (509, 'Forward', 2825, 6, 3, 0, 6, 44);
INSERT INTO person (person_name) VALUES ('Romain Saïss');
INSERT INTO player (person_id, player_position, minutes_played, player_goals, player_yellow_cards, player_red_cards, player_team, player_country) VALUES (510, 'Midfielder', 1144, 2, 7, 0, 7, 4);
INSERT INTO person (person_name) VALUES ('Romelu Lukaku');
INSERT INTO player (person_id, player_position, minutes_played, player_goals, player_yellow_cards, player_red_cards, player_team, player_country) VALUES (511, 'Forward', 2130, 12, 4, 0, 1, 36);
INSERT INTO person (person_name) VALUES ('Rondon');
INSERT INTO player (person_id, player_position, minutes_played, player_goals, player_yellow_cards, player_red_cards, player_team, player_country) VALUES (512, 'Forward', 2609, 11, 1, 0, 2, 6);
INSERT INTO person (person_name) VALUES ('Ross Barkley');
INSERT INTO player (person_id, player_position, minutes_played, player_goals, player_yellow_cards, player_red_cards, player_team, player_country) VALUES (513, 'Midfielder', 1241, 3, 1, 0, 16, 1);
INSERT INTO person (person_name) VALUES ('Ruben Loftus-Cheek');
INSERT INTO player (person_id, player_position, minutes_played, player_goals, player_yellow_cards, player_red_cards, player_team, player_country) VALUES (514, 'Midfielder', 983, 6, 0, 0, 16, 1);
INSERT INTO person (person_name) VALUES ('Rúben Neves');
INSERT INTO player (person_id, player_position, minutes_played, player_goals, player_yellow_cards, player_red_cards, player_team, player_country) VALUES (515, 'Midfielder', 3009, 4, 8, 0, 7, 10);
INSERT INTO person (person_name) VALUES ('Ruben Vinagre');
INSERT INTO player (person_id, player_position, minutes_played, player_goals, player_yellow_cards, player_red_cards, player_team, player_country) VALUES (516, 'Defender', 703, 0, 1, 0, 7, 10);
INSERT INTO person (person_name) VALUES ('Rui Patrício');
INSERT INTO player (person_id, player_position, minutes_played, player_goals, player_yellow_cards, player_red_cards, player_team, player_country) VALUES (517, 'Goalkeeper', 3330, 0, 0, 0, 7, 10);
INSERT INTO person (person_name) VALUES ('Ryan Bennett');
INSERT INTO player (person_id, player_position, minutes_played, player_goals, player_yellow_cards, player_red_cards, player_team, player_country) VALUES (518, 'Defender', 3060, 1, 12, 0, 7, 1);
INSERT INTO person (person_name) VALUES ('Ryan Bertrand');
INSERT INTO player (person_id, player_position, minutes_played, player_goals, player_yellow_cards, player_red_cards, player_team, player_country) VALUES (519, 'Defender', 2160, 1, 8, 0, 9, 1);
INSERT INTO person (person_name) VALUES ('Ryan Fraser');
INSERT INTO player (person_id, player_position, minutes_played, player_goals, player_yellow_cards, player_red_cards, player_team, player_country) VALUES (520, 'Midfielder', 3173, 7, 2, 0, 3, 20);
INSERT INTO person (person_name) VALUES ('Ryan Fredericks');
INSERT INTO player (person_id, player_position, minutes_played, player_goals, player_yellow_cards, player_red_cards, player_team, player_country) VALUES (521, 'Midfielder', 1085, 1, 5, 0, 15, 1);
INSERT INTO person (person_name) VALUES ('Ryan Giles');
INSERT INTO player (person_id, player_position, minutes_played, player_goals, player_yellow_cards, player_red_cards, player_team, player_country) VALUES (522, 'Midfielder', 0, 0, 0, 0, 7, 1);
INSERT INTO person (person_name) VALUES ('Ryan Guno Babel');
INSERT INTO player (person_id, player_position, minutes_played, player_goals, player_yellow_cards, player_red_cards, player_team, player_country) VALUES (523, 'Forward', 1260, 5, 3, 0, 4, 40);
INSERT INTO person (person_name) VALUES ('Ryan Schofield');
INSERT INTO player (person_id, player_position, minutes_played, player_goals, player_yellow_cards, player_red_cards, player_team, player_country) VALUES (524, 'Goalkeeper', 0, 0, 0, 0, 5, 1);
INSERT INTO person (person_name) VALUES ('Ryan Sessegnon');
INSERT INTO player (person_id, player_position, minutes_played, player_goals, player_yellow_cards, player_red_cards, player_team, player_country) VALUES (525, 'Defender', 2298, 2, 0, 0, 4, 1);
INSERT INTO person (person_name) VALUES ('Sadio Mané');
INSERT INTO player (person_id, player_position, minutes_played, player_goals, player_yellow_cards, player_red_cards, player_team, player_country) VALUES (526, 'Forward', 3086, 22, 2, 0, 8, 33);
INSERT INTO person (person_name) VALUES ('Sam Gallagher');
INSERT INTO player (person_id, player_position, minutes_played, player_goals, player_yellow_cards, player_red_cards, player_team, player_country) VALUES (527, 'Forward', 30, 0, 0, 0, 9, 1);
INSERT INTO person (person_name) VALUES ('Sam Surridge');
INSERT INTO player (person_id, player_position, minutes_played, player_goals, player_yellow_cards, player_red_cards, player_team, player_country) VALUES (528, 'Forward', 11, 0, 0, 0, 3, 1);
INSERT INTO person (person_name) VALUES ('Sam Vokes');
INSERT INTO player (person_id, player_position, minutes_played, player_goals, player_yellow_cards, player_red_cards, player_team, player_country) VALUES (529, 'Forward', 913, 3, 0, 0, 17, 2);
INSERT INTO person (person_name) VALUES ('Sam Woods');
INSERT INTO player (person_id, player_position, minutes_played, player_goals, player_yellow_cards, player_red_cards, player_team, player_country) VALUES (530, 'Defender', 0, 0, 0, 0, 20, 1);
INSERT INTO person (person_name) VALUES ('Samir Nasri');
INSERT INTO player (person_id, player_position, minutes_played, player_goals, player_yellow_cards, player_red_cards, player_team, player_country) VALUES (531, 'Midfielder', 246, 0, 0, 0, 15, 5);
INSERT INTO person (person_name) VALUES ('Sandro Ramirez');
INSERT INTO player (person_id, player_position, minutes_played, player_goals, player_yellow_cards, player_red_cards, player_team, player_country) VALUES (532, 'Forward', 0, 0, 0, 0, 12, 8);
INSERT INTO person (person_name) VALUES ('Scott Dann');
INSERT INTO player (person_id, player_position, minutes_played, player_goals, player_yellow_cards, player_red_cards, player_team, player_country) VALUES (533, 'Defender', 660, 0, 1, 0, 20, 1);
INSERT INTO person (person_name) VALUES ('Scott McTominay');
INSERT INTO player (person_id, player_position, minutes_played, player_goals, player_yellow_cards, player_red_cards, player_team, player_country) VALUES (534, 'Midfielder', 861, 2, 1, 0, 1, 1);
INSERT INTO person (person_name) VALUES ('Sead Kolašinac');
INSERT INTO player (person_id, player_position, minutes_played, player_goals, player_yellow_cards, player_red_cards, player_team, player_country) VALUES (535, 'Defender', 1891, 0, 5, 0, 10, 26);
INSERT INTO person (person_name) VALUES ('Séamus Coleman');
INSERT INTO player (person_id, player_position, minutes_played, player_goals, player_yellow_cards, player_red_cards, player_team, player_country) VALUES (536, 'Defender', 2560, 2, 1, 0, 12, 29);
INSERT INTO person (person_name) VALUES ('Sean Longstaff');
INSERT INTO player (person_id, player_position, minutes_played, player_goals, player_yellow_cards, player_red_cards, player_team, player_country) VALUES (537, 'Midfielder', 688, 1, 2, 0, 2, 1);
INSERT INTO person (person_name) VALUES ('Sean Morrison');
INSERT INTO player (person_id, player_position, minutes_played, player_goals, player_yellow_cards, player_red_cards, player_team, player_country) VALUES (538, 'Defender', 3040, 1, 6, 0, 11, 1);
INSERT INTO person (person_name) VALUES ('Sebastian Prödl');
INSERT INTO player (person_id, player_position, minutes_played, player_goals, player_yellow_cards, player_red_cards, player_team, player_country) VALUES (539, 'Defender', 13, 0, 0, 0, 6, 37);
INSERT INTO person (person_name) VALUES ('Serge Aurier');
INSERT INTO player (person_id, player_position, minutes_played, player_goals, player_yellow_cards, player_red_cards, player_team, player_country) VALUES (540, 'Defender', 564, 0, 1, 0, 14, 45);
INSERT INTO person (person_name) VALUES ('Sergio Aguero');
INSERT INTO player (person_id, player_position, minutes_played, player_goals, player_yellow_cards, player_red_cards, player_team, player_country) VALUES (541, 'Forward', 2480, 21, 3, 0, 18, 44);
INSERT INTO person (person_name) VALUES ('Sergio Rico');
INSERT INTO player (person_id, player_position, minutes_played, player_goals, player_yellow_cards, player_red_cards, player_team, player_country) VALUES (542, 'Goalkeeper', 2610, 0, 1, 0, 4, 8);
INSERT INTO person (person_name) VALUES ('Sergio Romero');
INSERT INTO player (person_id, player_position, minutes_played, player_goals, player_yellow_cards, player_red_cards, player_team, player_country) VALUES (543, 'Goalkeeper', 0, 0, 0, 0, 1, 44);
INSERT INTO person (person_name) VALUES ('Shane Duffy');
INSERT INTO player (person_id, player_position, minutes_played, player_goals, player_yellow_cards, player_red_cards, player_team, player_country) VALUES (544, 'Defender', 3088, 5, 5, 1, 19, 29);
INSERT INTO person (person_name) VALUES ('Shane Long');
INSERT INTO player (person_id, player_position, minutes_played, player_goals, player_yellow_cards, player_red_cards, player_team, player_country) VALUES (545, 'Forward', 1269, 5, 3, 0, 9, 29);
INSERT INTO person (person_name) VALUES ('Shinji Okazaki');
INSERT INTO player (person_id, player_position, minutes_played, player_goals, player_yellow_cards, player_red_cards, player_team, player_country) VALUES (546, 'Forward', 269, 0, 0, 0, 13, 60);
INSERT INTO person (person_name) VALUES ('Shkodran Mustafi');
INSERT INTO player (person_id, player_position, minutes_played, player_goals, player_yellow_cards, player_red_cards, player_team, player_country) VALUES (547, 'Defender', 2617, 2, 9, 0, 10, 17);
INSERT INTO person (person_name) VALUES ('Simon Francis');
INSERT INTO player (person_id, player_position, minutes_played, player_goals, player_yellow_cards, player_red_cards, player_team, player_country) VALUES (548, 'Defender', 1226, 0, 1, 0, 3, 1);
INSERT INTO person (person_name) VALUES ('Simon Mignolet');
INSERT INTO player (person_id, player_position, minutes_played, player_goals, player_yellow_cards, player_red_cards, player_team, player_country) VALUES (549, 'Goalkeeper', 0, 0, 0, 0, 8, 36);
INSERT INTO person (person_name) VALUES ('Sokratis Papastathopoulos');
INSERT INTO player (person_id, player_position, minutes_played, player_goals, player_yellow_cards, player_red_cards, player_team, player_country) VALUES (550, 'Defender', 2199, 1, 12, 0, 10, 54);
INSERT INTO person (person_name) VALUES ('Solly March');
INSERT INTO player (person_id, player_position, minutes_played, player_goals, player_yellow_cards, player_red_cards, player_team, player_country) VALUES (551, 'Midfielder', 2473, 1, 1, 0, 19, 1);
INSERT INTO person (person_name) VALUES ('Souleymane Bamba');
INSERT INTO player (person_id, player_position, minutes_played, player_goals, player_yellow_cards, player_red_cards, player_team, player_country) VALUES (552, 'Defender', 2475, 4, 7, 0, 11, 45);
INSERT INTO person (person_name) VALUES ('Stefan Marius Johansen');
INSERT INTO player (person_id, player_position, minutes_played, player_goals, player_yellow_cards, player_red_cards, player_team, player_country) VALUES (553, 'Midfielder', 412, 0, 4, 0, 4, 13);
INSERT INTO person (person_name) VALUES ('Stefano Okaka');
INSERT INTO player (person_id, player_position, minutes_played, player_goals, player_yellow_cards, player_red_cards, player_team, player_country) VALUES (554, 'Forward', 22, 0, 1, 0, 6, 7);
INSERT INTO person (person_name) VALUES ('Stephan Lichtsteiner');
INSERT INTO player (person_id, player_position, minutes_played, player_goals, player_yellow_cards, player_red_cards, player_team, player_country) VALUES (555, 'Defender', 940, 0, 3, 0, 10, 47);
INSERT INTO person (person_name) VALUES ('Stephen Ward');
INSERT INTO player (person_id, player_position, minutes_played, player_goals, player_yellow_cards, player_red_cards, player_team, player_country) VALUES (556, 'Defender', 230, 0, 1, 0, 17, 29);
INSERT INTO person (person_name) VALUES ('Steve Cook');
INSERT INTO player (person_id, player_position, minutes_played, player_goals, player_yellow_cards, player_red_cards, player_team, player_country) VALUES (557, 'Defender', 2787, 1, 3, 0, 3, 1);
INSERT INTO person (person_name) VALUES ('Steve Mounié');
INSERT INTO player (person_id, player_position, minutes_played, player_goals, player_yellow_cards, player_red_cards, player_team, player_country) VALUES (558, 'Forward', 1777, 2, 2, 1, 5, 66);
INSERT INTO person (person_name) VALUES ('Steven Davis');
INSERT INTO player (person_id, player_position, minutes_played, player_goals, player_yellow_cards, player_red_cards, player_team, player_country) VALUES (559, 'Midfielder', 96, 0, 0, 0, 9, 38);
INSERT INTO person (person_name) VALUES ('Steven Defour');
INSERT INTO player (person_id, player_position, minutes_played, player_goals, player_yellow_cards, player_red_cards, player_team, player_country) VALUES (560, 'Midfielder', 452, 0, 0, 0, 17, 36);
INSERT INTO person (person_name) VALUES ('Stuart Armstrong');
INSERT INTO player (person_id, player_position, minutes_played, player_goals, player_yellow_cards, player_red_cards, player_team, player_country) VALUES (561, 'Midfielder', 1432, 3, 2, 0, 9, 20);
INSERT INTO person (person_name) VALUES ('Sullay Kaikai');
INSERT INTO player (person_id, player_position, minutes_played, player_goals, player_yellow_cards, player_red_cards, player_team, player_country) VALUES (562, 'Midfielder', 0, 0, 0, 0, 20, 1);
INSERT INTO person (person_name) VALUES ('Tahith Chong');
INSERT INTO player (person_id, player_position, minutes_played, player_goals, player_yellow_cards, player_red_cards, player_team, player_country) VALUES (563, 'Forward', 36, 0, 0, 0, 1, 40);
INSERT INTO person (person_name) VALUES ('Terence Kongolo');
INSERT INTO player (person_id, player_position, minutes_played, player_goals, player_yellow_cards, player_red_cards, player_team, player_country) VALUES (564, 'Defender', 2722, 1, 4, 0, 5, 40);
INSERT INTO person (person_name) VALUES ('Theo Walcott');
INSERT INTO player (person_id, player_position, minutes_played, player_goals, player_yellow_cards, player_red_cards, player_team, player_country) VALUES (565, 'Forward', 2122, 5, 1, 0, 12, 1);
INSERT INTO person (person_name) VALUES ('Tim Ream');
INSERT INTO player (person_id, player_position, minutes_played, player_goals, player_yellow_cards, player_red_cards, player_team, player_country) VALUES (566, 'Defender', 2051, 0, 1, 0, 4, 39);
INSERT INTO person (person_name) VALUES ('Timothy Eyoma');
INSERT INTO player (person_id, player_position, minutes_played, player_goals, player_yellow_cards, player_red_cards, player_team, player_country) VALUES (567, 'Defender', 0, 0, 0, 0, 14, 1);
INSERT INTO person (person_name) VALUES ('Timothy Fosu-Mensah');
INSERT INTO player (person_id, player_position, minutes_played, player_goals, player_yellow_cards, player_red_cards, player_team, player_country) VALUES (568, 'Defender', 795, 0, 3, 0, 4, 40);
INSERT INTO person (person_name) VALUES ('Toby Alderweireld');
INSERT INTO player (person_id, player_position, minutes_played, player_goals, player_yellow_cards, player_red_cards, player_team, player_country) VALUES (569, 'Defender', 2924, 0, 3, 0, 14, 36);
INSERT INTO person (person_name) VALUES ('Tom Cairney');
INSERT INTO player (person_id, player_position, minutes_played, player_goals, player_yellow_cards, player_red_cards, player_team, player_country) VALUES (570, 'Midfielder', 2198, 1, 0, 0, 4, 20);
INSERT INTO person (person_name) VALUES ('Tom Cleverley');
INSERT INTO player (person_id, player_position, minutes_played, player_goals, player_yellow_cards, player_red_cards, player_team, player_country) VALUES (571, 'Midfielder', 470, 1, 2, 0, 6, 1);
INSERT INTO person (person_name) VALUES ('Tom Davies');
INSERT INTO player (person_id, player_position, minutes_played, player_goals, player_yellow_cards, player_red_cards, player_team, player_country) VALUES (572, 'Midfielder', 975, 0, 3, 0, 12, 1);
INSERT INTO person (person_name) VALUES ('Tom Heaton');
INSERT INTO player (person_id, player_position, minutes_played, player_goals, player_yellow_cards, player_red_cards, player_team, player_country) VALUES (573, 'Goalkeeper', 1710, 0, 3, 0, 17, 1);
INSERT INTO person (person_name) VALUES ('Tom Smith');
INSERT INTO player (person_id, player_position, minutes_played, player_goals, player_yellow_cards, player_red_cards, player_team, player_country) VALUES (574, 'Defender', 1141, 0, 3, 1, 5, 1);
INSERT INTO person (person_name) VALUES ('Trent Alexander-Arnold');
INSERT INTO player (person_id, player_position, minutes_played, player_goals, player_yellow_cards, player_red_cards, player_team, player_country) VALUES (575, 'Defender', 2467, 1, 3, 0, 8, 1);
INSERT INTO person (person_name) VALUES ('Troy Deeney');
INSERT INTO player (person_id, player_position, minutes_played, player_goals, player_yellow_cards, player_red_cards, player_team, player_country) VALUES (576, 'Forward', 2548, 9, 5, 1, 6, 1);
INSERT INTO person (person_name) VALUES ('Tyias Browning');
INSERT INTO player (person_id, player_position, minutes_played, player_goals, player_yellow_cards, player_red_cards, player_team, player_country) VALUES (577, 'Defender', 0, 0, 0, 0, 12, 1);
INSERT INTO person (person_name) VALUES ('Tyreke Johnson');
INSERT INTO player (person_id, player_position, minutes_played, player_goals, player_yellow_cards, player_red_cards, player_team, player_country) VALUES (578, 'Defender', 0, 0, 0, 0, 9, 1);
INSERT INTO person (person_name) VALUES ('Tyrone Mings');
INSERT INTO player (person_id, player_position, minutes_played, player_goals, player_yellow_cards, player_red_cards, player_team, player_country) VALUES (579, 'Defender', 141, 0, 0, 0, 3, 1);
INSERT INTO person (person_name) VALUES ('Vicente Guaita');
INSERT INTO player (person_id, player_position, minutes_played, player_goals, player_yellow_cards, player_red_cards, player_team, player_country) VALUES (580, 'Goalkeeper', 1755, 0, 2, 0, 20, 8);
INSERT INTO person (person_name) VALUES ('Vicente Iborra De La Fuente');
INSERT INTO player (person_id, player_position, minutes_played, player_goals, player_yellow_cards, player_red_cards, player_team, player_country) VALUES (581, 'Midfielder', 226, 0, 0, 0, 13, 8);
INSERT INTO person (person_name) VALUES ('Víctor Camarasa');
INSERT INTO player (person_id, player_position, minutes_played, player_goals, player_yellow_cards, player_red_cards, player_team, player_country) VALUES (582, 'Midfielder', 2579, 5, 6, 0, 11, 8);
INSERT INTO person (person_name) VALUES ('Victor Lindelöf');
INSERT INTO player (person_id, player_position, minutes_played, player_goals, player_yellow_cards, player_red_cards, player_team, player_country) VALUES (583, 'Defender', 2602, 1, 1, 0, 1, 55);
INSERT INTO person (person_name) VALUES ('Victor Moses');
INSERT INTO player (person_id, player_position, minutes_played, player_goals, player_yellow_cards, player_red_cards, player_team, player_country) VALUES (584, 'Midfielder', 26, 0, 0, 0, 16, 12);
INSERT INTO person (person_name) VALUES ('Victor Wanyama');
INSERT INTO player (person_id, player_position, minutes_played, player_goals, player_yellow_cards, player_red_cards, player_team, player_country) VALUES (585, 'Midfielder', 509, 1, 2, 0, 14, 67);
INSERT INTO person (person_name) VALUES ('Viktor Gyökeres');
INSERT INTO player (person_id, player_position, minutes_played, player_goals, player_yellow_cards, player_red_cards, player_team, player_country) VALUES (586, 'Forward', 0, 0, 0, 0, 19, 55);
INSERT INTO person (person_name) VALUES ('Vincent Janssen');
INSERT INTO player (person_id, player_position, minutes_played, player_goals, player_yellow_cards, player_red_cards, player_team, player_country) VALUES (587, 'Forward', 36, 0, 0, 0, 14, 40);
INSERT INTO person (person_name) VALUES ('Vincent Kompany');
INSERT INTO player (person_id, player_position, minutes_played, player_goals, player_yellow_cards, player_red_cards, player_team, player_country) VALUES (588, 'Defender', 1223, 1, 6, 0, 18, 36);
INSERT INTO person (person_name) VALUES ('Virgil van Dijk');
INSERT INTO player (person_id, player_position, minutes_played, player_goals, player_yellow_cards, player_red_cards, player_team, player_country) VALUES (589, 'Defender', 3385, 4, 1, 0, 8, 40);
INSERT INTO person (person_name) VALUES ('Wayne Hennessey');
INSERT INTO player (person_id, player_position, minutes_played, player_goals, player_yellow_cards, player_red_cards, player_team, player_country) VALUES (590, 'Goalkeeper', 1575, 0, 0, 0, 20, 2);
INSERT INTO person (person_name) VALUES ('Wes Morgan');
INSERT INTO player (person_id, player_position, minutes_played, player_goals, player_yellow_cards, player_red_cards, player_team, player_country) VALUES (591, 'Defender', 1926, 3, 5, 2, 13, 9);
INSERT INTO person (person_name) VALUES ('Wesley Hoedt');
INSERT INTO player (person_id, player_position, minutes_played, player_goals, player_yellow_cards, player_red_cards, player_team, player_country) VALUES (592, 'Defender', 1170, 0, 2, 0, 9, 40);
INSERT INTO person (person_name) VALUES ('Wilfred Ndidi');
INSERT INTO player (person_id, player_position, minutes_played, player_goals, player_yellow_cards, player_red_cards, player_team, player_country) VALUES (593, 'Midfielder', 3299, 2, 8, 0, 13, 12);
INSERT INTO person (person_name) VALUES ('Wilfried Zaha');
INSERT INTO player (person_id, player_position, minutes_played, player_goals, player_yellow_cards, player_red_cards, player_team, player_country) VALUES (594, 'Midfielder', 3041, 10, 10, 1, 20, 45);
INSERT INTO person (person_name) VALUES ('Will Hughes');
INSERT INTO player (person_id, player_position, minutes_played, player_goals, player_yellow_cards, player_red_cards, player_team, player_country) VALUES (595, 'Midfielder', 2436, 2, 5, 0, 6, 1);
INSERT INTO person (person_name) VALUES ('Will Norris');
INSERT INTO player (person_id, player_position, minutes_played, player_goals, player_yellow_cards, player_red_cards, player_team, player_country) VALUES (596, 'Goalkeeper', 0, 0, 0, 0, 7, 1);
INSERT INTO person (person_name) VALUES ('Willian');
INSERT INTO player (person_id, player_position, minutes_played, player_goals, player_yellow_cards, player_red_cards, player_team, player_country) VALUES (597, 'Forward', 2108, 3, 2, 0, 16, 16);
INSERT INTO person (person_name) VALUES ('Willy Boly');
INSERT INTO player (person_id, player_position, minutes_played, player_goals, player_yellow_cards, player_red_cards, player_team, player_country) VALUES (598, 'Defender', 3169, 4, 3, 1, 7, 5);
INSERT INTO person (person_name) VALUES ('Willy Caballero');
INSERT INTO player (person_id, player_position, minutes_played, player_goals, player_yellow_cards, player_red_cards, player_team, player_country) VALUES (599, 'Goalkeeper', 180, 0, 0, 0, 16, 44);
INSERT INTO person (person_name) VALUES ('Xherdan Shaqiri');
INSERT INTO player (person_id, player_position, minutes_played, player_goals, player_yellow_cards, player_red_cards, player_team, player_country) VALUES (600, 'Midfielder', 1058, 6, 2, 0, 8, 47);
INSERT INTO person (person_name) VALUES ('Yan Valery');
INSERT INTO player (person_id, player_position, minutes_played, player_goals, player_yellow_cards, player_red_cards, player_team, player_country) VALUES (601, 'Defender', 1715, 2, 5, 1, 9, 5);
INSERT INTO person (person_name) VALUES ('Yerry Mina');
INSERT INTO player (person_id, player_position, minutes_played, player_goals, player_yellow_cards, player_red_cards, player_team, player_country) VALUES (602, 'Defender', 890, 1, 3, 0, 12, 32);
INSERT INTO person (person_name) VALUES ('Yoshinori Muto');
INSERT INTO player (person_id, player_position, minutes_played, player_goals, player_yellow_cards, player_red_cards, player_team, player_country) VALUES (603, 'Forward', 516, 1, 1, 0, 2, 60);
INSERT INTO person (person_name) VALUES ('Youri Tielemans');
INSERT INTO player (person_id, player_position, minutes_played, player_goals, player_yellow_cards, player_red_cards, player_team, player_country) VALUES (604, 'Midfielder', 1092, 3, 2, 0, 13, 36);
INSERT INTO person (person_name) VALUES ('Yves Bissouma');
INSERT INTO player (person_id, player_position, minutes_played, player_goals, player_yellow_cards, player_red_cards, player_team, player_country) VALUES (605, 'Midfielder', 1769, 0, 5, 0, 19, 27);
INSERT INTO person (person_name) VALUES ('Zechariah Medley');
INSERT INTO player (person_id, player_position, minutes_played, player_goals, player_yellow_cards, player_red_cards, player_team, player_country) VALUES (606, 'Defender', 0, 0, 0, 0, 10, 1);
INSERT INTO person (person_name) VALUES ('Zeze  Steven Sessegnon');
INSERT INTO player (person_id, player_position, minutes_played, player_goals, player_yellow_cards, player_red_cards, player_team, player_country) VALUES (607, 'Defender', 0, 0, 0, 0, 4, 1);
INSERT INTO person (person_name) VALUES ('Łukasz Fabiański');
INSERT INTO player (person_id, player_position, minutes_played, player_goals, player_yellow_cards, player_red_cards, player_team, player_country) VALUES (608, 'Goalkeeper', 3420, 0, 0, 0, 15, 25);



--- GPT integration for players 
-- Players from other leagues
-- Player 1: Goalkeeper
INSERT INTO person (person_name) VALUES ('Jan Oblak');
INSERT INTO player (person_id, player_position, minutes_played, player_goals, player_yellow_cards, player_red_cards, player_team, player_country) VALUES (609, 'Goalkeeper', 1800, 0, 0, 0, 10, 33);

-- Player 2: Left Back
INSERT INTO person (person_name) VALUES ('David Alaba');
INSERT INTO player (person_id, player_position, minutes_played, player_goals, player_yellow_cards, player_red_cards, player_team, player_country) VALUES (610, 'Defender', 1600, 2, 3, 0, 12, 34);

-- Player 3: Central Midfielder
INSERT INTO person (person_name) VALUES ('Marco Verratti');
INSERT INTO player (person_id, player_position, minutes_played, player_goals, player_yellow_cards, player_red_cards, player_team, player_country) VALUES (611, 'Midfielder', 1700, 4, 1, 0, 7, 35);

-- Player 4: Striker
INSERT INTO person (person_name) VALUES ('Kylian Mbappe');
INSERT INTO player (person_id, player_position, minutes_played, player_goals, player_yellow_cards, player_red_cards, player_team, player_country) VALUES (612, 'Forward', 1500, 17, 2, 0, 3, 36);

-- Player 5: Defensive Midfielder
INSERT INTO person (person_name) VALUES ('Casemiro');
INSERT INTO player (person_id, player_position, minutes_played, player_goals, player_yellow_cards, player_red_cards, player_team, player_country) VALUES (613, 'Midfielder', 1600, 3, 5, 0, 18, 37);

-- Player 6: Right Back
INSERT INTO person (person_name) VALUES ('Joshua Kimmich');
INSERT INTO player (person_id, player_position, minutes_played, player_goals, player_yellow_cards, player_red_cards, player_team, player_country) VALUES (614, 'Defender', 1550, 1, 2, 0, 20, 29);

-- Player 7: Left Winger
INSERT INTO person (person_name) VALUES ('Leroy Sane');
INSERT INTO player (person_id, player_position, minutes_played, player_goals, player_yellow_cards, player_red_cards, player_team, player_country) VALUES (615, 'Forward', 1400, 10, 3, 0, 13, 38);

-- Player 8: Central Attacker
INSERT INTO person (person_name) VALUES ('Erling Haaland');
INSERT INTO player (person_id, player_position, minutes_played, player_goals, player_yellow_cards, player_red_cards, player_team, player_country) VALUES (616, 'Forward', 1450, 14, 1, 0, 15, 28);

-- Player 9: Right Winger
INSERT INTO person (person_name) VALUES ('Sadio Mane');
INSERT INTO player (person_id, player_position, minutes_played, player_goals, player_yellow_cards, player_red_cards, player_team, player_country) VALUES (617, 'Forward', 1500, 12, 2, 0, 6, 39);

-- Player 10: Attacking Midfielder
INSERT INTO person (person_name) VALUES ('Hakan Calhanoglu');
INSERT INTO player (person_id, player_position, minutes_played, player_goals, player_yellow_cards, player_red_cards, player_team, player_country) VALUES (618, 'Midfielder', 1600, 6, 1, 0, 1, 40);



--- GPT integration for coaches 

-- Additional coaches
INSERT INTO person (person_name) VALUES ('Ole Gunnar Solskjaer');
INSERT INTO coach (person_id, coach_age, team_id) VALUES (619, 49, 7);

INSERT INTO person (person_name) VALUES ('Ralph Hasenhuttl');
INSERT INTO coach (person_id, coach_age, team_id) VALUES (620, 54, 6);

INSERT INTO person (person_name) VALUES ('Brendan Rodgers');
INSERT INTO coach (person_id, coach_age, team_id) VALUES (621, 48, 20);

INSERT INTO person (person_name) VALUES ('Frank Lampard');
INSERT INTO coach (person_id, coach_age, team_id) VALUES (622, 42, 10);

INSERT INTO person (person_name) VALUES ('Steve Bruce');
INSERT INTO coach (person_id, coach_age, team_id) VALUES (623, 60, 1);


---- Insert all game info
INSERT INTO game(game_date, home_team_goals, away_team_goals, game_stadium, game_season, game_referee) VALUES ('1533927600', 2, 1, 1, 1, 1);
INSERT INTO statistics(home_shots, away_shots, home_possession, away_possession, home_expected_goals, away_expected_goals) VALUES (8, 8, 46, 54, 1.25, 1.46);
INSERT INTO gameTeamStatistics(game_id, home_team_id, away_team_id, statistics_id) VALUES (1, 1, 13, 1);
INSERT INTO event(event_team, game_id) VALUES(1,1);
INSERT INTO yellow_card(event_id, yellow_cards_number) VALUES (1, 2);
INSERT INTO event(event_team, game_id) VALUES(13,1);
INSERT INTO yellow_card(event_id, yellow_cards_number) VALUES (2, 1);
INSERT INTO event(event_team, game_id) VALUES(1,1);
INSERT INTO goal(event_id, goal_minute) VALUES(3, 3);
INSERT INTO event(event_team, game_id) VALUES(1,1);
INSERT INTO goal(event_id, goal_minute) VALUES(4, 83);
INSERT INTO event(event_team, game_id) VALUES(13,1);
INSERT INTO goal(event_id, goal_minute) VALUES(5, 3);
INSERT INTO event(event_team, game_id) VALUES(13,1);
INSERT INTO goal(event_id, goal_minute) VALUES(6, 83);
INSERT INTO game(game_date, home_team_goals, away_team_goals, game_stadium, game_season, game_referee) VALUES ('1533987000', 1, 2, 2, 1, 2);
INSERT INTO statistics(home_shots, away_shots, home_possession, away_possession, home_expected_goals, away_expected_goals) VALUES (11, 13, 40, 60, 1.18, 1.58);
INSERT INTO gameTeamStatistics(game_id, home_team_id, away_team_id, statistics_id) VALUES (2, 2, 14, 2);
INSERT INTO event(event_team, game_id) VALUES(2,2);
INSERT INTO yellow_card(event_id, yellow_cards_number) VALUES (7, 2);
INSERT INTO event(event_team, game_id) VALUES(14,2);
INSERT INTO yellow_card(event_id, yellow_cards_number) VALUES (8, 2);
INSERT INTO event(event_team, game_id) VALUES(2,2);
INSERT INTO goal(event_id, goal_minute) VALUES(9, 11);
INSERT INTO event(event_team, game_id) VALUES(14,2);
INSERT INTO goal(event_id, goal_minute) VALUES(10, 11);
INSERT INTO game(game_date, home_team_goals, away_team_goals, game_stadium, game_season, game_referee) VALUES ('1533996000', 2, 0, 3, 1, 3);
INSERT INTO statistics(home_shots, away_shots, home_possession, away_possession, home_expected_goals, away_expected_goals) VALUES (11, 7, 62, 38, 1.50, 0.89);
INSERT INTO gameTeamStatistics(game_id, home_team_id, away_team_id, statistics_id) VALUES (3, 3, 11, 3);
INSERT INTO event(event_team, game_id) VALUES(3,3);
INSERT INTO yellow_card(event_id, yellow_cards_number) VALUES (11, 1);
INSERT INTO event(event_team, game_id) VALUES(11,3);
INSERT INTO yellow_card(event_id, yellow_cards_number) VALUES (12, 1);
INSERT INTO event(event_team, game_id) VALUES(3,3);
INSERT INTO goal(event_id, goal_minute) VALUES(13, 24);
INSERT INTO event(event_team, game_id) VALUES(3,3);
INSERT INTO goal(event_id, goal_minute) VALUES(14, 90);
INSERT INTO game(game_date, home_team_goals, away_team_goals, game_stadium, game_season, game_referee) VALUES ('1533996000', 0, 2, 4, 1, 4);
INSERT INTO statistics(home_shots, away_shots, home_possession, away_possession, home_expected_goals, away_expected_goals) VALUES (11, 11, 66, 34, 1.67, 1.81);
INSERT INTO gameTeamStatistics(game_id, home_team_id, away_team_id, statistics_id) VALUES (4, 4, 20, 4);
INSERT INTO event(event_team, game_id) VALUES(4,4);
INSERT INTO yellow_card(event_id, yellow_cards_number) VALUES (15, 1);
INSERT INTO event(event_team, game_id) VALUES(20,4);
INSERT INTO yellow_card(event_id, yellow_cards_number) VALUES (16, 2);
INSERT INTO game(game_date, home_team_goals, away_team_goals, game_stadium, game_season, game_referee) VALUES ('1533996000', 0, 3, 5, 1, 5);
INSERT INTO statistics(home_shots, away_shots, home_possession, away_possession, home_expected_goals, away_expected_goals) VALUES (6, 8, 37, 63, 0.90, 1.17);
INSERT INTO gameTeamStatistics(game_id, home_team_id, away_team_id, statistics_id) VALUES (5, 5, 16, 5);
INSERT INTO event(event_team, game_id) VALUES(5,5);
INSERT INTO yellow_card(event_id, yellow_cards_number) VALUES (17, 2);
INSERT INTO event(event_team, game_id) VALUES(16,5);
INSERT INTO yellow_card(event_id, yellow_cards_number) VALUES (18, 1);
INSERT INTO game(game_date, home_team_goals, away_team_goals, game_stadium, game_season, game_referee) VALUES ('1533996000', 2, 0, 6, 1, 6);
INSERT INTO statistics(home_shots, away_shots, home_possession, away_possession, home_expected_goals, away_expected_goals) VALUES (15, 6, 53, 47, 1.78, 0.65);
INSERT INTO gameTeamStatistics(game_id, home_team_id, away_team_id, statistics_id) VALUES (6, 6, 19, 6);
INSERT INTO event(event_team, game_id) VALUES(6,6);
INSERT INTO yellow_card(event_id, yellow_cards_number) VALUES (19, 2);
INSERT INTO event(event_team, game_id) VALUES(19,6);
INSERT INTO yellow_card(event_id, yellow_cards_number) VALUES (20, 2);
INSERT INTO event(event_team, game_id) VALUES(6,6);
INSERT INTO goal(event_id, goal_minute) VALUES(21, 35);
INSERT INTO event(event_team, game_id) VALUES(6,6);
INSERT INTO goal(event_id, goal_minute) VALUES(22, 54);
INSERT INTO game(game_date, home_team_goals, away_team_goals, game_stadium, game_season, game_referee) VALUES ('1534005000', 2, 2, 7, 1, 7);
INSERT INTO statistics(home_shots, away_shots, home_possession, away_possession, home_expected_goals, away_expected_goals) VALUES (10, 9, 57, 43, 1.41, 1.34);
INSERT INTO gameTeamStatistics(game_id, home_team_id, away_team_id, statistics_id) VALUES (7, 7, 12, 7);
INSERT INTO event(event_team, game_id) VALUES(12,7);
INSERT INTO yellow_card(event_id, yellow_cards_number) VALUES (23, 1);
INSERT INTO event(event_team, game_id) VALUES(12,7);
INSERT INTO red_card(event_id, red_cards_number) VALUES (24, 1);
INSERT INTO event(event_team, game_id) VALUES(7,7);
INSERT INTO goal(event_id, goal_minute) VALUES(25, 44);
INSERT INTO event(event_team, game_id) VALUES(7,7);
INSERT INTO goal(event_id, goal_minute) VALUES(26, 80);
INSERT INTO event(event_team, game_id) VALUES(12,7);
INSERT INTO goal(event_id, goal_minute) VALUES(27, 44);
INSERT INTO event(event_team, game_id) VALUES(12,7);
INSERT INTO goal(event_id, goal_minute) VALUES(28, 80);
INSERT INTO game(game_date, home_team_goals, away_team_goals, game_stadium, game_season, game_referee) VALUES ('1534077000', 4, 0, 8, 1, 8);
INSERT INTO statistics(home_shots, away_shots, home_possession, away_possession, home_expected_goals, away_expected_goals) VALUES (16, 5, 64, 36, 2.12, 0.75);
INSERT INTO gameTeamStatistics(game_id, home_team_id, away_team_id, statistics_id) VALUES (8, 8, 15, 8);
INSERT INTO event(event_team, game_id) VALUES(8,8);
INSERT INTO yellow_card(event_id, yellow_cards_number) VALUES (29, 1);
INSERT INTO event(event_team, game_id) VALUES(15,8);
INSERT INTO yellow_card(event_id, yellow_cards_number) VALUES (30, 2);
INSERT INTO event(event_team, game_id) VALUES(8,8);
INSERT INTO goal(event_id, goal_minute) VALUES(31, 19);
INSERT INTO event(event_team, game_id) VALUES(8,8);
INSERT INTO goal(event_id, goal_minute) VALUES(32, 45);
INSERT INTO event(event_team, game_id) VALUES(8,8);
INSERT INTO goal(event_id, goal_minute) VALUES(33, 53);
INSERT INTO event(event_team, game_id) VALUES(8,8);
INSERT INTO goal(event_id, goal_minute) VALUES(34, 88);
INSERT INTO game(game_date, home_team_goals, away_team_goals, game_stadium, game_season, game_referee) VALUES ('1534077000', 0, 0, 9, 1, 9);
INSERT INTO statistics(home_shots, away_shots, home_possession, away_possession, home_expected_goals, away_expected_goals) VALUES (10, 13, 47, 53, 1.29, 1.69);
INSERT INTO gameTeamStatistics(game_id, home_team_id, away_team_id, statistics_id) VALUES (9, 9, 17, 9);
INSERT INTO event(event_team, game_id) VALUES(17,9);
INSERT INTO yellow_card(event_id, yellow_cards_number) VALUES (35, 1);
INSERT INTO game(game_date, home_team_goals, away_team_goals, game_stadium, game_season, game_referee) VALUES ('1534086000', 0, 2, 10, 1, 10);
INSERT INTO statistics(home_shots, away_shots, home_possession, away_possession, home_expected_goals, away_expected_goals) VALUES (8, 14, 42, 58, 1.11, 1.91);
INSERT INTO gameTeamStatistics(game_id, home_team_id, away_team_id, statistics_id) VALUES (10, 10, 18, 10);
INSERT INTO event(event_team, game_id) VALUES(10,10);
INSERT INTO yellow_card(event_id, yellow_cards_number) VALUES (36, 2);
INSERT INTO event(event_team, game_id) VALUES(18,10);
INSERT INTO yellow_card(event_id, yellow_cards_number) VALUES (37, 2);
INSERT INTO game(game_date, home_team_goals, away_team_goals, game_stadium, game_season, game_referee) VALUES ('1534591800', 0, 0, 11, 1, 7);
INSERT INTO statistics(home_shots, away_shots, home_possession, away_possession, home_expected_goals, away_expected_goals) VALUES (8, 8, 51, 49, 1.03, 1.22);
INSERT INTO gameTeamStatistics(game_id, home_team_id, away_team_id, statistics_id) VALUES (11, 11, 2, 11);
INSERT INTO event(event_team, game_id) VALUES(11,11);
INSERT INTO yellow_card(event_id, yellow_cards_number) VALUES (38, 2);
INSERT INTO event(event_team, game_id) VALUES(2,11);
INSERT INTO yellow_card(event_id, yellow_cards_number) VALUES (39, 2);
INSERT INTO event(event_team, game_id) VALUES(2,11);
INSERT INTO red_card(event_id, red_cards_number) VALUES (40, 1);
INSERT INTO game(game_date, home_team_goals, away_team_goals, game_stadium, game_season, game_referee) VALUES ('1534600800', 2, 1, 12, 1, 11);
INSERT INTO statistics(home_shots, away_shots, home_possession, away_possession, home_expected_goals, away_expected_goals) VALUES (11, 11, 58, 42, 1.69, 1.33);
INSERT INTO gameTeamStatistics(game_id, home_team_id, away_team_id, statistics_id) VALUES (12, 12, 9, 12);
INSERT INTO event(event_team, game_id) VALUES(9,12);
INSERT INTO yellow_card(event_id, yellow_cards_number) VALUES (41, 5);
INSERT INTO event(event_team, game_id) VALUES(12,12);
INSERT INTO goal(event_id, goal_minute) VALUES(42, 15);
INSERT INTO event(event_team, game_id) VALUES(12,12);
INSERT INTO goal(event_id, goal_minute) VALUES(43, 31);
INSERT INTO event(event_team, game_id) VALUES(9,12);
INSERT INTO goal(event_id, goal_minute) VALUES(44, 15);
INSERT INTO event(event_team, game_id) VALUES(9,12);
INSERT INTO goal(event_id, goal_minute) VALUES(45, 31);
INSERT INTO game(game_date, home_team_goals, away_team_goals, game_stadium, game_season, game_referee) VALUES ('1534600800', 2, 0, 13, 1, 4);
INSERT INTO statistics(home_shots, away_shots, home_possession, away_possession, home_expected_goals, away_expected_goals) VALUES (5, 11, 42, 58, 0.81, 1.53);
INSERT INTO gameTeamStatistics(game_id, home_team_id, away_team_id, statistics_id) VALUES (13, 13, 7, 13);
INSERT INTO event(event_team, game_id) VALUES(13,13);
INSERT INTO yellow_card(event_id, yellow_cards_number) VALUES (46, 2);
INSERT INTO event(event_team, game_id) VALUES(13,13);
INSERT INTO red_card(event_id, red_cards_number) VALUES (47, 1);
INSERT INTO event(event_team, game_id) VALUES(7,13);
INSERT INTO yellow_card(event_id, yellow_cards_number) VALUES (48, 1);
INSERT INTO event(event_team, game_id) VALUES(13,13);
INSERT INTO goal(event_id, goal_minute) VALUES(49, 29);
INSERT INTO event(event_team, game_id) VALUES(13,13);
INSERT INTO goal(event_id, goal_minute) VALUES(50, 45);
INSERT INTO game(game_date, home_team_goals, away_team_goals, game_stadium, game_season, game_referee) VALUES ('1534600800', 3, 1, 20, 1, 8);
INSERT INTO statistics(home_shots, away_shots, home_possession, away_possession, home_expected_goals, away_expected_goals) VALUES (22, 9, 59, 41, 2.75, 1.04);
INSERT INTO gameTeamStatistics(game_id, home_team_id, away_team_id, statistics_id) VALUES (14, 14, 4, 14);
INSERT INTO event(event_team, game_id) VALUES(14,14);
INSERT INTO goal(event_id, goal_minute) VALUES(51, 43);
INSERT INTO event(event_team, game_id) VALUES(14,14);
INSERT INTO goal(event_id, goal_minute) VALUES(52, 74);
INSERT INTO event(event_team, game_id) VALUES(14,14);
INSERT INTO goal(event_id, goal_minute) VALUES(53, 77);
INSERT INTO event(event_team, game_id) VALUES(7,13);
INSERT INTO goal(event_id, goal_minute) VALUES(54, 43);
INSERT INTO event(event_team, game_id) VALUES(7,13);
INSERT INTO goal(event_id, goal_minute) VALUES(55, 74);
INSERT INTO event(event_team, game_id) VALUES(7,13);
INSERT INTO goal(event_id, goal_minute) VALUES(56, 77);
INSERT INTO game(game_date, home_team_goals, away_team_goals, game_stadium, game_season, game_referee) VALUES ('1534600800', 1, 2, 14, 1, 12);
INSERT INTO statistics(home_shots, away_shots, home_possession, away_possession, home_expected_goals, away_expected_goals) VALUES (9, 9, 61, 39, 1.39, 1.31);
INSERT INTO gameTeamStatistics(game_id, home_team_id, away_team_id, statistics_id) VALUES (15, 15, 3, 15);
INSERT INTO event(event_team, game_id) VALUES(15,15);
INSERT INTO yellow_card(event_id, yellow_cards_number) VALUES (57, 6);
INSERT INTO event(event_team, game_id) VALUES(3,15);
INSERT INTO yellow_card(event_id, yellow_cards_number) VALUES (58, 2);
INSERT INTO event(event_team, game_id) VALUES(15,15);
INSERT INTO goal(event_id, goal_minute) VALUES(59, 33);
INSERT INTO event(event_team, game_id) VALUES(3,15);
INSERT INTO goal(event_id, goal_minute) VALUES(60, 33);
INSERT INTO game(game_date, home_team_goals, away_team_goals, game_stadium, game_season, game_referee) VALUES ('1534609800', 3, 2, 15, 1, 2);
INSERT INTO statistics(home_shots, away_shots, home_possession, away_possession, home_expected_goals, away_expected_goals) VALUES (19, 13, 62, 38, 2.47, 1.61);
INSERT INTO gameTeamStatistics(game_id, home_team_id, away_team_id, statistics_id) VALUES (16, 16, 10, 16);
INSERT INTO event(event_team, game_id) VALUES(10,16);
INSERT INTO yellow_card(event_id, yellow_cards_number) VALUES (61, 2);
INSERT INTO event(event_team, game_id) VALUES(16,16);
INSERT INTO goal(event_id, goal_minute) VALUES(62, 9);
INSERT INTO event(event_team, game_id) VALUES(16,16);
INSERT INTO goal(event_id, goal_minute) VALUES(63, 20);
INSERT INTO event(event_team, game_id) VALUES(16,16);
INSERT INTO goal(event_id, goal_minute) VALUES(64, 81);
INSERT INTO event(event_team, game_id) VALUES(10,16);
INSERT INTO goal(event_id, goal_minute) VALUES(65, 9);
INSERT INTO event(event_team, game_id) VALUES(10,16);
INSERT INTO goal(event_id, goal_minute) VALUES(66, 20);
INSERT INTO event(event_team, game_id) VALUES(10,16);
INSERT INTO goal(event_id, goal_minute) VALUES(67, 81);
INSERT INTO game(game_date, home_team_goals, away_team_goals, game_stadium, game_season, game_referee) VALUES ('1534681800', 1, 3, 16, 1, 13);
INSERT INTO statistics(home_shots, away_shots, home_possession, away_possession, home_expected_goals, away_expected_goals) VALUES (7, 7, 58, 42, 1.09, 1.25);
INSERT INTO gameTeamStatistics(game_id, home_team_id, away_team_id, statistics_id) VALUES (17, 17, 6, 17);
INSERT INTO event(event_team, game_id) VALUES(17,17);
INSERT INTO yellow_card(event_id, yellow_cards_number) VALUES (68, 1);
INSERT INTO event(event_team, game_id) VALUES(6,17);
INSERT INTO yellow_card(event_id, yellow_cards_number) VALUES (69, 2);
INSERT INTO event(event_team, game_id) VALUES(17,17);
INSERT INTO goal(event_id, goal_minute) VALUES(70, 6);
INSERT INTO event(event_team, game_id) VALUES(6,17);
INSERT INTO goal(event_id, goal_minute) VALUES(71, 6);
INSERT INTO game(game_date, home_team_goals, away_team_goals, game_stadium, game_season, game_referee) VALUES ('1534681800', 6, 1, 17, 1, 1);
INSERT INTO statistics(home_shots, away_shots, home_possession, away_possession, home_expected_goals, away_expected_goals) VALUES (24, 4, 76, 24, 3.23, 0.59);
INSERT INTO gameTeamStatistics(game_id, home_team_id, away_team_id, statistics_id) VALUES (18, 18, 5, 18);
INSERT INTO event(event_team, game_id) VALUES(5,18);
INSERT INTO yellow_card(event_id, yellow_cards_number) VALUES (72, 2);
INSERT INTO event(event_team, game_id) VALUES(18,18);
INSERT INTO goal(event_id, goal_minute) VALUES(73, 25);
INSERT INTO event(event_team, game_id) VALUES(18,18);
INSERT INTO goal(event_id, goal_minute) VALUES(74, 31);
INSERT INTO event(event_team, game_id) VALUES(18,18);
INSERT INTO goal(event_id, goal_minute) VALUES(75, 35);
INSERT INTO event(event_team, game_id) VALUES(18,18);
INSERT INTO goal(event_id, goal_minute) VALUES(76, 48);
INSERT INTO event(event_team, game_id) VALUES(18,18);
INSERT INTO goal(event_id, goal_minute) VALUES(77, 75);
INSERT INTO event(event_team, game_id) VALUES(18,18);
INSERT INTO goal(event_id, goal_minute) VALUES(78, 84);
INSERT INTO event(event_team, game_id) VALUES(5,18);
INSERT INTO goal(event_id, goal_minute) VALUES(79, 25);
INSERT INTO event(event_team, game_id) VALUES(5,18);
INSERT INTO goal(event_id, goal_minute) VALUES(80, 31);
INSERT INTO event(event_team, game_id) VALUES(5,18);
INSERT INTO goal(event_id, goal_minute) VALUES(81, 35);
INSERT INTO event(event_team, game_id) VALUES(5,18);
INSERT INTO goal(event_id, goal_minute) VALUES(82, 48);
INSERT INTO event(event_team, game_id) VALUES(5,18);
INSERT INTO goal(event_id, goal_minute) VALUES(83, 75);
INSERT INTO event(event_team, game_id) VALUES(5,18);
INSERT INTO goal(event_id, goal_minute) VALUES(84, 84);
INSERT INTO game(game_date, home_team_goals, away_team_goals, game_stadium, game_season, game_referee) VALUES ('1534690800', 3, 2, 18, 1, 3);
INSERT INTO statistics(home_shots, away_shots, home_possession, away_possession, home_expected_goals, away_expected_goals) VALUES (7, 8, 33, 67, 0.97, 1.06);
INSERT INTO gameTeamStatistics(game_id, home_team_id, away_team_id, statistics_id) VALUES (19, 19, 1, 19);
INSERT INTO event(event_team, game_id) VALUES(19,19);
INSERT INTO yellow_card(event_id, yellow_cards_number) VALUES (85, 1);
INSERT INTO event(event_team, game_id) VALUES(1,19);
INSERT INTO yellow_card(event_id, yellow_cards_number) VALUES (86, 1);
INSERT INTO event(event_team, game_id) VALUES(19,19);
INSERT INTO goal(event_id, goal_minute) VALUES(87, 25);
INSERT INTO event(event_team, game_id) VALUES(19,19);
INSERT INTO goal(event_id, goal_minute) VALUES(88, 27);
INSERT INTO event(event_team, game_id) VALUES(19,19);
INSERT INTO goal(event_id, goal_minute) VALUES(89, 44);
INSERT INTO event(event_team, game_id) VALUES(1,19);
INSERT INTO goal(event_id, goal_minute) VALUES(90, 25);
INSERT INTO event(event_team, game_id) VALUES(1,19);
INSERT INTO goal(event_id, goal_minute) VALUES(91, 27);
INSERT INTO event(event_team, game_id) VALUES(1,19);
INSERT INTO goal(event_id, goal_minute) VALUES(92, 44);
INSERT INTO game(game_date, home_team_goals, away_team_goals, game_stadium, game_season, game_referee) VALUES ('1534791600', 0, 2, 19, 1, 10);
INSERT INTO statistics(home_shots, away_shots, home_possession, away_possession, home_expected_goals, away_expected_goals) VALUES (8, 11, 36, 64, 1.03, 1.70);
INSERT INTO gameTeamStatistics(game_id, home_team_id, away_team_id, statistics_id) VALUES (20, 20, 8, 20);
INSERT INTO event(event_team, game_id) VALUES(20,20);
INSERT INTO yellow_card(event_id, yellow_cards_number) VALUES (93, 1);
INSERT INTO event(event_team, game_id) VALUES(20,20);
INSERT INTO red_card(event_id, red_cards_number) VALUES (94, 1);
INSERT INTO event(event_team, game_id) VALUES(8,20);
INSERT INTO yellow_card(event_id, yellow_cards_number) VALUES (95, 1);
INSERT INTO game(game_date, home_team_goals, away_team_goals, game_stadium, game_season, game_referee) VALUES ('1535196600', 1, 1, 7, 1, 2);
INSERT INTO statistics(home_shots, away_shots, home_possession, away_possession, home_expected_goals, away_expected_goals) VALUES (9, 13, 28, 72, 0.96, 1.84);
INSERT INTO gameTeamStatistics(game_id, home_team_id, away_team_id, statistics_id) VALUES (21, 7, 18, 21);
INSERT INTO event(event_team, game_id) VALUES(7,21);
INSERT INTO yellow_card(event_id, yellow_cards_number) VALUES (96, 1);
INSERT INTO event(event_team, game_id) VALUES(18,21);
INSERT INTO yellow_card(event_id, yellow_cards_number) VALUES (97, 2);
INSERT INTO event(event_team, game_id) VALUES(7,21);
INSERT INTO goal(event_id, goal_minute) VALUES(98, 57);
INSERT INTO event(event_team, game_id) VALUES(18,21);
INSERT INTO goal(event_id, goal_minute) VALUES(99, 57);
INSERT INTO game(game_date, home_team_goals, away_team_goals, game_stadium, game_season, game_referee) VALUES ('1535205600', 2, 2, 3, 1, 14);
INSERT INTO statistics(home_shots, away_shots, home_possession, away_possession, home_expected_goals, away_expected_goals) VALUES (16, 9, 49, 51, 1.75, 1.16);
INSERT INTO gameTeamStatistics(game_id, home_team_id, away_team_id, statistics_id) VALUES (22, 3, 12, 22);
INSERT INTO event(event_team, game_id) VALUES(3,22);
INSERT INTO red_card(event_id, red_cards_number) VALUES (100, 1);
INSERT INTO event(event_team, game_id) VALUES(12,22);
INSERT INTO yellow_card(event_id, yellow_cards_number) VALUES (101, 3);
INSERT INTO event(event_team, game_id) VALUES(12,22);
INSERT INTO red_card(event_id, red_cards_number) VALUES (102, 1);
INSERT INTO event(event_team, game_id) VALUES(3,22);
INSERT INTO goal(event_id, goal_minute) VALUES(103, 75);
INSERT INTO event(event_team, game_id) VALUES(3,22);
INSERT INTO goal(event_id, goal_minute) VALUES(104, 79);
INSERT INTO event(event_team, game_id) VALUES(12,22);
INSERT INTO goal(event_id, goal_minute) VALUES(105, 75);
INSERT INTO event(event_team, game_id) VALUES(12,22);
INSERT INTO goal(event_id, goal_minute) VALUES(106, 79);
INSERT INTO game(game_date, home_team_goals, away_team_goals, game_stadium, game_season, game_referee) VALUES ('1535205600', 3, 1, 10, 1, 9);
INSERT INTO statistics(home_shots, away_shots, home_possession, away_possession, home_expected_goals, away_expected_goals) VALUES (13, 11, 61, 39, 2.01, 1.44);
INSERT INTO gameTeamStatistics(game_id, home_team_id, away_team_id, statistics_id) VALUES (23, 10, 15, 23);
INSERT INTO event(event_team, game_id) VALUES(10,23);
INSERT INTO yellow_card(event_id, yellow_cards_number) VALUES (107, 1);
INSERT INTO event(event_team, game_id) VALUES(15,23);
INSERT INTO yellow_card(event_id, yellow_cards_number) VALUES (108, 3);
INSERT INTO event(event_team, game_id) VALUES(10,23);
INSERT INTO goal(event_id, goal_minute) VALUES(109, 30);
INSERT INTO event(event_team, game_id) VALUES(10,23);
INSERT INTO goal(event_id, goal_minute) VALUES(110, 70);
INSERT INTO event(event_team, game_id) VALUES(10,23);
INSERT INTO goal(event_id, goal_minute) VALUES(111, 90);
INSERT INTO event(event_team, game_id) VALUES(15,23);
INSERT INTO goal(event_id, goal_minute) VALUES(112, 30);
INSERT INTO event(event_team, game_id) VALUES(15,23);
INSERT INTO goal(event_id, goal_minute) VALUES(113, 70);
INSERT INTO event(event_team, game_id) VALUES(15,23);
INSERT INTO goal(event_id, goal_minute) VALUES(114, 90);
INSERT INTO game(game_date, home_team_goals, away_team_goals, game_stadium, game_season, game_referee) VALUES ('1535205600', 0, 0, 5, 1, 10);
INSERT INTO statistics(home_shots, away_shots, home_possession, away_possession, home_expected_goals, away_expected_goals) VALUES (4, 11, 58, 42, 0.76, 1.47);
INSERT INTO gameTeamStatistics(game_id, home_team_id, away_team_id, statistics_id) VALUES (24, 5, 11, 24);
INSERT INTO event(event_team, game_id) VALUES(5,24);
INSERT INTO red_card(event_id, red_cards_number) VALUES (115, 1);
INSERT INTO event(event_team, game_id) VALUES(11,24);
INSERT INTO yellow_card(event_id, yellow_cards_number) VALUES (116, 1);
INSERT INTO game(game_date, home_team_goals, away_team_goals, game_stadium, game_season, game_referee) VALUES ('1535205600', 1, 2, 9, 1, 6);
INSERT INTO statistics(home_shots, away_shots, home_possession, away_possession, home_expected_goals, away_expected_goals) VALUES (10, 9, 51, 49, 1.54, 1.23);
INSERT INTO gameTeamStatistics(game_id, home_team_id, away_team_id, statistics_id) VALUES (25, 9, 13, 25);
INSERT INTO event(event_team, game_id) VALUES(9,25);
INSERT INTO yellow_card(event_id, yellow_cards_number) VALUES (117, 2);
INSERT INTO event(event_team, game_id) VALUES(9,25);
INSERT INTO red_card(event_id, red_cards_number) VALUES (118, 1);
INSERT INTO event(event_team, game_id) VALUES(13,25);
INSERT INTO yellow_card(event_id, yellow_cards_number) VALUES (119, 1);
INSERT INTO event(event_team, game_id) VALUES(9,25);
INSERT INTO goal(event_id, goal_minute) VALUES(120, 52);
INSERT INTO event(event_team, game_id) VALUES(13,25);
INSERT INTO goal(event_id, goal_minute) VALUES(121, 52);
INSERT INTO game(game_date, home_team_goals, away_team_goals, game_stadium, game_season, game_referee) VALUES ('1535214600', 1, 0, 8, 1, 5);
INSERT INTO statistics(home_shots, away_shots, home_possession, away_possession, home_expected_goals, away_expected_goals) VALUES (16, 5, 70, 30, 2.26, 0.76);
INSERT INTO gameTeamStatistics(game_id, home_team_id, away_team_id, statistics_id) VALUES (26, 8, 19, 26);
INSERT INTO event(event_team, game_id) VALUES(8,26);
INSERT INTO yellow_card(event_id, yellow_cards_number) VALUES (122, 1);
INSERT INTO event(event_team, game_id) VALUES(19,26);
INSERT INTO yellow_card(event_id, yellow_cards_number) VALUES (123, 1);
INSERT INTO event(event_team, game_id) VALUES(8,26);
INSERT INTO goal(event_id, goal_minute) VALUES(124, 23);
INSERT INTO game(game_date, home_team_goals, away_team_goals, game_stadium, game_season, game_referee) VALUES ('1535286600', 2, 1, 6, 1, 8);
INSERT INTO statistics(home_shots, away_shots, home_possession, away_possession, home_expected_goals, away_expected_goals) VALUES (10, 9, 43, 57, 1.50, 1.21);
INSERT INTO gameTeamStatistics(game_id, home_team_id, away_team_id, statistics_id) VALUES (27, 6, 20, 27);
INSERT INTO event(event_team, game_id) VALUES(6,27);
INSERT INTO yellow_card(event_id, yellow_cards_number) VALUES (125, 4);
INSERT INTO event(event_team, game_id) VALUES(20,27);
INSERT INTO yellow_card(event_id, yellow_cards_number) VALUES (126, 2);
INSERT INTO event(event_team, game_id) VALUES(6,27);
INSERT INTO goal(event_id, goal_minute) VALUES(127, 53);
INSERT INTO event(event_team, game_id) VALUES(6,27);
INSERT INTO goal(event_id, goal_minute) VALUES(128, 71);
INSERT INTO event(event_team, game_id) VALUES(20,27);
INSERT INTO goal(event_id, goal_minute) VALUES(129, 53);
INSERT INTO event(event_team, game_id) VALUES(20,27);
INSERT INTO goal(event_id, goal_minute) VALUES(130, 71);
INSERT INTO game(game_date, home_team_goals, away_team_goals, game_stadium, game_season, game_referee) VALUES ('1535295600', 4, 2, 4, 1, 15);
INSERT INTO statistics(home_shots, away_shots, home_possession, away_possession, home_expected_goals, away_expected_goals) VALUES (23, 8, 63, 37, 2.65, 1.06);
INSERT INTO gameTeamStatistics(game_id, home_team_id, away_team_id, statistics_id) VALUES (28, 4, 17, 28);
INSERT INTO event(event_team, game_id) VALUES(4,28);
INSERT INTO yellow_card(event_id, yellow_cards_number) VALUES (131, 2);
INSERT INTO event(event_team, game_id) VALUES(17,28);
INSERT INTO yellow_card(event_id, yellow_cards_number) VALUES (132, 1);
INSERT INTO event(event_team, game_id) VALUES(4,28);
INSERT INTO goal(event_id, goal_minute) VALUES(133, 4);
INSERT INTO event(event_team, game_id) VALUES(4,28);
INSERT INTO goal(event_id, goal_minute) VALUES(134, 36);
INSERT INTO event(event_team, game_id) VALUES(4,28);
INSERT INTO goal(event_id, goal_minute) VALUES(135, 38);
INSERT INTO event(event_team, game_id) VALUES(4,28);
INSERT INTO goal(event_id, goal_minute) VALUES(136, 83);
INSERT INTO event(event_team, game_id) VALUES(17,28);
INSERT INTO goal(event_id, goal_minute) VALUES(137, 4);
INSERT INTO event(event_team, game_id) VALUES(17,28);
INSERT INTO goal(event_id, goal_minute) VALUES(138, 36);
INSERT INTO event(event_team, game_id) VALUES(17,28);
INSERT INTO goal(event_id, goal_minute) VALUES(139, 38);
INSERT INTO event(event_team, game_id) VALUES(17,28);
INSERT INTO goal(event_id, goal_minute) VALUES(140, 83);
INSERT INTO game(game_date, home_team_goals, away_team_goals, game_stadium, game_season, game_referee) VALUES ('1535295600', 1, 2, 2, 1, 13);
INSERT INTO statistics(home_shots, away_shots, home_possession, away_possession, home_expected_goals, away_expected_goals) VALUES (5, 11, 18, 82, 0.68, 1.69);
INSERT INTO gameTeamStatistics(game_id, home_team_id, away_team_id, statistics_id) VALUES (29, 2, 16, 29);
INSERT INTO event(event_team, game_id) VALUES(2,29);
INSERT INTO yellow_card(event_id, yellow_cards_number) VALUES (141, 3);
INSERT INTO event(event_team, game_id) VALUES(16,29);
INSERT INTO yellow_card(event_id, yellow_cards_number) VALUES (142, 1);
INSERT INTO event(event_team, game_id) VALUES(2,29);
INSERT INTO goal(event_id, goal_minute) VALUES(143, 83);
INSERT INTO event(event_team, game_id) VALUES(16,29);
INSERT INTO goal(event_id, goal_minute) VALUES(144, 83);
INSERT INTO game(game_date, home_team_goals, away_team_goals, game_stadium, game_season, game_referee) VALUES ('1535396400', 0, 3, 1, 1, 7);
INSERT INTO statistics(home_shots, away_shots, home_possession, away_possession, home_expected_goals, away_expected_goals) VALUES (18, 8, 57, 43, 2.01, 1.11);
INSERT INTO gameTeamStatistics(game_id, home_team_id, away_team_id, statistics_id) VALUES (30, 1, 14, 30);
INSERT INTO event(event_team, game_id) VALUES(1,30);
INSERT INTO yellow_card(event_id, yellow_cards_number) VALUES (145, 2);
INSERT INTO event(event_team, game_id) VALUES(14,30);
INSERT INTO yellow_card(event_id, yellow_cards_number) VALUES (146, 3);
INSERT INTO game(game_date, home_team_goals, away_team_goals, game_stadium, game_season, game_referee) VALUES ('1535801400', 1, 2, 13, 1, 13);
INSERT INTO statistics(home_shots, away_shots, home_possession, away_possession, home_expected_goals, away_expected_goals) VALUES (9, 9, 51, 49, 1.39, 1.22);
INSERT INTO gameTeamStatistics(game_id, home_team_id, away_team_id, statistics_id) VALUES (31, 13, 8, 31);
INSERT INTO event(event_team, game_id) VALUES(13,31);
INSERT INTO yellow_card(event_id, yellow_cards_number) VALUES (147, 3);
INSERT INTO event(event_team, game_id) VALUES(8,31);
INSERT INTO yellow_card(event_id, yellow_cards_number) VALUES (148, 2);
INSERT INTO event(event_team, game_id) VALUES(13,31);
INSERT INTO goal(event_id, goal_minute) VALUES(149, 63);
INSERT INTO event(event_team, game_id) VALUES(8,31);
INSERT INTO goal(event_id, goal_minute) VALUES(150, 63);
INSERT INTO game(game_date, home_team_goals, away_team_goals, game_stadium, game_season, game_referee) VALUES ('1535810400', 2, 2, 18, 1, 14);
INSERT INTO statistics(home_shots, away_shots, home_possession, away_possession, home_expected_goals, away_expected_goals) VALUES (13, 9, 41, 59, 1.69, 1.22);
INSERT INTO gameTeamStatistics(game_id, home_team_id, away_team_id, statistics_id) VALUES (32, 19, 4, 32);
INSERT INTO event(event_team, game_id) VALUES(19,32);
INSERT INTO yellow_card(event_id, yellow_cards_number) VALUES (151, 3);
INSERT INTO event(event_team, game_id) VALUES(4,32);
INSERT INTO yellow_card(event_id, yellow_cards_number) VALUES (152, 3);
INSERT INTO event(event_team, game_id) VALUES(19,32);
INSERT INTO goal(event_id, goal_minute) VALUES(153, 67);
INSERT INTO event(event_team, game_id) VALUES(19,32);
INSERT INTO goal(event_id, goal_minute) VALUES(154, 84);
INSERT INTO event(event_team, game_id) VALUES(4,32);
INSERT INTO goal(event_id, goal_minute) VALUES(155, 67);
INSERT INTO event(event_team, game_id) VALUES(4,32);
INSERT INTO goal(event_id, goal_minute) VALUES(156, 84);
INSERT INTO game(game_date, home_team_goals, away_team_goals, game_stadium, game_season, game_referee) VALUES ('1535810400', 2, 0, 15, 1, 11);
INSERT INTO statistics(home_shots, away_shots, home_possession, away_possession, home_expected_goals, away_expected_goals) VALUES (13, 8, 72, 28, 1.85, 1.01);
INSERT INTO gameTeamStatistics(game_id, home_team_id, away_team_id, statistics_id) VALUES (33, 16, 3, 33);
INSERT INTO event(event_team, game_id) VALUES(16,33);
INSERT INTO yellow_card(event_id, yellow_cards_number) VALUES (157, 2);
INSERT INTO event(event_team, game_id) VALUES(3,33);
INSERT INTO yellow_card(event_id, yellow_cards_number) VALUES (158, 2);
INSERT INTO event(event_team, game_id) VALUES(16,33);
INSERT INTO goal(event_id, goal_minute) VALUES(159, 72);
INSERT INTO event(event_team, game_id) VALUES(16,33);
INSERT INTO goal(event_id, goal_minute) VALUES(160, 85);
INSERT INTO game(game_date, home_team_goals, away_team_goals, game_stadium, game_season, game_referee) VALUES ('1535810400', 0, 2, 19, 1, 2);
INSERT INTO statistics(home_shots, away_shots, home_possession, away_possession, home_expected_goals, away_expected_goals) VALUES (14, 13, 50, 50, 1.84, 1.67);
INSERT INTO gameTeamStatistics(game_id, home_team_id, away_team_id, statistics_id) VALUES (34, 20, 9, 34);
INSERT INTO event(event_team, game_id) VALUES(20,34);
INSERT INTO yellow_card(event_id, yellow_cards_number) VALUES (161, 1);
INSERT INTO event(event_team, game_id) VALUES(9,34);
INSERT INTO yellow_card(event_id, yellow_cards_number) VALUES (162, 1);
INSERT INTO game(game_date, home_team_goals, away_team_goals, game_stadium, game_season, game_referee) VALUES ('1535810400', 1, 1, 12, 1, 12);
INSERT INTO statistics(home_shots, away_shots, home_possession, away_possession, home_expected_goals, away_expected_goals) VALUES (10, 8, 57, 43, 1.06, 1.33);
INSERT INTO gameTeamStatistics(game_id, home_team_id, away_team_id, statistics_id) VALUES (35, 12, 5, 35);
INSERT INTO event(event_team, game_id) VALUES(12,35);
INSERT INTO yellow_card(event_id, yellow_cards_number) VALUES (163, 3);
INSERT INTO event(event_team, game_id) VALUES(5,35);
INSERT INTO yellow_card(event_id, yellow_cards_number) VALUES (164, 3);
INSERT INTO event(event_team, game_id) VALUES(12,35);
INSERT INTO goal(event_id, goal_minute) VALUES(165, 36);
INSERT INTO event(event_team, game_id) VALUES(5,35);
INSERT INTO goal(event_id, goal_minute) VALUES(166, 36);
INSERT INTO game(game_date, home_team_goals, away_team_goals, game_stadium, game_season, game_referee) VALUES ('1535810400', 0, 1, 14, 1, 5);
INSERT INTO statistics(home_shots, away_shots, home_possession, away_possession, home_expected_goals, away_expected_goals) VALUES (9, 14, 47, 53, 1.30, 1.75);
INSERT INTO gameTeamStatistics(game_id, home_team_id, away_team_id, statistics_id) VALUES (36, 15, 7, 36);
INSERT INTO event(event_team, game_id) VALUES(15,36);
INSERT INTO yellow_card(event_id, yellow_cards_number) VALUES (167, 2);
INSERT INTO event(event_team, game_id) VALUES(7,36);
INSERT INTO yellow_card(event_id, yellow_cards_number) VALUES (168, 1);
INSERT INTO game(game_date, home_team_goals, away_team_goals, game_stadium, game_season, game_referee) VALUES ('1535819400', 2, 1, 17, 1, 3);
INSERT INTO statistics(home_shots, away_shots, home_possession, away_possession, home_expected_goals, away_expected_goals) VALUES (18, 4, 78, 22, 2.34, 0.62);
INSERT INTO gameTeamStatistics(game_id, home_team_id, away_team_id, statistics_id) VALUES (37, 18, 2, 37);
INSERT INTO event(event_team, game_id) VALUES(18,37);
INSERT INTO goal(event_id, goal_minute) VALUES(169, 8);
INSERT INTO event(event_team, game_id) VALUES(18,37);
INSERT INTO goal(event_id, goal_minute) VALUES(170, 52);
INSERT INTO event(event_team, game_id) VALUES(7,36);
INSERT INTO goal(event_id, goal_minute) VALUES(171, 8);
INSERT INTO event(event_team, game_id) VALUES(7,36);
INSERT INTO goal(event_id, goal_minute) VALUES(172, 52);
INSERT INTO game(game_date, home_team_goals, away_team_goals, game_stadium, game_season, game_referee) VALUES ('1535891400', 2, 3, 11, 1, 8);
INSERT INTO statistics(home_shots, away_shots, home_possession, away_possession, home_expected_goals, away_expected_goals) VALUES (14, 16, 27, 73, 1.49, 2.35);
INSERT INTO gameTeamStatistics(game_id, home_team_id, away_team_id, statistics_id) VALUES (38, 11, 10, 38);
INSERT INTO event(event_team, game_id) VALUES(11,38);
INSERT INTO yellow_card(event_id, yellow_cards_number) VALUES (173, 3);
INSERT INTO event(event_team, game_id) VALUES(10,38);
INSERT INTO yellow_card(event_id, yellow_cards_number) VALUES (174, 4);
INSERT INTO event(event_team, game_id) VALUES(11,38);
INSERT INTO goal(event_id, goal_minute) VALUES(175, 45);
INSERT INTO event(event_team, game_id) VALUES(11,38);
INSERT INTO goal(event_id, goal_minute) VALUES(176, 70);
INSERT INTO event(event_team, game_id) VALUES(10,38);
INSERT INTO goal(event_id, goal_minute) VALUES(177, 45);
INSERT INTO event(event_team, game_id) VALUES(10,38);
INSERT INTO goal(event_id, goal_minute) VALUES(178, 70);
INSERT INTO game(game_date, home_team_goals, away_team_goals, game_stadium, game_season, game_referee) VALUES ('1535900400', 0, 2, 16, 1, 6);
INSERT INTO statistics(home_shots, away_shots, home_possession, away_possession, home_expected_goals, away_expected_goals) VALUES (9, 16, 46, 54, 1.13, 2.06);
INSERT INTO gameTeamStatistics(game_id, home_team_id, away_team_id, statistics_id) VALUES (39, 17, 1, 39);
INSERT INTO event(event_team, game_id) VALUES(17,39);
INSERT INTO yellow_card(event_id, yellow_cards_number) VALUES (179, 2);
INSERT INTO event(event_team, game_id) VALUES(1,39);
INSERT INTO yellow_card(event_id, yellow_cards_number) VALUES (180, 3);
INSERT INTO event(event_team, game_id) VALUES(1,39);
INSERT INTO red_card(event_id, red_cards_number) VALUES (181, 1);
INSERT INTO game(game_date, home_team_goals, away_team_goals, game_stadium, game_season, game_referee) VALUES ('1535900400', 2, 1, 6, 1, 1);
INSERT INTO statistics(home_shots, away_shots, home_possession, away_possession, home_expected_goals, away_expected_goals) VALUES (7, 10, 34, 66, 1.13, 1.45);
INSERT INTO gameTeamStatistics(game_id, home_team_id, away_team_id, statistics_id) VALUES (40, 6, 14, 40);
INSERT INTO event(event_team, game_id) VALUES(6,40);
INSERT INTO yellow_card(event_id, yellow_cards_number) VALUES (182, 2);
INSERT INTO event(event_team, game_id) VALUES(14,40);
INSERT INTO yellow_card(event_id, yellow_cards_number) VALUES (183, 1);
INSERT INTO event(event_team, game_id) VALUES(6,40);
INSERT INTO goal(event_id, goal_minute) VALUES(184, 69);
INSERT INTO event(event_team, game_id) VALUES(6,40);
INSERT INTO goal(event_id, goal_minute) VALUES(185, 76);
INSERT INTO event(event_team, game_id) VALUES(14,40);
INSERT INTO goal(event_id, goal_minute) VALUES(186, 69);
INSERT INTO event(event_team, game_id) VALUES(14,40);
INSERT INTO goal(event_id, goal_minute) VALUES(187, 76);
INSERT INTO game(game_date, home_team_goals, away_team_goals, game_stadium, game_season, game_referee) VALUES ('1537011000', 1, 2, 20, 1, 10);
INSERT INTO statistics(home_shots, away_shots, home_possession, away_possession, home_expected_goals, away_expected_goals) VALUES (9, 16, 60, 40, 1.03, 1.90);
INSERT INTO gameTeamStatistics(game_id, home_team_id, away_team_id, statistics_id) VALUES (41, 14, 8, 41);
INSERT INTO event(event_team, game_id) VALUES(14,41);
INSERT INTO goal(event_id, goal_minute) VALUES(188, 90);
INSERT INTO event(event_team, game_id) VALUES(14,40);
INSERT INTO goal(event_id, goal_minute) VALUES(189, 90);
INSERT INTO game(game_date, home_team_goals, away_team_goals, game_stadium, game_season, game_referee) VALUES ('1537020000', 4, 2, 3, 1, 7);
INSERT INTO statistics(home_shots, away_shots, home_possession, away_possession, home_expected_goals, away_expected_goals) VALUES (8, 13, 46, 54, 1.16, 1.85);
INSERT INTO gameTeamStatistics(game_id, home_team_id, away_team_id, statistics_id) VALUES (42, 3, 13, 42);
INSERT INTO event(event_team, game_id) VALUES(3,42);
INSERT INTO yellow_card(event_id, yellow_cards_number) VALUES (190, 3);
INSERT INTO event(event_team, game_id) VALUES(13,42);
INSERT INTO yellow_card(event_id, yellow_cards_number) VALUES (191, 3);
INSERT INTO event(event_team, game_id) VALUES(13,42);
INSERT INTO red_card(event_id, red_cards_number) VALUES (192, 1);
INSERT INTO event(event_team, game_id) VALUES(3,42);
INSERT INTO goal(event_id, goal_minute) VALUES(193, 19);
INSERT INTO event(event_team, game_id) VALUES(3,42);
INSERT INTO goal(event_id, goal_minute) VALUES(194, 37);
INSERT INTO event(event_team, game_id) VALUES(3,42);
INSERT INTO goal(event_id, goal_minute) VALUES(195, 41);
INSERT INTO event(event_team, game_id) VALUES(3,42);
INSERT INTO goal(event_id, goal_minute) VALUES(196, 81);
INSERT INTO event(event_team, game_id) VALUES(13,42);
INSERT INTO goal(event_id, goal_minute) VALUES(197, 19);
INSERT INTO event(event_team, game_id) VALUES(13,42);
INSERT INTO goal(event_id, goal_minute) VALUES(198, 37);
INSERT INTO event(event_team, game_id) VALUES(13,42);
INSERT INTO goal(event_id, goal_minute) VALUES(199, 41);
INSERT INTO event(event_team, game_id) VALUES(13,42);
INSERT INTO goal(event_id, goal_minute) VALUES(200, 81);
INSERT INTO game(game_date, home_team_goals, away_team_goals, game_stadium, game_season, game_referee) VALUES ('1537020000', 4, 1, 15, 1, 6);
INSERT INTO statistics(home_shots, away_shots, home_possession, away_possession, home_expected_goals, away_expected_goals) VALUES (16, 7, 76, 24, 1.86, 0.91);
INSERT INTO gameTeamStatistics(game_id, home_team_id, away_team_id, statistics_id) VALUES (43, 16, 11, 43);
INSERT INTO event(event_team, game_id) VALUES(16,43);
INSERT INTO goal(event_id, goal_minute) VALUES(201, 37);
INSERT INTO event(event_team, game_id) VALUES(16,43);
INSERT INTO goal(event_id, goal_minute) VALUES(202, 43);
INSERT INTO event(event_team, game_id) VALUES(16,43);
INSERT INTO goal(event_id, goal_minute) VALUES(203, 80);
INSERT INTO event(event_team, game_id) VALUES(16,43);
INSERT INTO goal(event_id, goal_minute) VALUES(204, 83);
INSERT INTO event(event_team, game_id) VALUES(13,42);
INSERT INTO goal(event_id, goal_minute) VALUES(205, 37);
INSERT INTO event(event_team, game_id) VALUES(13,42);
INSERT INTO goal(event_id, goal_minute) VALUES(206, 43);
INSERT INTO event(event_team, game_id) VALUES(13,42);
INSERT INTO goal(event_id, goal_minute) VALUES(207, 80);
INSERT INTO event(event_team, game_id) VALUES(13,42);
INSERT INTO goal(event_id, goal_minute) VALUES(208, 83);
INSERT INTO game(game_date, home_team_goals, away_team_goals, game_stadium, game_season, game_referee) VALUES ('1537020000', 0, 1, 5, 1, 11);
INSERT INTO statistics(home_shots, away_shots, home_possession, away_possession, home_expected_goals, away_expected_goals) VALUES (12, 5, 58, 42, 1.43, 0.71);
INSERT INTO gameTeamStatistics(game_id, home_team_id, away_team_id, statistics_id) VALUES (44, 5, 20, 44);
INSERT INTO event(event_team, game_id) VALUES(5,44);
INSERT INTO yellow_card(event_id, yellow_cards_number) VALUES (209, 1);
INSERT INTO event(event_team, game_id) VALUES(20,44);
INSERT INTO yellow_card(event_id, yellow_cards_number) VALUES (210, 2);
INSERT INTO game(game_date, home_team_goals, away_team_goals, game_stadium, game_season, game_referee) VALUES ('1537020000', 3, 0, 17, 1, 12);
INSERT INTO statistics(home_shots, away_shots, home_possession, away_possession, home_expected_goals, away_expected_goals) VALUES (18, 9, 64, 36, 2.40, 1.08);
INSERT INTO gameTeamStatistics(game_id, home_team_id, away_team_id, statistics_id) VALUES (45, 18, 4, 45);
INSERT INTO event(event_team, game_id) VALUES(18,45);
INSERT INTO goal(event_id, goal_minute) VALUES(211, 2);
INSERT INTO event(event_team, game_id) VALUES(18,45);
INSERT INTO goal(event_id, goal_minute) VALUES(212, 21);
INSERT INTO event(event_team, game_id) VALUES(18,45);
INSERT INTO goal(event_id, goal_minute) VALUES(213, 47);
INSERT INTO game(game_date, home_team_goals, away_team_goals, game_stadium, game_season, game_referee) VALUES ('1537020000', 1, 2, 2, 1, 14);
INSERT INTO statistics(home_shots, away_shots, home_possession, away_possession, home_expected_goals, away_expected_goals) VALUES (3, 8, 36, 64, 0.70, 1.09);
INSERT INTO gameTeamStatistics(game_id, home_team_id, away_team_id, statistics_id) VALUES (46, 2, 10, 46);
INSERT INTO event(event_team, game_id) VALUES(2,46);
INSERT INTO goal(event_id, goal_minute) VALUES(214, 90);
INSERT INTO event(event_team, game_id) VALUES(20,44);
INSERT INTO goal(event_id, goal_minute) VALUES(215, 90);
INSERT INTO game(game_date, home_team_goals, away_team_goals, game_stadium, game_season, game_referee) VALUES ('1537029000', 1, 2, 6, 1, 4);
INSERT INTO statistics(home_shots, away_shots, home_possession, away_possession, home_expected_goals, away_expected_goals) VALUES (9, 8, 42, 58, 1.41, 1.36);
INSERT INTO gameTeamStatistics(game_id, home_team_id, away_team_id, statistics_id) VALUES (47, 6, 1, 47);
INSERT INTO event(event_team, game_id) VALUES(6,47);
INSERT INTO yellow_card(event_id, yellow_cards_number) VALUES (216, 2);
INSERT INTO event(event_team, game_id) VALUES(1,47);
INSERT INTO yellow_card(event_id, yellow_cards_number) VALUES (217, 2);
INSERT INTO event(event_team, game_id) VALUES(1,47);
INSERT INTO red_card(event_id, red_cards_number) VALUES (218, 1);
INSERT INTO event(event_team, game_id) VALUES(6,47);
INSERT INTO goal(event_id, goal_minute) VALUES(219, 65);
INSERT INTO event(event_team, game_id) VALUES(1,47);
INSERT INTO goal(event_id, goal_minute) VALUES(220, 65);
INSERT INTO game(game_date, home_team_goals, away_team_goals, game_stadium, game_season, game_referee) VALUES ('1537101000', 1, 0, 7, 1, 1);
INSERT INTO statistics(home_shots, away_shots, home_possession, away_possession, home_expected_goals, away_expected_goals) VALUES (21, 8, 58, 42, 2.40, 0.96);
INSERT INTO gameTeamStatistics(game_id, home_team_id, away_team_id, statistics_id) VALUES (48, 7, 17, 48);
INSERT INTO event(event_team, game_id) VALUES(7,48);
INSERT INTO yellow_card(event_id, yellow_cards_number) VALUES (221, 2);
INSERT INTO event(event_team, game_id) VALUES(17,48);
INSERT INTO yellow_card(event_id, yellow_cards_number) VALUES (222, 4);
INSERT INTO event(event_team, game_id) VALUES(7,48);
INSERT INTO goal(event_id, goal_minute) VALUES(223, 61);
INSERT INTO game(game_date, home_team_goals, away_team_goals, game_stadium, game_season, game_referee) VALUES ('1537110000', 1, 3, 12, 1, 2);
INSERT INTO statistics(home_shots, away_shots, home_possession, away_possession, home_expected_goals, away_expected_goals) VALUES (11, 7, 55, 45, 1.51, 1.14);
INSERT INTO gameTeamStatistics(game_id, home_team_id, away_team_id, statistics_id) VALUES (49, 12, 15, 49);
INSERT INTO event(event_team, game_id) VALUES(12,49);
INSERT INTO yellow_card(event_id, yellow_cards_number) VALUES (224, 2);
INSERT INTO event(event_team, game_id) VALUES(15,49);
INSERT INTO yellow_card(event_id, yellow_cards_number) VALUES (225, 5);
INSERT INTO event(event_team, game_id) VALUES(12,49);
INSERT INTO goal(event_id, goal_minute) VALUES(226, 45);
INSERT INTO event(event_team, game_id) VALUES(15,49);
INSERT INTO goal(event_id, goal_minute) VALUES(227, 45);
INSERT INTO game(game_date, home_team_goals, away_team_goals, game_stadium, game_season, game_referee) VALUES ('1537210800', 2, 2, 9, 1, 8);
INSERT INTO statistics(home_shots, away_shots, home_possession, away_possession, home_expected_goals, away_expected_goals) VALUES (12, 10, 51, 49, 1.51, 1.26);
INSERT INTO gameTeamStatistics(game_id, home_team_id, away_team_id, statistics_id) VALUES (50, 9, 19, 50);
INSERT INTO event(event_team, game_id) VALUES(9,50);
INSERT INTO yellow_card(event_id, yellow_cards_number) VALUES (228, 2);
INSERT INTO event(event_team, game_id) VALUES(19,50);
INSERT INTO yellow_card(event_id, yellow_cards_number) VALUES (229, 3);
INSERT INTO event(event_team, game_id) VALUES(9,50);
INSERT INTO goal(event_id, goal_minute) VALUES(230, 35);
INSERT INTO event(event_team, game_id) VALUES(9,50);
INSERT INTO goal(event_id, goal_minute) VALUES(231, 65);
INSERT INTO event(event_team, game_id) VALUES(19,50);
INSERT INTO goal(event_id, goal_minute) VALUES(232, 35);
INSERT INTO event(event_team, game_id) VALUES(19,50);
INSERT INTO goal(event_id, goal_minute) VALUES(233, 65);
INSERT INTO game(game_date, home_team_goals, away_team_goals, game_stadium, game_season, game_referee) VALUES ('1537615800', 1, 1, 4, 1, 2);
INSERT INTO statistics(home_shots, away_shots, home_possession, away_possession, home_expected_goals, away_expected_goals) VALUES (10, 11, 60, 40, 1.26, 1.55);
INSERT INTO gameTeamStatistics(game_id, home_team_id, away_team_id, statistics_id) VALUES (51, 4, 6, 51);
INSERT INTO event(event_team, game_id) VALUES(4,51);
INSERT INTO yellow_card(event_id, yellow_cards_number) VALUES (234, 2);
INSERT INTO event(event_team, game_id) VALUES(6,51);
INSERT INTO yellow_card(event_id, yellow_cards_number) VALUES (235, 1);
INSERT INTO event(event_team, game_id) VALUES(4,51);
INSERT INTO goal(event_id, goal_minute) VALUES(236, 78);
INSERT INTO event(event_team, game_id) VALUES(6,51);
INSERT INTO goal(event_id, goal_minute) VALUES(237, 78);
INSERT INTO game(game_date, home_team_goals, away_team_goals, game_stadium, game_season, game_referee) VALUES ('1537624800', 4, 0, 16, 1, 8);
INSERT INTO statistics(home_shots, away_shots, home_possession, away_possession, home_expected_goals, away_expected_goals) VALUES (9, 11, 37, 63, 1.24, 1.60);
INSERT INTO gameTeamStatistics(game_id, home_team_id, away_team_id, statistics_id) VALUES (52, 17, 3, 52);
INSERT INTO event(event_team, game_id) VALUES(17,52);
INSERT INTO yellow_card(event_id, yellow_cards_number) VALUES (238, 2);
INSERT INTO event(event_team, game_id) VALUES(17,52);
INSERT INTO goal(event_id, goal_minute) VALUES(239, 39);
INSERT INTO event(event_team, game_id) VALUES(17,52);
INSERT INTO goal(event_id, goal_minute) VALUES(240, 41);
INSERT INTO event(event_team, game_id) VALUES(17,52);
INSERT INTO goal(event_id, goal_minute) VALUES(241, 83);
INSERT INTO event(event_team, game_id) VALUES(17,52);
INSERT INTO goal(event_id, goal_minute) VALUES(242, 88);
INSERT INTO game(game_date, home_team_goals, away_team_goals, game_stadium, game_season, game_referee) VALUES ('1537624800', 0, 5, 11, 1, 10);
INSERT INTO statistics(home_shots, away_shots, home_possession, away_possession, home_expected_goals, away_expected_goals) VALUES (3, 15, 21, 79, 0.54, 2.14);
INSERT INTO gameTeamStatistics(game_id, home_team_id, away_team_id, statistics_id) VALUES (53, 11, 18, 53);
INSERT INTO event(event_team, game_id) VALUES(11,53);
INSERT INTO yellow_card(event_id, yellow_cards_number) VALUES (243, 1);
INSERT INTO event(event_team, game_id) VALUES(18,53);
INSERT INTO yellow_card(event_id, yellow_cards_number) VALUES (244, 1);
INSERT INTO game(game_date, home_team_goals, away_team_goals, game_stadium, game_season, game_referee) VALUES ('1537624800', 0, 0, 19, 1, 1);
INSERT INTO statistics(home_shots, away_shots, home_possession, away_possession, home_expected_goals, away_expected_goals) VALUES (12, 7, 61, 39, 1.57, 0.94);
INSERT INTO gameTeamStatistics(game_id, home_team_id, away_team_id, statistics_id) VALUES (54, 20, 2, 54);
INSERT INTO event(event_team, game_id) VALUES(20,54);
INSERT INTO yellow_card(event_id, yellow_cards_number) VALUES (245, 1);
INSERT INTO event(event_team, game_id) VALUES(2,54);
INSERT INTO yellow_card(event_id, yellow_cards_number) VALUES (246, 1);
INSERT INTO game(game_date, home_team_goals, away_team_goals, game_stadium, game_season, game_referee) VALUES ('1537624800', 3, 1, 13, 1, 15);
INSERT INTO statistics(home_shots, away_shots, home_possession, away_possession, home_expected_goals, away_expected_goals) VALUES (16, 8, 62, 38, 1.90, 0.92);
INSERT INTO gameTeamStatistics(game_id, home_team_id, away_team_id, statistics_id) VALUES (55, 13, 5, 55);
INSERT INTO event(event_team, game_id) VALUES(13,55);
INSERT INTO yellow_card(event_id, yellow_cards_number) VALUES (247, 2);
INSERT INTO event(event_team, game_id) VALUES(5,55);
INSERT INTO yellow_card(event_id, yellow_cards_number) VALUES (248, 1);
INSERT INTO event(event_team, game_id) VALUES(13,55);
INSERT INTO goal(event_id, goal_minute) VALUES(249, 19);
INSERT INTO event(event_team, game_id) VALUES(13,55);
INSERT INTO goal(event_id, goal_minute) VALUES(250, 66);
INSERT INTO event(event_team, game_id) VALUES(13,55);
INSERT INTO goal(event_id, goal_minute) VALUES(251, 75);
INSERT INTO event(event_team, game_id) VALUES(5,55);
INSERT INTO goal(event_id, goal_minute) VALUES(252, 19);
INSERT INTO event(event_team, game_id) VALUES(5,55);
INSERT INTO goal(event_id, goal_minute) VALUES(253, 66);
INSERT INTO event(event_team, game_id) VALUES(5,55);
INSERT INTO goal(event_id, goal_minute) VALUES(254, 75);
INSERT INTO game(game_date, home_team_goals, away_team_goals, game_stadium, game_season, game_referee) VALUES ('1537624800', 3, 0, 8, 1, 13);
INSERT INTO statistics(home_shots, away_shots, home_possession, away_possession, home_expected_goals, away_expected_goals) VALUES (10, 3, 60, 40, 1.41, 0.61);
INSERT INTO gameTeamStatistics(game_id, home_team_id, away_team_id, statistics_id) VALUES (56, 8, 9, 56);
INSERT INTO event(event_team, game_id) VALUES(9,56);
INSERT INTO yellow_card(event_id, yellow_cards_number) VALUES (255, 2);
INSERT INTO event(event_team, game_id) VALUES(8,56);
INSERT INTO goal(event_id, goal_minute) VALUES(256, 10);
INSERT INTO event(event_team, game_id) VALUES(8,56);
INSERT INTO goal(event_id, goal_minute) VALUES(257, 21);
INSERT INTO event(event_team, game_id) VALUES(8,56);
INSERT INTO goal(event_id, goal_minute) VALUES(258, 45);
INSERT INTO game(game_date, home_team_goals, away_team_goals, game_stadium, game_season, game_referee) VALUES ('1537624800', 1, 1, 1, 1, 3);
INSERT INTO statistics(home_shots, away_shots, home_possession, away_possession, home_expected_goals, away_expected_goals) VALUES (10, 12, 64, 36, 1.57, 1.71);
INSERT INTO gameTeamStatistics(game_id, home_team_id, away_team_id, statistics_id) VALUES (57, 1, 7, 57);
INSERT INTO event(event_team, game_id) VALUES(1,57);
INSERT INTO yellow_card(event_id, yellow_cards_number) VALUES (259, 1);
INSERT INTO event(event_team, game_id) VALUES(7,57);
INSERT INTO yellow_card(event_id, yellow_cards_number) VALUES (260, 1);
INSERT INTO event(event_team, game_id) VALUES(1,57);
INSERT INTO goal(event_id, goal_minute) VALUES(261, 18);
INSERT INTO event(event_team, game_id) VALUES(7,57);
INSERT INTO goal(event_id, goal_minute) VALUES(262, 18);
INSERT INTO game(game_date, home_team_goals, away_team_goals, game_stadium, game_season, game_referee) VALUES ('1537633800', 1, 2, 18, 1, 5);
INSERT INTO statistics(home_shots, away_shots, home_possession, away_possession, home_expected_goals, away_expected_goals) VALUES (8, 13, 28, 72, 1.08, 1.71);
INSERT INTO gameTeamStatistics(game_id, home_team_id, away_team_id, statistics_id) VALUES (58, 19, 14, 58);
INSERT INTO event(event_team, game_id) VALUES(19,58);
INSERT INTO yellow_card(event_id, yellow_cards_number) VALUES (263, 2);
INSERT INTO event(event_team, game_id) VALUES(14,58);
INSERT INTO yellow_card(event_id, yellow_cards_number) VALUES (264, 1);
INSERT INTO event(event_team, game_id) VALUES(19,58);
INSERT INTO goal(event_id, goal_minute) VALUES(265, 90);
INSERT INTO event(event_team, game_id) VALUES(14,58);
INSERT INTO goal(event_id, goal_minute) VALUES(266, 90);
INSERT INTO game(game_date, home_team_goals, away_team_goals, game_stadium, game_season, game_referee) VALUES ('1537705800', 0, 0, 14, 1, 4);
INSERT INTO statistics(home_shots, away_shots, home_possession, away_possession, home_expected_goals, away_expected_goals) VALUES (6, 13, 28, 72, 0.73, 1.90);
INSERT INTO gameTeamStatistics(game_id, home_team_id, away_team_id, statistics_id) VALUES (59, 15, 16, 59);
INSERT INTO event(event_team, game_id) VALUES(15,59);
INSERT INTO yellow_card(event_id, yellow_cards_number) VALUES (267, 2);
INSERT INTO event(event_team, game_id) VALUES(16,59);
INSERT INTO yellow_card(event_id, yellow_cards_number) VALUES (268, 1);
INSERT INTO game(game_date, home_team_goals, away_team_goals, game_stadium, game_season, game_referee) VALUES ('1537714800', 2, 0, 10, 1, 6);
INSERT INTO statistics(home_shots, away_shots, home_possession, away_possession, home_expected_goals, away_expected_goals) VALUES (7, 9, 62, 38, 1.30, 1.46);
INSERT INTO gameTeamStatistics(game_id, home_team_id, away_team_id, statistics_id) VALUES (60, 10, 12, 60);
INSERT INTO event(event_team, game_id) VALUES(10,60);
INSERT INTO yellow_card(event_id, yellow_cards_number) VALUES (269, 2);
INSERT INTO event(event_team, game_id) VALUES(12,60);
INSERT INTO yellow_card(event_id, yellow_cards_number) VALUES (270, 1);
INSERT INTO event(event_team, game_id) VALUES(10,60);
INSERT INTO goal(event_id, goal_minute) VALUES(271, 56);
INSERT INTO event(event_team, game_id) VALUES(10,60);
INSERT INTO goal(event_id, goal_minute) VALUES(272, 59);
INSERT INTO game(game_date, home_team_goals, away_team_goals, game_stadium, game_season, game_referee) VALUES ('1538220600', 3, 1, 14, 1, 10);
INSERT INTO statistics(home_shots, away_shots, home_possession, away_possession, home_expected_goals, away_expected_goals) VALUES (8, 6, 49, 51, 1.13, 1.20);
INSERT INTO gameTeamStatistics(game_id, home_team_id, away_team_id, statistics_id) VALUES (61, 15, 1, 61);
INSERT INTO event(event_team, game_id) VALUES(1,61);
INSERT INTO yellow_card(event_id, yellow_cards_number) VALUES (273, 1);
INSERT INTO event(event_team, game_id) VALUES(15,61);
INSERT INTO goal(event_id, goal_minute) VALUES(274, 5);
INSERT INTO event(event_team, game_id) VALUES(15,61);
INSERT INTO goal(event_id, goal_minute) VALUES(275, 43);
INSERT INTO event(event_team, game_id) VALUES(15,61);
INSERT INTO goal(event_id, goal_minute) VALUES(276, 74);
INSERT INTO event(event_team, game_id) VALUES(1,61);
INSERT INTO goal(event_id, goal_minute) VALUES(277, 5);
INSERT INTO event(event_team, game_id) VALUES(1,61);
INSERT INTO goal(event_id, goal_minute) VALUES(278, 43);
INSERT INTO event(event_team, game_id) VALUES(1,61);
INSERT INTO goal(event_id, goal_minute) VALUES(279, 74);
INSERT INTO game(game_date, home_team_goals, away_team_goals, game_stadium, game_season, game_referee) VALUES ('1538229600', 2, 0, 10, 1, 8);
INSERT INTO statistics(home_shots, away_shots, home_possession, away_possession, home_expected_goals, away_expected_goals) VALUES (9, 13, 63, 37, 1.22, 1.53);
INSERT INTO gameTeamStatistics(game_id, home_team_id, away_team_id, statistics_id) VALUES (62, 10, 6, 62);
INSERT INTO event(event_team, game_id) VALUES(10,62);
INSERT INTO yellow_card(event_id, yellow_cards_number) VALUES (280, 2);
INSERT INTO event(event_team, game_id) VALUES(6,62);
INSERT INTO yellow_card(event_id, yellow_cards_number) VALUES (281, 2);
INSERT INTO event(event_team, game_id) VALUES(10,62);
INSERT INTO goal(event_id, goal_minute) VALUES(282, 81);
INSERT INTO event(event_team, game_id) VALUES(10,62);
INSERT INTO goal(event_id, goal_minute) VALUES(283, 83);
INSERT INTO game(game_date, home_team_goals, away_team_goals, game_stadium, game_season, game_referee) VALUES ('1538229600', 3, 0, 12, 1, 16);
INSERT INTO statistics(home_shots, away_shots, home_possession, away_possession, home_expected_goals, away_expected_goals) VALUES (13, 7, 51, 49, 1.68, 0.64);
INSERT INTO gameTeamStatistics(game_id, home_team_id, away_team_id, statistics_id) VALUES (63, 12, 4, 63);
INSERT INTO event(event_team, game_id) VALUES(4,63);
INSERT INTO yellow_card(event_id, yellow_cards_number) VALUES (284, 3);
INSERT INTO event(event_team, game_id) VALUES(12,63);
INSERT INTO goal(event_id, goal_minute) VALUES(285, 56);
INSERT INTO event(event_team, game_id) VALUES(12,63);
INSERT INTO goal(event_id, goal_minute) VALUES(286, 66);
INSERT INTO event(event_team, game_id) VALUES(12,63);
INSERT INTO goal(event_id, goal_minute) VALUES(287, 89);
INSERT INTO game(game_date, home_team_goals, away_team_goals, game_stadium, game_season, game_referee) VALUES ('1538229600', 0, 2, 5, 1, 7);
INSERT INTO statistics(home_shots, away_shots, home_possession, away_possession, home_expected_goals, away_expected_goals) VALUES (9, 11, 52, 48, 1.38, 1.41);
INSERT INTO gameTeamStatistics(game_id, home_team_id, away_team_id, statistics_id) VALUES (64, 5, 14, 64);
INSERT INTO event(event_team, game_id) VALUES(5,64);
INSERT INTO yellow_card(event_id, yellow_cards_number) VALUES (288, 2);
INSERT INTO event(event_team, game_id) VALUES(14,64);
INSERT INTO yellow_card(event_id, yellow_cards_number) VALUES (289, 2);
INSERT INTO game(game_date, home_team_goals, away_team_goals, game_stadium, game_season, game_referee) VALUES ('1538229600', 2, 0, 17, 1, 11);
INSERT INTO statistics(home_shots, away_shots, home_possession, away_possession, home_expected_goals, away_expected_goals) VALUES (22, 3, 80, 20, 2.75, 0.46);
INSERT INTO gameTeamStatistics(game_id, home_team_id, away_team_id, statistics_id) VALUES (65, 18, 19, 65);
INSERT INTO event(event_team, game_id) VALUES(19,65);
INSERT INTO yellow_card(event_id, yellow_cards_number) VALUES (290, 3);
INSERT INTO event(event_team, game_id) VALUES(18,65);
INSERT INTO goal(event_id, goal_minute) VALUES(291, 29);
INSERT INTO event(event_team, game_id) VALUES(18,65);
INSERT INTO goal(event_id, goal_minute) VALUES(292, 65);
INSERT INTO game(game_date, home_team_goals, away_team_goals, game_stadium, game_season, game_referee) VALUES ('1538229600', 0, 2, 2, 1, 17);
INSERT INTO statistics(home_shots, away_shots, home_possession, away_possession, home_expected_goals, away_expected_goals) VALUES (6, 10, 41, 59, 0.73, 1.36);
INSERT INTO gameTeamStatistics(game_id, home_team_id, away_team_id, statistics_id) VALUES (66, 2, 13, 66);
INSERT INTO game(game_date, home_team_goals, away_team_goals, game_stadium, game_season, game_referee) VALUES ('1538229600', 2, 0, 7, 1, 12);
INSERT INTO statistics(home_shots, away_shots, home_possession, away_possession, home_expected_goals, away_expected_goals) VALUES (13, 11, 48, 52, 1.60, 1.50);
INSERT INTO gameTeamStatistics(game_id, home_team_id, away_team_id, statistics_id) VALUES (67, 7, 9, 67);
INSERT INTO event(event_team, game_id) VALUES(7,67);
INSERT INTO yellow_card(event_id, yellow_cards_number) VALUES (293, 3);
INSERT INTO event(event_team, game_id) VALUES(9,67);
INSERT INTO yellow_card(event_id, yellow_cards_number) VALUES (294, 1);
INSERT INTO event(event_team, game_id) VALUES(7,67);
INSERT INTO goal(event_id, goal_minute) VALUES(295, 79);
INSERT INTO event(event_team, game_id) VALUES(7,67);
INSERT INTO goal(event_id, goal_minute) VALUES(296, 87);
INSERT INTO game(game_date, home_team_goals, away_team_goals, game_stadium, game_season, game_referee) VALUES ('1538238600', 1, 1, 15, 1, 1);
INSERT INTO statistics(home_shots, away_shots, home_possession, away_possession, home_expected_goals, away_expected_goals) VALUES (9, 13, 47, 53, 1.17, 1.78);
INSERT INTO gameTeamStatistics(game_id, home_team_id, away_team_id, statistics_id) VALUES (68, 16, 8, 68);
INSERT INTO event(event_team, game_id) VALUES(8,68);
INSERT INTO yellow_card(event_id, yellow_cards_number) VALUES (297, 2);
INSERT INTO event(event_team, game_id) VALUES(16,68);
INSERT INTO goal(event_id, goal_minute) VALUES(298, 25);
INSERT INTO event(event_team, game_id) VALUES(8,68);
INSERT INTO goal(event_id, goal_minute) VALUES(299, 25);
INSERT INTO game(game_date, home_team_goals, away_team_goals, game_stadium, game_season, game_referee) VALUES ('1538319600', 1, 2, 11, 1, 2);
INSERT INTO statistics(home_shots, away_shots, home_possession, away_possession, home_expected_goals, away_expected_goals) VALUES (15, 4, 54, 46, 1.94, 0.72);
INSERT INTO gameTeamStatistics(game_id, home_team_id, away_team_id, statistics_id) VALUES (69, 11, 17, 69);
INSERT INTO event(event_team, game_id) VALUES(11,69);
INSERT INTO yellow_card(event_id, yellow_cards_number) VALUES (300, 1);
INSERT INTO event(event_team, game_id) VALUES(17,69);
INSERT INTO yellow_card(event_id, yellow_cards_number) VALUES (301, 3);
INSERT INTO event(event_team, game_id) VALUES(11,69);
INSERT INTO goal(event_id, goal_minute) VALUES(302, 60);
INSERT INTO event(event_team, game_id) VALUES(17,69);
INSERT INTO goal(event_id, goal_minute) VALUES(303, 60);
INSERT INTO game(game_date, home_team_goals, away_team_goals, game_stadium, game_season, game_referee) VALUES ('1538420400', 2, 1, 3, 1, 4);
INSERT INTO statistics(home_shots, away_shots, home_possession, away_possession, home_expected_goals, away_expected_goals) VALUES (10, 7, 44, 56, 1.39, 1.04);
INSERT INTO gameTeamStatistics(game_id, home_team_id, away_team_id, statistics_id) VALUES (70, 3, 20, 70);
INSERT INTO event(event_team, game_id) VALUES(3,70);
INSERT INTO yellow_card(event_id, yellow_cards_number) VALUES (304, 3);
INSERT INTO event(event_team, game_id) VALUES(20,70);
INSERT INTO yellow_card(event_id, yellow_cards_number) VALUES (305, 4);
INSERT INTO event(event_team, game_id) VALUES(3,70);
INSERT INTO goal(event_id, goal_minute) VALUES(306, 5);
INSERT INTO event(event_team, game_id) VALUES(3,70);
INSERT INTO goal(event_id, goal_minute) VALUES(307, 87);
INSERT INTO event(event_team, game_id) VALUES(20,70);
INSERT INTO goal(event_id, goal_minute) VALUES(308, 5);
INSERT INTO event(event_team, game_id) VALUES(20,70);
INSERT INTO goal(event_id, goal_minute) VALUES(309, 87);
INSERT INTO game(game_date, home_team_goals, away_team_goals, game_stadium, game_season, game_referee) VALUES ('1538766000', 1, 0, 18, 1, 3);
INSERT INTO statistics(home_shots, away_shots, home_possession, away_possession, home_expected_goals, away_expected_goals) VALUES (9, 12, 35, 65, 1.37, 1.86);
INSERT INTO gameTeamStatistics(game_id, home_team_id, away_team_id, statistics_id) VALUES (71, 19, 15, 71);
INSERT INTO event(event_team, game_id) VALUES(19,71);
INSERT INTO yellow_card(event_id, yellow_cards_number) VALUES (310, 3);
INSERT INTO event(event_team, game_id) VALUES(15,71);
INSERT INTO yellow_card(event_id, yellow_cards_number) VALUES (311, 2);
INSERT INTO event(event_team, game_id) VALUES(19,71);
INSERT INTO goal(event_id, goal_minute) VALUES(312, 25);
INSERT INTO game(game_date, home_team_goals, away_team_goals, game_stadium, game_season, game_referee) VALUES ('1538834400', 1, 1, 16, 1, 5);
INSERT INTO statistics(home_shots, away_shots, home_possession, away_possession, home_expected_goals, away_expected_goals) VALUES (4, 10, 31, 69, 0.76, 1.32);
INSERT INTO gameTeamStatistics(game_id, home_team_id, away_team_id, statistics_id) VALUES (72, 17, 5, 72);
INSERT INTO event(event_team, game_id) VALUES(17,72);
INSERT INTO yellow_card(event_id, yellow_cards_number) VALUES (313, 2);
INSERT INTO event(event_team, game_id) VALUES(5,72);
INSERT INTO yellow_card(event_id, yellow_cards_number) VALUES (314, 2);
INSERT INTO event(event_team, game_id) VALUES(17,72);
INSERT INTO goal(event_id, goal_minute) VALUES(315, 20);
INSERT INTO event(event_team, game_id) VALUES(5,72);
INSERT INTO goal(event_id, goal_minute) VALUES(316, 20);
INSERT INTO game(game_date, home_team_goals, away_team_goals, game_stadium, game_season, game_referee) VALUES ('1538834400', 0, 1, 19, 1, 10);
INSERT INTO statistics(home_shots, away_shots, home_possession, away_possession, home_expected_goals, away_expected_goals) VALUES (9, 8, 67, 33, 1.48, 0.95);
INSERT INTO gameTeamStatistics(game_id, home_team_id, away_team_id, statistics_id) VALUES (73, 20, 7, 73);
INSERT INTO event(event_team, game_id) VALUES(20,73);
INSERT INTO yellow_card(event_id, yellow_cards_number) VALUES (317, 3);
INSERT INTO event(event_team, game_id) VALUES(7,73);
INSERT INTO yellow_card(event_id, yellow_cards_number) VALUES (318, 4);
INSERT INTO game(game_date, home_team_goals, away_team_goals, game_stadium, game_season, game_referee) VALUES ('1538834400', 1, 2, 13, 1, 1);
INSERT INTO statistics(home_shots, away_shots, home_possession, away_possession, home_expected_goals, away_expected_goals) VALUES (8, 14, 51, 49, 0.99, 1.92);
INSERT INTO gameTeamStatistics(game_id, home_team_id, away_team_id, statistics_id) VALUES (74, 13, 12, 74);
INSERT INTO event(event_team, game_id) VALUES(13,74);
INSERT INTO yellow_card(event_id, yellow_cards_number) VALUES (319, 3);
INSERT INTO event(event_team, game_id) VALUES(13,74);
INSERT INTO red_card(event_id, red_cards_number) VALUES (320, 1);
INSERT INTO event(event_team, game_id) VALUES(12,74);
INSERT INTO yellow_card(event_id, yellow_cards_number) VALUES (321, 1);
INSERT INTO event(event_team, game_id) VALUES(13,74);
INSERT INTO goal(event_id, goal_minute) VALUES(322, 40);
INSERT INTO event(event_team, game_id) VALUES(12,74);
INSERT INTO goal(event_id, goal_minute) VALUES(323, 40);
INSERT INTO game(game_date, home_team_goals, away_team_goals, game_stadium, game_season, game_referee) VALUES ('1538834400', 1, 0, 20, 1, 4);
INSERT INTO statistics(home_shots, away_shots, home_possession, away_possession, home_expected_goals, away_expected_goals) VALUES (14, 9, 75, 25, 2.03, 1.37);
INSERT INTO gameTeamStatistics(game_id, home_team_id, away_team_id, statistics_id) VALUES (75, 14, 11, 75);
INSERT INTO event(event_team, game_id) VALUES(14,75);
INSERT INTO yellow_card(event_id, yellow_cards_number) VALUES (324, 3);
INSERT INTO event(event_team, game_id) VALUES(11,75);
INSERT INTO yellow_card(event_id, yellow_cards_number) VALUES (325, 1);
INSERT INTO event(event_team, game_id) VALUES(11,75);
INSERT INTO red_card(event_id, red_cards_number) VALUES (326, 1);
INSERT INTO event(event_team, game_id) VALUES(14,75);
INSERT INTO goal(event_id, goal_minute) VALUES(327, 8);
INSERT INTO game(game_date, home_team_goals, away_team_goals, game_stadium, game_season, game_referee) VALUES ('1538834400', 0, 4, 6, 1, 6);
INSERT INTO statistics(home_shots, away_shots, home_possession, away_possession, home_expected_goals, away_expected_goals) VALUES (5, 11, 47, 53, 0.89, 1.59);
INSERT INTO gameTeamStatistics(game_id, home_team_id, away_team_id, statistics_id) VALUES (76, 6, 3, 76);
INSERT INTO event(event_team, game_id) VALUES(6,76);
INSERT INTO yellow_card(event_id, yellow_cards_number) VALUES (328, 4);
INSERT INTO event(event_team, game_id) VALUES(6,76);
INSERT INTO red_card(event_id, red_cards_number) VALUES (329, 1);
INSERT INTO event(event_team, game_id) VALUES(3,76);
INSERT INTO yellow_card(event_id, yellow_cards_number) VALUES (330, 1);
INSERT INTO game(game_date, home_team_goals, away_team_goals, game_stadium, game_season, game_referee) VALUES ('1538843400', 3, 2, 1, 1, 8);
INSERT INTO statistics(home_shots, away_shots, home_possession, away_possession, home_expected_goals, away_expected_goals) VALUES (16, 14, 73, 27, 2.36, 1.84);
INSERT INTO gameTeamStatistics(game_id, home_team_id, away_team_id, statistics_id) VALUES (77, 1, 2, 77);
INSERT INTO event(event_team, game_id) VALUES(1,77);
INSERT INTO yellow_card(event_id, yellow_cards_number) VALUES (331, 2);
INSERT INTO event(event_team, game_id) VALUES(2,77);
INSERT INTO yellow_card(event_id, yellow_cards_number) VALUES (332, 2);
INSERT INTO event(event_team, game_id) VALUES(1,77);
INSERT INTO goal(event_id, goal_minute) VALUES(333, 70);
INSERT INTO event(event_team, game_id) VALUES(1,77);
INSERT INTO goal(event_id, goal_minute) VALUES(334, 76);
INSERT INTO event(event_team, game_id) VALUES(1,77);
INSERT INTO goal(event_id, goal_minute) VALUES(335, 90);
INSERT INTO event(event_team, game_id) VALUES(2,77);
INSERT INTO goal(event_id, goal_minute) VALUES(336, 70);
INSERT INTO event(event_team, game_id) VALUES(2,77);
INSERT INTO goal(event_id, goal_minute) VALUES(337, 76);
INSERT INTO event(event_team, game_id) VALUES(2,77);
INSERT INTO goal(event_id, goal_minute) VALUES(338, 90);
INSERT INTO game(game_date, home_team_goals, away_team_goals, game_stadium, game_season, game_referee) VALUES ('1538910000', 1, 5, 4, 1, 13);
INSERT INTO statistics(home_shots, away_shots, home_possession, away_possession, home_expected_goals, away_expected_goals) VALUES (13, 10, 48, 52, 1.53, 1.56);
INSERT INTO gameTeamStatistics(game_id, home_team_id, away_team_id, statistics_id) VALUES (78, 4, 10, 78);
INSERT INTO event(event_team, game_id) VALUES(4,78);
INSERT INTO yellow_card(event_id, yellow_cards_number) VALUES (339, 2);
INSERT INTO event(event_team, game_id) VALUES(4,78);
INSERT INTO goal(event_id, goal_minute) VALUES(340, 44);
INSERT INTO event(event_team, game_id) VALUES(2,77);
INSERT INTO goal(event_id, goal_minute) VALUES(341, 44);
INSERT INTO game(game_date, home_team_goals, away_team_goals, game_stadium, game_season, game_referee) VALUES ('1538918100', 0, 3, 9, 1, 7);
INSERT INTO statistics(home_shots, away_shots, home_possession, away_possession, home_expected_goals, away_expected_goals) VALUES (13, 10, 34, 66, 1.56, 1.74);
INSERT INTO gameTeamStatistics(game_id, home_team_id, away_team_id, statistics_id) VALUES (79, 9, 16, 79);
INSERT INTO event(event_team, game_id) VALUES(9,79);
INSERT INTO yellow_card(event_id, yellow_cards_number) VALUES (342, 6);
INSERT INTO game(game_date, home_team_goals, away_team_goals, game_stadium, game_season, game_referee) VALUES ('1538926200', 0, 0, 8, 1, 2);
INSERT INTO statistics(home_shots, away_shots, home_possession, away_possession, home_expected_goals, away_expected_goals) VALUES (7, 6, 49, 51, 0.99, 0.91);
INSERT INTO gameTeamStatistics(game_id, home_team_id, away_team_id, statistics_id) VALUES (80, 8, 18, 80);
INSERT INTO event(event_team, game_id) VALUES(8,80);
INSERT INTO yellow_card(event_id, yellow_cards_number) VALUES (343, 1);
INSERT INTO event(event_team, game_id) VALUES(18,80);
INSERT INTO yellow_card(event_id, yellow_cards_number) VALUES (344, 3);
INSERT INTO game(game_date, home_team_goals, away_team_goals, game_stadium, game_season, game_referee) VALUES ('1540035000', 2, 2, 15, 1, 4);
INSERT INTO statistics(home_shots, away_shots, home_possession, away_possession, home_expected_goals, away_expected_goals) VALUES (15, 8, 62, 38, 1.96, 1.14);
INSERT INTO gameTeamStatistics(game_id, home_team_id, away_team_id, statistics_id) VALUES (81, 16, 1, 81);
INSERT INTO event(event_team, game_id) VALUES(16,81);
INSERT INTO yellow_card(event_id, yellow_cards_number) VALUES (345, 2);
INSERT INTO event(event_team, game_id) VALUES(1,81);
INSERT INTO yellow_card(event_id, yellow_cards_number) VALUES (346, 5);
INSERT INTO event(event_team, game_id) VALUES(16,81);
INSERT INTO goal(event_id, goal_minute) VALUES(347, 21);
INSERT INTO event(event_team, game_id) VALUES(16,81);
INSERT INTO goal(event_id, goal_minute) VALUES(348, 90);
INSERT INTO event(event_team, game_id) VALUES(1,81);
INSERT INTO goal(event_id, goal_minute) VALUES(349, 21);
INSERT INTO event(event_team, game_id) VALUES(1,81);
INSERT INTO goal(event_id, goal_minute) VALUES(350, 90);
INSERT INTO game(game_date, home_team_goals, away_team_goals, game_stadium, game_season, game_referee) VALUES ('1540044000', 0, 0, 3, 1, 14);
INSERT INTO statistics(home_shots, away_shots, home_possession, away_possession, home_expected_goals, away_expected_goals) VALUES (8, 7, 57, 43, 1.15, 1.12);
INSERT INTO gameTeamStatistics(game_id, home_team_id, away_team_id, statistics_id) VALUES (82, 3, 9, 82);
INSERT INTO event(event_team, game_id) VALUES(3,82);
INSERT INTO yellow_card(event_id, yellow_cards_number) VALUES (351, 1);
INSERT INTO event(event_team, game_id) VALUES(9,82);
INSERT INTO yellow_card(event_id, yellow_cards_number) VALUES (352, 2);
INSERT INTO game(game_date, home_team_goals, away_team_goals, game_stadium, game_season, game_referee) VALUES ('1540044000', 4, 2, 11, 1, 3);
INSERT INTO statistics(home_shots, away_shots, home_possession, away_possession, home_expected_goals, away_expected_goals) VALUES (16, 8, 40, 60, 1.85, 1.15);
INSERT INTO gameTeamStatistics(game_id, home_team_id, away_team_id, statistics_id) VALUES (83, 11, 4, 83);
INSERT INTO event(event_team, game_id) VALUES(11,83);
INSERT INTO yellow_card(event_id, yellow_cards_number) VALUES (353, 3);
INSERT INTO event(event_team, game_id) VALUES(4,83);
INSERT INTO yellow_card(event_id, yellow_cards_number) VALUES (354, 3);
INSERT INTO event(event_team, game_id) VALUES(11,83);
INSERT INTO goal(event_id, goal_minute) VALUES(355, 15);
INSERT INTO event(event_team, game_id) VALUES(11,83);
INSERT INTO goal(event_id, goal_minute) VALUES(356, 20);
INSERT INTO event(event_team, game_id) VALUES(11,83);
INSERT INTO goal(event_id, goal_minute) VALUES(357, 65);
INSERT INTO event(event_team, game_id) VALUES(11,83);
INSERT INTO goal(event_id, goal_minute) VALUES(358, 87);
INSERT INTO event(event_team, game_id) VALUES(4,83);
INSERT INTO goal(event_id, goal_minute) VALUES(359, 15);
INSERT INTO event(event_team, game_id) VALUES(4,83);
INSERT INTO goal(event_id, goal_minute) VALUES(360, 20);
INSERT INTO event(event_team, game_id) VALUES(4,83);
INSERT INTO goal(event_id, goal_minute) VALUES(361, 65);
INSERT INTO event(event_team, game_id) VALUES(4,83);
INSERT INTO goal(event_id, goal_minute) VALUES(362, 87);
INSERT INTO game(game_date, home_team_goals, away_team_goals, game_stadium, game_season, game_referee) VALUES ('1540044000', 5, 0, 17, 1, 6);
INSERT INTO statistics(home_shots, away_shots, home_possession, away_possession, home_expected_goals, away_expected_goals) VALUES (17, 5, 69, 31, 2.33, 0.48);
INSERT INTO gameTeamStatistics(game_id, home_team_id, away_team_id, statistics_id) VALUES (84, 18, 17, 84);
INSERT INTO event(event_team, game_id) VALUES(18,84);
INSERT INTO yellow_card(event_id, yellow_cards_number) VALUES (363, 2);
INSERT INTO event(event_team, game_id) VALUES(17,84);
INSERT INTO yellow_card(event_id, yellow_cards_number) VALUES (364, 2);
INSERT INTO event(event_team, game_id) VALUES(18,84);
INSERT INTO goal(event_id, goal_minute) VALUES(365, 17);
INSERT INTO event(event_team, game_id) VALUES(18,84);
INSERT INTO goal(event_id, goal_minute) VALUES(366, 54);
INSERT INTO event(event_team, game_id) VALUES(18,84);
INSERT INTO goal(event_id, goal_minute) VALUES(367, 56);
INSERT INTO event(event_team, game_id) VALUES(18,84);
INSERT INTO goal(event_id, goal_minute) VALUES(368, 83);
INSERT INTO event(event_team, game_id) VALUES(18,84);
INSERT INTO goal(event_id, goal_minute) VALUES(369, 90);
INSERT INTO game(game_date, home_team_goals, away_team_goals, game_stadium, game_season, game_referee) VALUES ('1540044000', 0, 1, 2, 1, 1);
INSERT INTO statistics(home_shots, away_shots, home_possession, away_possession, home_expected_goals, away_expected_goals) VALUES (19, 7, 68, 32, 2.38, 0.93);
INSERT INTO gameTeamStatistics(game_id, home_team_id, away_team_id, statistics_id) VALUES (85, 2, 19, 85);
INSERT INTO event(event_team, game_id) VALUES(19,85);
INSERT INTO yellow_card(event_id, yellow_cards_number) VALUES (370, 2);
INSERT INTO game(game_date, home_team_goals, away_team_goals, game_stadium, game_season, game_referee) VALUES ('1540044000', 0, 1, 14, 1, 2);
INSERT INTO statistics(home_shots, away_shots, home_possession, away_possession, home_expected_goals, away_expected_goals) VALUES (12, 7, 44, 56, 1.62, 0.92);
INSERT INTO gameTeamStatistics(game_id, home_team_id, away_team_id, statistics_id) VALUES (86, 15, 14, 86);
INSERT INTO event(event_team, game_id) VALUES(15,86);
INSERT INTO yellow_card(event_id, yellow_cards_number) VALUES (371, 3);
INSERT INTO game(game_date, home_team_goals, away_team_goals, game_stadium, game_season, game_referee) VALUES ('1540044000', 0, 2, 7, 1, 11);
INSERT INTO statistics(home_shots, away_shots, home_possession, away_possession, home_expected_goals, away_expected_goals) VALUES (8, 6, 44, 56, 1.06, 0.95);
INSERT INTO gameTeamStatistics(game_id, home_team_id, away_team_id, statistics_id) VALUES (87, 7, 6, 87);
INSERT INTO event(event_team, game_id) VALUES(7,87);
INSERT INTO yellow_card(event_id, yellow_cards_number) VALUES (372, 3);
INSERT INTO event(event_team, game_id) VALUES(6,87);
INSERT INTO yellow_card(event_id, yellow_cards_number) VALUES (373, 1);
INSERT INTO game(game_date, home_team_goals, away_team_goals, game_stadium, game_season, game_referee) VALUES ('1540053000', 0, 1, 5, 1, 10);
INSERT INTO statistics(home_shots, away_shots, home_possession, away_possession, home_expected_goals, away_expected_goals) VALUES (8, 7, 47, 53, 1.06, 1.00);
INSERT INTO gameTeamStatistics(game_id, home_team_id, away_team_id, statistics_id) VALUES (88, 5, 8, 88);
INSERT INTO event(event_team, game_id) VALUES(8,88);
INSERT INTO yellow_card(event_id, yellow_cards_number) VALUES (374, 2);
INSERT INTO game(game_date, home_team_goals, away_team_goals, game_stadium, game_season, game_referee) VALUES ('1540134000', 2, 0, 12, 1, 8);
INSERT INTO statistics(home_shots, away_shots, home_possession, away_possession, home_expected_goals, away_expected_goals) VALUES (14, 8, 59, 41, 1.80, 1.12);
INSERT INTO gameTeamStatistics(game_id, home_team_id, away_team_id, statistics_id) VALUES (89, 12, 20, 89);
INSERT INTO event(event_team, game_id) VALUES(12,89);
INSERT INTO yellow_card(event_id, yellow_cards_number) VALUES (375, 2);
INSERT INTO event(event_team, game_id) VALUES(20,89);
INSERT INTO yellow_card(event_id, yellow_cards_number) VALUES (376, 1);
INSERT INTO event(event_team, game_id) VALUES(12,89);
INSERT INTO goal(event_id, goal_minute) VALUES(377, 87);
INSERT INTO event(event_team, game_id) VALUES(12,89);
INSERT INTO goal(event_id, goal_minute) VALUES(378, 89);
INSERT INTO game(game_date, home_team_goals, away_team_goals, game_stadium, game_season, game_referee) VALUES ('1540234800', 3, 1, 10, 1, 5);
INSERT INTO statistics(home_shots, away_shots, home_possession, away_possession, home_expected_goals, away_expected_goals) VALUES (18, 6, 69, 31, 2.13, 0.89);
INSERT INTO gameTeamStatistics(game_id, home_team_id, away_team_id, statistics_id) VALUES (90, 10, 13, 90);
INSERT INTO event(event_team, game_id) VALUES(10,90);
INSERT INTO yellow_card(event_id, yellow_cards_number) VALUES (379, 2);
INSERT INTO event(event_team, game_id) VALUES(13,90);
INSERT INTO yellow_card(event_id, yellow_cards_number) VALUES (380, 2);
INSERT INTO event(event_team, game_id) VALUES(10,90);
INSERT INTO goal(event_id, goal_minute) VALUES(381, 45);
INSERT INTO event(event_team, game_id) VALUES(10,90);
INSERT INTO goal(event_id, goal_minute) VALUES(382, 63);
INSERT INTO event(event_team, game_id) VALUES(10,90);
INSERT INTO goal(event_id, goal_minute) VALUES(383, 66);
INSERT INTO event(event_team, game_id) VALUES(13,90);
INSERT INTO goal(event_id, goal_minute) VALUES(384, 45);
INSERT INTO event(event_team, game_id) VALUES(13,90);
INSERT INTO goal(event_id, goal_minute) VALUES(385, 63);
INSERT INTO event(event_team, game_id) VALUES(13,90);
INSERT INTO goal(event_id, goal_minute) VALUES(386, 66);
INSERT INTO game(game_date, home_team_goals, away_team_goals, game_stadium, game_season, game_referee) VALUES ('1540648800', 1, 0, 18, 1, 8);
INSERT INTO statistics(home_shots, away_shots, home_possession, away_possession, home_expected_goals, away_expected_goals) VALUES (7, 16, 39, 61, 0.82, 2.16);
INSERT INTO gameTeamStatistics(game_id, home_team_id, away_team_id, statistics_id) VALUES (91, 19, 7, 91);
INSERT INTO event(event_team, game_id) VALUES(19,91);
INSERT INTO yellow_card(event_id, yellow_cards_number) VALUES (387, 3);
INSERT INTO event(event_team, game_id) VALUES(19,91);
INSERT INTO goal(event_id, goal_minute) VALUES(388, 48);
INSERT INTO game(game_date, home_team_goals, away_team_goals, game_stadium, game_season, game_referee) VALUES ('1540648800', 0, 3, 4, 1, 1);
INSERT INTO statistics(home_shots, away_shots, home_possession, away_possession, home_expected_goals, away_expected_goals) VALUES (11, 12, 52, 48, 1.14, 1.67);
INSERT INTO gameTeamStatistics(game_id, home_team_id, away_team_id, statistics_id) VALUES (92, 4, 3, 92);
INSERT INTO event(event_team, game_id) VALUES(4,92);
INSERT INTO yellow_card(event_id, yellow_cards_number) VALUES (389, 3);
INSERT INTO event(event_team, game_id) VALUES(4,92);
INSERT INTO red_card(event_id, red_cards_number) VALUES (390, 1);
INSERT INTO event(event_team, game_id) VALUES(3,92);
INSERT INTO yellow_card(event_id, yellow_cards_number) VALUES (391, 1);
INSERT INTO game(game_date, home_team_goals, away_team_goals, game_stadium, game_season, game_referee) VALUES ('1540648800', 4, 1, 8, 1, 12);
INSERT INTO statistics(home_shots, away_shots, home_possession, away_possession, home_expected_goals, away_expected_goals) VALUES (14, 3, 79, 21, 2.06, 0.53);
INSERT INTO gameTeamStatistics(game_id, home_team_id, away_team_id, statistics_id) VALUES (93, 8, 11, 93);
INSERT INTO event(event_team, game_id) VALUES(8,93);
INSERT INTO goal(event_id, goal_minute) VALUES(392, 10);
INSERT INTO event(event_team, game_id) VALUES(8,93);
INSERT INTO goal(event_id, goal_minute) VALUES(393, 66);
INSERT INTO event(event_team, game_id) VALUES(8,93);
INSERT INTO goal(event_id, goal_minute) VALUES(394, 84);
INSERT INTO event(event_team, game_id) VALUES(8,93);
INSERT INTO goal(event_id, goal_minute) VALUES(395, 87);
INSERT INTO event(event_team, game_id) VALUES(3,92);
INSERT INTO goal(event_id, goal_minute) VALUES(396, 10);
INSERT INTO event(event_team, game_id) VALUES(3,92);
INSERT INTO goal(event_id, goal_minute) VALUES(397, 66);
INSERT INTO event(event_team, game_id) VALUES(3,92);
INSERT INTO goal(event_id, goal_minute) VALUES(398, 84);
INSERT INTO event(event_team, game_id) VALUES(3,92);
INSERT INTO goal(event_id, goal_minute) VALUES(399, 87);
INSERT INTO game(game_date, home_team_goals, away_team_goals, game_stadium, game_season, game_referee) VALUES ('1540648800', 0, 0, 9, 1, 5);
INSERT INTO statistics(home_shots, away_shots, home_possession, away_possession, home_expected_goals, away_expected_goals) VALUES (18, 5, 50, 50, 1.97, 0.63);
INSERT INTO gameTeamStatistics(game_id, home_team_id, away_team_id, statistics_id) VALUES (94, 9, 2, 94);
INSERT INTO event(event_team, game_id) VALUES(2,94);
INSERT INTO yellow_card(event_id, yellow_cards_number) VALUES (400, 1);
INSERT INTO game(game_date, home_team_goals, away_team_goals, game_stadium, game_season, game_referee) VALUES ('1540648800', 3, 0, 6, 1, 4);
INSERT INTO statistics(home_shots, away_shots, home_possession, away_possession, home_expected_goals, away_expected_goals) VALUES (13, 12, 48, 52, 1.66, 1.60);
INSERT INTO gameTeamStatistics(game_id, home_team_id, away_team_id, statistics_id) VALUES (95, 6, 5, 95);
INSERT INTO event(event_team, game_id) VALUES(6,95);
INSERT INTO yellow_card(event_id, yellow_cards_number) VALUES (401, 1);
INSERT INTO event(event_team, game_id) VALUES(5,95);
INSERT INTO yellow_card(event_id, yellow_cards_number) VALUES (402, 2);
INSERT INTO event(event_team, game_id) VALUES(6,95);
INSERT INTO goal(event_id, goal_minute) VALUES(403, 10);
INSERT INTO event(event_team, game_id) VALUES(6,95);
INSERT INTO goal(event_id, goal_minute) VALUES(404, 19);
INSERT INTO event(event_team, game_id) VALUES(6,95);
INSERT INTO goal(event_id, goal_minute) VALUES(405, 80);
INSERT INTO game(game_date, home_team_goals, away_team_goals, game_stadium, game_season, game_referee) VALUES ('1540657800', 1, 1, 13, 1, 10);
INSERT INTO statistics(home_shots, away_shots, home_possession, away_possession, home_expected_goals, away_expected_goals) VALUES (19, 10, 64, 36, 2.50, 1.16);
INSERT INTO gameTeamStatistics(game_id, home_team_id, away_team_id, statistics_id) VALUES (96, 13, 15, 96);
INSERT INTO event(event_team, game_id) VALUES(13,96);
INSERT INTO yellow_card(event_id, yellow_cards_number) VALUES (406, 1);
INSERT INTO event(event_team, game_id) VALUES(15,96);
INSERT INTO yellow_card(event_id, yellow_cards_number) VALUES (407, 1);
INSERT INTO event(event_team, game_id) VALUES(15,96);
INSERT INTO red_card(event_id, red_cards_number) VALUES (408, 1);
INSERT INTO event(event_team, game_id) VALUES(13,96);
INSERT INTO goal(event_id, goal_minute) VALUES(409, 89);
INSERT INTO event(event_team, game_id) VALUES(15,96);
INSERT INTO goal(event_id, goal_minute) VALUES(410, 89);
INSERT INTO game(game_date, home_team_goals, away_team_goals, game_stadium, game_season, game_referee) VALUES ('1540733400', 0, 4, 16, 1, 7);
INSERT INTO statistics(home_shots, away_shots, home_possession, away_possession, home_expected_goals, away_expected_goals) VALUES (6, 18, 30, 70, 0.81, 2.06);
INSERT INTO gameTeamStatistics(game_id, home_team_id, away_team_id, statistics_id) VALUES (97, 17, 16, 97);
INSERT INTO event(event_team, game_id) VALUES(17,97);
INSERT INTO yellow_card(event_id, yellow_cards_number) VALUES (411, 4);
INSERT INTO event(event_team, game_id) VALUES(16,97);
INSERT INTO yellow_card(event_id, yellow_cards_number) VALUES (412, 2);
INSERT INTO game(game_date, home_team_goals, away_team_goals, game_stadium, game_season, game_referee) VALUES ('1540733400', 2, 2, 19, 1, 2);
INSERT INTO statistics(home_shots, away_shots, home_possession, away_possession, home_expected_goals, away_expected_goals) VALUES (15, 6, 42, 58, 1.62, 0.90);
INSERT INTO gameTeamStatistics(game_id, home_team_id, away_team_id, statistics_id) VALUES (98, 20, 10, 98);
INSERT INTO event(event_team, game_id) VALUES(20,98);
INSERT INTO yellow_card(event_id, yellow_cards_number) VALUES (413, 1);
INSERT INTO event(event_team, game_id) VALUES(10,98);
INSERT INTO yellow_card(event_id, yellow_cards_number) VALUES (414, 2);
INSERT INTO event(event_team, game_id) VALUES(20,98);
INSERT INTO goal(event_id, goal_minute) VALUES(415, 45);
INSERT INTO event(event_team, game_id) VALUES(20,98);
INSERT INTO goal(event_id, goal_minute) VALUES(416, 83);
INSERT INTO event(event_team, game_id) VALUES(10,98);
INSERT INTO goal(event_id, goal_minute) VALUES(417, 45);
INSERT INTO event(event_team, game_id) VALUES(10,98);
INSERT INTO goal(event_id, goal_minute) VALUES(418, 83);
INSERT INTO game(game_date, home_team_goals, away_team_goals, game_stadium, game_season, game_referee) VALUES ('1540742400', 2, 1, 1, 1, 6);
INSERT INTO statistics(home_shots, away_shots, home_possession, away_possession, home_expected_goals, away_expected_goals) VALUES (14, 14, 53, 47, 1.94, 1.67);
INSERT INTO gameTeamStatistics(game_id, home_team_id, away_team_id, statistics_id) VALUES (99, 1, 12, 99);
INSERT INTO event(event_team, game_id) VALUES(1,99);
INSERT INTO yellow_card(event_id, yellow_cards_number) VALUES (419, 2);
INSERT INTO event(event_team, game_id) VALUES(12,99);
INSERT INTO yellow_card(event_id, yellow_cards_number) VALUES (420, 1);
INSERT INTO event(event_team, game_id) VALUES(1,99);
INSERT INTO goal(event_id, goal_minute) VALUES(421, 27);
INSERT INTO event(event_team, game_id) VALUES(1,99);
INSERT INTO goal(event_id, goal_minute) VALUES(422, 49);
INSERT INTO event(event_team, game_id) VALUES(12,99);
INSERT INTO goal(event_id, goal_minute) VALUES(423, 27);
INSERT INTO event(event_team, game_id) VALUES(12,99);
INSERT INTO goal(event_id, goal_minute) VALUES(424, 49);
INSERT INTO game(game_date, home_team_goals, away_team_goals, game_stadium, game_season, game_referee) VALUES ('1540843200', 0, 1, 20, 1, 3);
INSERT INTO statistics(home_shots, away_shots, home_possession, away_possession, home_expected_goals, away_expected_goals) VALUES (5, 9, 48, 52, 0.73, 1.53);
INSERT INTO gameTeamStatistics(game_id, home_team_id, away_team_id, statistics_id) VALUES (100, 14, 18, 100);
INSERT INTO event(event_team, game_id) VALUES(14,100);
INSERT INTO yellow_card(event_id, yellow_cards_number) VALUES (425, 2);
INSERT INTO event(event_team, game_id) VALUES(18,100);
INSERT INTO yellow_card(event_id, yellow_cards_number) VALUES (426, 2);
INSERT INTO game(game_date, home_team_goals, away_team_goals, game_stadium, game_season, game_referee) VALUES ('1541248200', 1, 2, 3, 1, 13);
INSERT INTO statistics(home_shots, away_shots, home_possession, away_possession, home_expected_goals, away_expected_goals) VALUES (11, 15, 48, 52, 1.62, 1.95);
INSERT INTO gameTeamStatistics(game_id, home_team_id, away_team_id, statistics_id) VALUES (101, 3, 1, 101);
INSERT INTO event(event_team, game_id) VALUES(3,101);
INSERT INTO yellow_card(event_id, yellow_cards_number) VALUES (427, 4);
INSERT INTO event(event_team, game_id) VALUES(1,101);
INSERT INTO yellow_card(event_id, yellow_cards_number) VALUES (428, 3);
INSERT INTO event(event_team, game_id) VALUES(3,101);
INSERT INTO goal(event_id, goal_minute) VALUES(429, 11);
INSERT INTO event(event_team, game_id) VALUES(1,101);
INSERT INTO goal(event_id, goal_minute) VALUES(430, 11);
INSERT INTO game(game_date, home_team_goals, away_team_goals, game_stadium, game_season, game_referee) VALUES ('1541257200', 0, 1, 11, 1, 14);
INSERT INTO statistics(home_shots, away_shots, home_possession, away_possession, home_expected_goals, away_expected_goals) VALUES (11, 10, 40, 60, 1.34, 1.49);
INSERT INTO gameTeamStatistics(game_id, home_team_id, away_team_id, statistics_id) VALUES (102, 11, 13, 102);
INSERT INTO event(event_team, game_id) VALUES(11,102);
INSERT INTO yellow_card(event_id, yellow_cards_number) VALUES (431, 2);
INSERT INTO event(event_team, game_id) VALUES(13,102);
INSERT INTO yellow_card(event_id, yellow_cards_number) VALUES (432, 2);
INSERT INTO game(game_date, home_team_goals, away_team_goals, game_stadium, game_season, game_referee) VALUES ('1541257200', 3, 1, 12, 1, 15);
INSERT INTO statistics(home_shots, away_shots, home_possession, away_possession, home_expected_goals, away_expected_goals) VALUES (13, 4, 61, 39, 1.67, 0.74);
INSERT INTO gameTeamStatistics(game_id, home_team_id, away_team_id, statistics_id) VALUES (103, 12, 19, 103);
INSERT INTO event(event_team, game_id) VALUES(19,103);
INSERT INTO yellow_card(event_id, yellow_cards_number) VALUES (433, 1);
INSERT INTO event(event_team, game_id) VALUES(12,103);
INSERT INTO goal(event_id, goal_minute) VALUES(434, 26);
INSERT INTO event(event_team, game_id) VALUES(12,103);
INSERT INTO goal(event_id, goal_minute) VALUES(435, 50);
INSERT INTO event(event_team, game_id) VALUES(12,103);
INSERT INTO goal(event_id, goal_minute) VALUES(436, 77);
INSERT INTO event(event_team, game_id) VALUES(19,103);
INSERT INTO goal(event_id, goal_minute) VALUES(437, 26);
INSERT INTO event(event_team, game_id) VALUES(19,103);
INSERT INTO goal(event_id, goal_minute) VALUES(438, 50);
INSERT INTO event(event_team, game_id) VALUES(19,103);
INSERT INTO goal(event_id, goal_minute) VALUES(439, 77);
INSERT INTO game(game_date, home_team_goals, away_team_goals, game_stadium, game_season, game_referee) VALUES ('1541257200', 1, 0, 2, 1, 7);
INSERT INTO statistics(home_shots, away_shots, home_possession, away_possession, home_expected_goals, away_expected_goals) VALUES (7, 12, 41, 59, 0.97, 1.33);
INSERT INTO gameTeamStatistics(game_id, home_team_id, away_team_id, statistics_id) VALUES (104, 2, 6, 104);
INSERT INTO event(event_team, game_id) VALUES(2,104);
INSERT INTO yellow_card(event_id, yellow_cards_number) VALUES (440, 1);
INSERT INTO event(event_team, game_id) VALUES(6,104);
INSERT INTO yellow_card(event_id, yellow_cards_number) VALUES (441, 5);
INSERT INTO event(event_team, game_id) VALUES(2,104);
INSERT INTO goal(event_id, goal_minute) VALUES(442, 65);
INSERT INTO game(game_date, home_team_goals, away_team_goals, game_stadium, game_season, game_referee) VALUES ('1541257200', 4, 2, 14, 1, 16);
INSERT INTO statistics(home_shots, away_shots, home_possession, away_possession, home_expected_goals, away_expected_goals) VALUES (17, 5, 62, 38, 2.39, 0.74);
INSERT INTO gameTeamStatistics(game_id, home_team_id, away_team_id, statistics_id) VALUES (105, 15, 17, 105);
INSERT INTO event(event_team, game_id) VALUES(15,105);
INSERT INTO yellow_card(event_id, yellow_cards_number) VALUES (443, 1);
INSERT INTO event(event_team, game_id) VALUES(17,105);
INSERT INTO yellow_card(event_id, yellow_cards_number) VALUES (444, 4);
INSERT INTO event(event_team, game_id) VALUES(15,105);
INSERT INTO goal(event_id, goal_minute) VALUES(445, 10);
INSERT INTO event(event_team, game_id) VALUES(15,105);
INSERT INTO goal(event_id, goal_minute) VALUES(446, 68);
INSERT INTO event(event_team, game_id) VALUES(15,105);
INSERT INTO goal(event_id, goal_minute) VALUES(447, 84);
INSERT INTO event(event_team, game_id) VALUES(15,105);
INSERT INTO goal(event_id, goal_minute) VALUES(448, 90);
INSERT INTO event(event_team, game_id) VALUES(17,105);
INSERT INTO goal(event_id, goal_minute) VALUES(449, 10);
INSERT INTO event(event_team, game_id) VALUES(17,105);
INSERT INTO goal(event_id, goal_minute) VALUES(450, 68);
INSERT INTO event(event_team, game_id) VALUES(17,105);
INSERT INTO goal(event_id, goal_minute) VALUES(451, 84);
INSERT INTO event(event_team, game_id) VALUES(17,105);
INSERT INTO goal(event_id, goal_minute) VALUES(452, 90);
INSERT INTO game(game_date, home_team_goals, away_team_goals, game_stadium, game_season, game_referee) VALUES ('1541266200', 1, 1, 10, 1, 1);
INSERT INTO statistics(home_shots, away_shots, home_possession, away_possession, home_expected_goals, away_expected_goals) VALUES (10, 10, 61, 39, 1.48, 1.29);
INSERT INTO gameTeamStatistics(game_id, home_team_id, away_team_id, statistics_id) VALUES (106, 10, 8, 106);
INSERT INTO event(event_team, game_id) VALUES(10,106);
INSERT INTO yellow_card(event_id, yellow_cards_number) VALUES (453, 1);
INSERT INTO event(event_team, game_id) VALUES(8,106);
INSERT INTO yellow_card(event_id, yellow_cards_number) VALUES (454, 1);
INSERT INTO event(event_team, game_id) VALUES(10,106);
INSERT INTO goal(event_id, goal_minute) VALUES(455, 82);
INSERT INTO event(event_team, game_id) VALUES(8,106);
INSERT INTO goal(event_id, goal_minute) VALUES(456, 82);
INSERT INTO game(game_date, home_team_goals, away_team_goals, game_stadium, game_season, game_referee) VALUES ('1541274300', 2, 3, 7, 1, 4);
INSERT INTO statistics(home_shots, away_shots, home_possession, away_possession, home_expected_goals, away_expected_goals) VALUES (12, 10, 48, 52, 1.73, 1.52);
INSERT INTO gameTeamStatistics(game_id, home_team_id, away_team_id, statistics_id) VALUES (107, 7, 14, 107);
INSERT INTO event(event_team, game_id) VALUES(7,107);
INSERT INTO yellow_card(event_id, yellow_cards_number) VALUES (457, 1);
INSERT INTO event(event_team, game_id) VALUES(14,107);
INSERT INTO yellow_card(event_id, yellow_cards_number) VALUES (458, 2);
INSERT INTO event(event_team, game_id) VALUES(7,107);
INSERT INTO goal(event_id, goal_minute) VALUES(459, 68);
INSERT INTO event(event_team, game_id) VALUES(7,107);
INSERT INTO goal(event_id, goal_minute) VALUES(460, 79);
INSERT INTO event(event_team, game_id) VALUES(14,107);
INSERT INTO goal(event_id, goal_minute) VALUES(461, 68);
INSERT INTO event(event_team, game_id) VALUES(14,107);
INSERT INTO goal(event_id, goal_minute) VALUES(462, 79);
INSERT INTO game(game_date, home_team_goals, away_team_goals, game_stadium, game_season, game_referee) VALUES ('1541343600', 6, 1, 17, 1, 11);
INSERT INTO statistics(home_shots, away_shots, home_possession, away_possession, home_expected_goals, away_expected_goals) VALUES (14, 12, 67, 33, 2.07, 1.56);
INSERT INTO gameTeamStatistics(game_id, home_team_id, away_team_id, statistics_id) VALUES (108, 18, 9, 108);
INSERT INTO event(event_team, game_id) VALUES(18,108);
INSERT INTO yellow_card(event_id, yellow_cards_number) VALUES (463, 1);
INSERT INTO event(event_team, game_id) VALUES(9,108);
INSERT INTO yellow_card(event_id, yellow_cards_number) VALUES (464, 1);
INSERT INTO event(event_team, game_id) VALUES(18,108);
INSERT INTO goal(event_id, goal_minute) VALUES(465, 6);
INSERT INTO event(event_team, game_id) VALUES(18,108);
INSERT INTO goal(event_id, goal_minute) VALUES(466, 12);
INSERT INTO event(event_team, game_id) VALUES(18,108);
INSERT INTO goal(event_id, goal_minute) VALUES(467, 18);
INSERT INTO event(event_team, game_id) VALUES(18,108);
INSERT INTO goal(event_id, goal_minute) VALUES(468, 45);
INSERT INTO event(event_team, game_id) VALUES(18,108);
INSERT INTO goal(event_id, goal_minute) VALUES(469, 67);
INSERT INTO event(event_team, game_id) VALUES(18,108);
INSERT INTO goal(event_id, goal_minute) VALUES(470, 90);
INSERT INTO event(event_team, game_id) VALUES(9,108);
INSERT INTO goal(event_id, goal_minute) VALUES(471, 6);
INSERT INTO event(event_team, game_id) VALUES(9,108);
INSERT INTO goal(event_id, goal_minute) VALUES(472, 12);
INSERT INTO event(event_team, game_id) VALUES(9,108);
INSERT INTO goal(event_id, goal_minute) VALUES(473, 18);
INSERT INTO event(event_team, game_id) VALUES(9,108);
INSERT INTO goal(event_id, goal_minute) VALUES(474, 45);
INSERT INTO event(event_team, game_id) VALUES(9,108);
INSERT INTO goal(event_id, goal_minute) VALUES(475, 67);
INSERT INTO event(event_team, game_id) VALUES(9,108);
INSERT INTO goal(event_id, goal_minute) VALUES(476, 90);
INSERT INTO game(game_date, home_team_goals, away_team_goals, game_stadium, game_season, game_referee) VALUES ('1541347200', 3, 1, 15, 1, 10);
INSERT INTO statistics(home_shots, away_shots, home_possession, away_possession, home_expected_goals, away_expected_goals) VALUES (12, 5, 73, 27, 1.79, 0.76);
INSERT INTO gameTeamStatistics(game_id, home_team_id, away_team_id, statistics_id) VALUES (109, 16, 20, 109);
INSERT INTO event(event_team, game_id) VALUES(20,109);
INSERT INTO yellow_card(event_id, yellow_cards_number) VALUES (477, 1);
INSERT INTO event(event_team, game_id) VALUES(16,109);
INSERT INTO goal(event_id, goal_minute) VALUES(478, 32);
INSERT INTO event(event_team, game_id) VALUES(16,109);
INSERT INTO goal(event_id, goal_minute) VALUES(479, 65);
INSERT INTO event(event_team, game_id) VALUES(16,109);
INSERT INTO goal(event_id, goal_minute) VALUES(480, 70);
INSERT INTO event(event_team, game_id) VALUES(20,109);
INSERT INTO goal(event_id, goal_minute) VALUES(481, 32);
INSERT INTO event(event_team, game_id) VALUES(20,109);
INSERT INTO goal(event_id, goal_minute) VALUES(482, 65);
INSERT INTO event(event_team, game_id) VALUES(20,109);
INSERT INTO goal(event_id, goal_minute) VALUES(483, 70);
INSERT INTO game(game_date, home_team_goals, away_team_goals, game_stadium, game_season, game_referee) VALUES ('1541448000', 1, 0, 5, 1, 8);
INSERT INTO statistics(home_shots, away_shots, home_possession, away_possession, home_expected_goals, away_expected_goals) VALUES (9, 5, 45, 55, 1.26, 0.66);
INSERT INTO gameTeamStatistics(game_id, home_team_id, away_team_id, statistics_id) VALUES (110, 5, 4, 110);
INSERT INTO event(event_team, game_id) VALUES(5,110);
INSERT INTO yellow_card(event_id, yellow_cards_number) VALUES (484, 1);
INSERT INTO event(event_team, game_id) VALUES(4,110);
INSERT INTO yellow_card(event_id, yellow_cards_number) VALUES (485, 2);
INSERT INTO event(event_team, game_id) VALUES(5,110);
INSERT INTO goal(event_id, goal_minute) VALUES(486, 29);
INSERT INTO game(game_date, home_team_goals, away_team_goals, game_stadium, game_season, game_referee) VALUES ('1541853000', 2, 1, 11, 1, 2);
INSERT INTO statistics(home_shots, away_shots, home_possession, away_possession, home_expected_goals, away_expected_goals) VALUES (16, 6, 60, 40, 1.84, 0.81);
INSERT INTO gameTeamStatistics(game_id, home_team_id, away_team_id, statistics_id) VALUES (111, 11, 19, 111);
INSERT INTO event(event_team, game_id) VALUES(11,111);
INSERT INTO yellow_card(event_id, yellow_cards_number) VALUES (487, 2);
INSERT INTO event(event_team, game_id) VALUES(19,111);
INSERT INTO yellow_card(event_id, yellow_cards_number) VALUES (488, 1);
INSERT INTO event(event_team, game_id) VALUES(19,111);
INSERT INTO red_card(event_id, red_cards_number) VALUES (489, 1);
INSERT INTO event(event_team, game_id) VALUES(11,111);
INSERT INTO goal(event_id, goal_minute) VALUES(490, 28);
INSERT INTO event(event_team, game_id) VALUES(11,111);
INSERT INTO goal(event_id, goal_minute) VALUES(491, 90);
INSERT INTO event(event_team, game_id) VALUES(19,111);
INSERT INTO goal(event_id, goal_minute) VALUES(492, 28);
INSERT INTO event(event_team, game_id) VALUES(19,111);
INSERT INTO goal(event_id, goal_minute) VALUES(493, 90);
INSERT INTO game(game_date, home_team_goals, away_team_goals, game_stadium, game_season, game_referee) VALUES ('1541862000', 1, 1, 5, 1, 5);
INSERT INTO statistics(home_shots, away_shots, home_possession, away_possession, home_expected_goals, away_expected_goals) VALUES (15, 10, 43, 57, 1.86, 1.45);
INSERT INTO gameTeamStatistics(game_id, home_team_id, away_team_id, statistics_id) VALUES (112, 5, 15, 112);
INSERT INTO event(event_team, game_id) VALUES(5,112);
INSERT INTO yellow_card(event_id, yellow_cards_number) VALUES (494, 1);
INSERT INTO event(event_team, game_id) VALUES(15,112);
INSERT INTO yellow_card(event_id, yellow_cards_number) VALUES (495, 1);
INSERT INTO event(event_team, game_id) VALUES(5,112);
INSERT INTO goal(event_id, goal_minute) VALUES(496, 6);
INSERT INTO event(event_team, game_id) VALUES(15,112);
INSERT INTO goal(event_id, goal_minute) VALUES(497, 6);
INSERT INTO game(game_date, home_team_goals, away_team_goals, game_stadium, game_season, game_referee) VALUES ('1541862000', 0, 0, 13, 1, 4);
INSERT INTO statistics(home_shots, away_shots, home_possession, away_possession, home_expected_goals, away_expected_goals) VALUES (15, 5, 63, 37, 1.93, 0.69);
INSERT INTO gameTeamStatistics(game_id, home_team_id, away_team_id, statistics_id) VALUES (113, 13, 17, 113);
INSERT INTO event(event_team, game_id) VALUES(13,113);
INSERT INTO yellow_card(event_id, yellow_cards_number) VALUES (498, 2);
INSERT INTO game(game_date, home_team_goals, away_team_goals, game_stadium, game_season, game_referee) VALUES ('1541862000', 2, 1, 2, 1, 14);
INSERT INTO statistics(home_shots, away_shots, home_possession, away_possession, home_expected_goals, away_expected_goals) VALUES (15, 10, 39, 61, 1.78, 1.41);
INSERT INTO gameTeamStatistics(game_id, home_team_id, away_team_id, statistics_id) VALUES (114, 2, 3, 114);
INSERT INTO event(event_team, game_id) VALUES(2,114);
INSERT INTO yellow_card(event_id, yellow_cards_number) VALUES (499, 2);
INSERT INTO event(event_team, game_id) VALUES(3,114);
INSERT INTO yellow_card(event_id, yellow_cards_number) VALUES (500, 1);
INSERT INTO event(event_team, game_id) VALUES(2,114);
INSERT INTO goal(event_id, goal_minute) VALUES(501, 7);
INSERT INTO event(event_team, game_id) VALUES(2,114);
INSERT INTO goal(event_id, goal_minute) VALUES(502, 39);
INSERT INTO event(event_team, game_id) VALUES(3,114);
INSERT INTO goal(event_id, goal_minute) VALUES(503, 7);
INSERT INTO event(event_team, game_id) VALUES(3,114);
INSERT INTO goal(event_id, goal_minute) VALUES(504, 39);
INSERT INTO game(game_date, home_team_goals, away_team_goals, game_stadium, game_season, game_referee) VALUES ('1541862000', 1, 1, 9, 1, 17);
INSERT INTO statistics(home_shots, away_shots, home_possession, away_possession, home_expected_goals, away_expected_goals) VALUES (11, 10, 42, 58, 1.34, 1.49);
INSERT INTO gameTeamStatistics(game_id, home_team_id, away_team_id, statistics_id) VALUES (115, 9, 6, 115);
INSERT INTO event(event_team, game_id) VALUES(9,115);
INSERT INTO yellow_card(event_id, yellow_cards_number) VALUES (505, 3);
INSERT INTO event(event_team, game_id) VALUES(6,115);
INSERT INTO yellow_card(event_id, yellow_cards_number) VALUES (506, 2);
INSERT INTO event(event_team, game_id) VALUES(9,115);
INSERT INTO goal(event_id, goal_minute) VALUES(507, 20);
INSERT INTO event(event_team, game_id) VALUES(6,115);
INSERT INTO goal(event_id, goal_minute) VALUES(508, 20);
INSERT INTO game(game_date, home_team_goals, away_team_goals, game_stadium, game_season, game_referee) VALUES ('1541871000', 0, 1, 19, 1, 6);
INSERT INTO statistics(home_shots, away_shots, home_possession, away_possession, home_expected_goals, away_expected_goals) VALUES (11, 9, 35, 65, 1.51, 1.27);
INSERT INTO gameTeamStatistics(game_id, home_team_id, away_team_id, statistics_id) VALUES (116, 20, 14, 116);
INSERT INTO event(event_team, game_id) VALUES(20,116);
INSERT INTO yellow_card(event_id, yellow_cards_number) VALUES (509, 1);
INSERT INTO event(event_team, game_id) VALUES(14,116);
INSERT INTO yellow_card(event_id, yellow_cards_number) VALUES (510, 1);
INSERT INTO game(game_date, home_team_goals, away_team_goals, game_stadium, game_season, game_referee) VALUES ('1541937600', 2, 0, 8, 1, 13);
INSERT INTO statistics(home_shots, away_shots, home_possession, away_possession, home_expected_goals, away_expected_goals) VALUES (15, 8, 73, 27, 1.95, 1.01);
INSERT INTO gameTeamStatistics(game_id, home_team_id, away_team_id, statistics_id) VALUES (117, 8, 4, 117);
INSERT INTO event(event_team, game_id) VALUES(8,117);
INSERT INTO yellow_card(event_id, yellow_cards_number) VALUES (511, 1);
INSERT INTO event(event_team, game_id) VALUES(4,117);
INSERT INTO yellow_card(event_id, yellow_cards_number) VALUES (512, 1);
INSERT INTO event(event_team, game_id) VALUES(8,117);
INSERT INTO goal(event_id, goal_minute) VALUES(513, 41);
INSERT INTO event(event_team, game_id) VALUES(8,117);
INSERT INTO goal(event_id, goal_minute) VALUES(514, 53);
INSERT INTO game(game_date, home_team_goals, away_team_goals, game_stadium, game_season, game_referee) VALUES ('1541945700', 0, 0, 15, 1, 3);
INSERT INTO statistics(home_shots, away_shots, home_possession, away_possession, home_expected_goals, away_expected_goals) VALUES (12, 5, 68, 32, 1.50, 0.61);
INSERT INTO gameTeamStatistics(game_id, home_team_id, away_team_id, statistics_id) VALUES (118, 16, 12, 118);
INSERT INTO event(event_team, game_id) VALUES(16,118);
INSERT INTO yellow_card(event_id, yellow_cards_number) VALUES (515, 4);
INSERT INTO event(event_team, game_id) VALUES(12,118);
INSERT INTO yellow_card(event_id, yellow_cards_number) VALUES (516, 3);
INSERT INTO game(game_date, home_team_goals, away_team_goals, game_stadium, game_season, game_referee) VALUES ('1541953800', 1, 1, 10, 1, 12);
INSERT INTO statistics(home_shots, away_shots, home_possession, away_possession, home_expected_goals, away_expected_goals) VALUES (7, 12, 71, 29, 1.39, 1.40);
INSERT INTO gameTeamStatistics(game_id, home_team_id, away_team_id, statistics_id) VALUES (119, 10, 7, 119);
INSERT INTO event(event_team, game_id) VALUES(10,119);
INSERT INTO yellow_card(event_id, yellow_cards_number) VALUES (517, 2);
INSERT INTO event(event_team, game_id) VALUES(7,119);
INSERT INTO yellow_card(event_id, yellow_cards_number) VALUES (518, 2);
INSERT INTO event(event_team, game_id) VALUES(10,119);
INSERT INTO goal(event_id, goal_minute) VALUES(519, 86);
INSERT INTO event(event_team, game_id) VALUES(7,119);
INSERT INTO goal(event_id, goal_minute) VALUES(520, 86);
INSERT INTO game(game_date, home_team_goals, away_team_goals, game_stadium, game_season, game_referee) VALUES ('1541953800', 3, 1, 17, 1, 8);
INSERT INTO statistics(home_shots, away_shots, home_possession, away_possession, home_expected_goals, away_expected_goals) VALUES (12, 3, 64, 36, 1.69, 0.63);
INSERT INTO gameTeamStatistics(game_id, home_team_id, away_team_id, statistics_id) VALUES (120, 18, 1, 120);
INSERT INTO event(event_team, game_id) VALUES(18,120);
INSERT INTO yellow_card(event_id, yellow_cards_number) VALUES (521, 1);
INSERT INTO event(event_team, game_id) VALUES(1,120);
INSERT INTO yellow_card(event_id, yellow_cards_number) VALUES (522, 1);
INSERT INTO event(event_team, game_id) VALUES(18,120);
INSERT INTO goal(event_id, goal_minute) VALUES(523, 12);
INSERT INTO event(event_team, game_id) VALUES(18,120);
INSERT INTO goal(event_id, goal_minute) VALUES(524, 48);
INSERT INTO event(event_team, game_id) VALUES(18,120);
INSERT INTO goal(event_id, goal_minute) VALUES(525, 86);
INSERT INTO event(event_team, game_id) VALUES(1,120);
INSERT INTO goal(event_id, goal_minute) VALUES(526, 12);
INSERT INTO event(event_team, game_id) VALUES(1,120);
INSERT INTO goal(event_id, goal_minute) VALUES(527, 48);
INSERT INTO event(event_team, game_id) VALUES(1,120);
INSERT INTO goal(event_id, goal_minute) VALUES(528, 86);
INSERT INTO game(game_date, home_team_goals, away_team_goals, game_stadium, game_season, game_referee) VALUES ('1543071600', 1, 1, 18, 1, 5);
INSERT INTO statistics(home_shots, away_shots, home_possession, away_possession, home_expected_goals, away_expected_goals) VALUES (12, 7, 54, 46, 1.44, 1.11);
INSERT INTO gameTeamStatistics(game_id, home_team_id, away_team_id, statistics_id) VALUES (121, 19, 13, 121);
INSERT INTO event(event_team, game_id) VALUES(19,121);
INSERT INTO yellow_card(event_id, yellow_cards_number) VALUES (529, 3);
INSERT INTO event(event_team, game_id) VALUES(13,121);
INSERT INTO yellow_card(event_id, yellow_cards_number) VALUES (530, 2);
INSERT INTO event(event_team, game_id) VALUES(13,121);
INSERT INTO red_card(event_id, red_cards_number) VALUES (531, 1);
INSERT INTO event(event_team, game_id) VALUES(19,121);
INSERT INTO goal(event_id, goal_minute) VALUES(532, 15);
INSERT INTO event(event_team, game_id) VALUES(13,121);
INSERT INTO goal(event_id, goal_minute) VALUES(533, 15);
INSERT INTO game(game_date, home_team_goals, away_team_goals, game_stadium, game_season, game_referee) VALUES ('1543071600', 1, 0, 12, 1, 13);
INSERT INTO statistics(home_shots, away_shots, home_possession, away_possession, home_expected_goals, away_expected_goals) VALUES (14, 6, 70, 30, 2.04, 0.78);
INSERT INTO gameTeamStatistics(game_id, home_team_id, away_team_id, statistics_id) VALUES (122, 12, 11, 122);
INSERT INTO event(event_team, game_id) VALUES(11,122);
INSERT INTO yellow_card(event_id, yellow_cards_number) VALUES (534, 3);
INSERT INTO event(event_team, game_id) VALUES(12,122);
INSERT INTO goal(event_id, goal_minute) VALUES(535, 59);
INSERT INTO game(game_date, home_team_goals, away_team_goals, game_stadium, game_season, game_referee) VALUES ('1543071600', 3, 2, 4, 1, 10);
INSERT INTO statistics(home_shots, away_shots, home_possession, away_possession, home_expected_goals, away_expected_goals) VALUES (9, 15, 37, 63, 1.28, 2.09);
INSERT INTO gameTeamStatistics(game_id, home_team_id, away_team_id, statistics_id) VALUES (123, 4, 9, 123);
INSERT INTO event(event_team, game_id) VALUES(4,123);
INSERT INTO yellow_card(event_id, yellow_cards_number) VALUES (536, 2);
INSERT INTO event(event_team, game_id) VALUES(9,123);
INSERT INTO yellow_card(event_id, yellow_cards_number) VALUES (537, 3);
INSERT INTO event(event_team, game_id) VALUES(4,123);
INSERT INTO goal(event_id, goal_minute) VALUES(538, 33);
INSERT INTO event(event_team, game_id) VALUES(4,123);
INSERT INTO goal(event_id, goal_minute) VALUES(539, 43);
INSERT INTO event(event_team, game_id) VALUES(4,123);
INSERT INTO goal(event_id, goal_minute) VALUES(540, 63);
INSERT INTO event(event_team, game_id) VALUES(9,123);
INSERT INTO goal(event_id, goal_minute) VALUES(541, 33);
INSERT INTO event(event_team, game_id) VALUES(9,123);
INSERT INTO goal(event_id, goal_minute) VALUES(542, 43);
INSERT INTO event(event_team, game_id) VALUES(9,123);
INSERT INTO goal(event_id, goal_minute) VALUES(543, 63);
INSERT INTO game(game_date, home_team_goals, away_team_goals, game_stadium, game_season, game_referee) VALUES ('1543071600', 0, 0, 1, 1, 11);
INSERT INTO statistics(home_shots, away_shots, home_possession, away_possession, home_expected_goals, away_expected_goals) VALUES (10, 12, 59, 41, 1.63, 1.23);
INSERT INTO gameTeamStatistics(game_id, home_team_id, away_team_id, statistics_id) VALUES (124, 1, 20, 124);
INSERT INTO event(event_team, game_id) VALUES(1,124);
INSERT INTO yellow_card(event_id, yellow_cards_number) VALUES (544, 1);
INSERT INTO event(event_team, game_id) VALUES(20,124);
INSERT INTO yellow_card(event_id, yellow_cards_number) VALUES (545, 2);
INSERT INTO game(game_date, home_team_goals, away_team_goals, game_stadium, game_season, game_referee) VALUES ('1543071600', 0, 3, 6, 1, 6);
INSERT INTO statistics(home_shots, away_shots, home_possession, away_possession, home_expected_goals, away_expected_goals) VALUES (6, 11, 36, 64, 0.78, 1.56);
INSERT INTO gameTeamStatistics(game_id, home_team_id, away_team_id, statistics_id) VALUES (125, 6, 8, 125);
INSERT INTO event(event_team, game_id) VALUES(8,125);
INSERT INTO yellow_card(event_id, yellow_cards_number) VALUES (546, 1);
INSERT INTO event(event_team, game_id) VALUES(8,125);
INSERT INTO red_card(event_id, red_cards_number) VALUES (547, 1);
INSERT INTO game(game_date, home_team_goals, away_team_goals, game_stadium, game_season, game_referee) VALUES ('1543071600', 0, 4, 14, 1, 1);
INSERT INTO statistics(home_shots, away_shots, home_possession, away_possession, home_expected_goals, away_expected_goals) VALUES (7, 9, 30, 70, 0.97, 1.42);
INSERT INTO gameTeamStatistics(game_id, home_team_id, away_team_id, statistics_id) VALUES (126, 15, 18, 126);
INSERT INTO game(game_date, home_team_goals, away_team_goals, game_stadium, game_season, game_referee) VALUES ('1543080600', 3, 1, 20, 1, 2);
INSERT INTO statistics(home_shots, away_shots, home_possession, away_possession, home_expected_goals, away_expected_goals) VALUES (16, 8, 39, 61, 2.07, 1.08);
INSERT INTO gameTeamStatistics(game_id, home_team_id, away_team_id, statistics_id) VALUES (127, 14, 16, 127);
INSERT INTO event(event_team, game_id) VALUES(16,127);
INSERT INTO yellow_card(event_id, yellow_cards_number) VALUES (548, 3);
INSERT INTO event(event_team, game_id) VALUES(14,127);
INSERT INTO goal(event_id, goal_minute) VALUES(549, 8);
INSERT INTO event(event_team, game_id) VALUES(14,127);
INSERT INTO goal(event_id, goal_minute) VALUES(550, 16);
INSERT INTO event(event_team, game_id) VALUES(14,127);
INSERT INTO goal(event_id, goal_minute) VALUES(551, 54);
INSERT INTO event(event_team, game_id) VALUES(16,127);
INSERT INTO goal(event_id, goal_minute) VALUES(552, 8);
INSERT INTO event(event_team, game_id) VALUES(16,127);
INSERT INTO goal(event_id, goal_minute) VALUES(553, 16);
INSERT INTO event(event_team, game_id) VALUES(16,127);
INSERT INTO goal(event_id, goal_minute) VALUES(554, 54);
INSERT INTO game(game_date, home_team_goals, away_team_goals, game_stadium, game_season, game_referee) VALUES ('1543152600', 1, 2, 3, 1, 7);
INSERT INTO statistics(home_shots, away_shots, home_possession, away_possession, home_expected_goals, away_expected_goals) VALUES (8, 16, 41, 59, 1.18, 1.88);
INSERT INTO gameTeamStatistics(game_id, home_team_id, away_team_id, statistics_id) VALUES (128, 3, 10, 128);
INSERT INTO event(event_team, game_id) VALUES(3,128);
INSERT INTO yellow_card(event_id, yellow_cards_number) VALUES (555, 2);
INSERT INTO event(event_team, game_id) VALUES(10,128);
INSERT INTO yellow_card(event_id, yellow_cards_number) VALUES (556, 1);
INSERT INTO event(event_team, game_id) VALUES(3,128);
INSERT INTO goal(event_id, goal_minute) VALUES(557, 45);
INSERT INTO event(event_team, game_id) VALUES(10,128);
INSERT INTO goal(event_id, goal_minute) VALUES(558, 45);
INSERT INTO game(game_date, home_team_goals, away_team_goals, game_stadium, game_season, game_referee) VALUES ('1543161600', 0, 2, 7, 1, 3);
INSERT INTO statistics(home_shots, away_shots, home_possession, away_possession, home_expected_goals, away_expected_goals) VALUES (10, 11, 44, 56, 1.22, 1.52);
INSERT INTO gameTeamStatistics(game_id, home_team_id, away_team_id, statistics_id) VALUES (129, 7, 5, 129);
INSERT INTO event(event_team, game_id) VALUES(7,129);
INSERT INTO yellow_card(event_id, yellow_cards_number) VALUES (559, 1);
INSERT INTO event(event_team, game_id) VALUES(5,129);
INSERT INTO yellow_card(event_id, yellow_cards_number) VALUES (560, 2);
INSERT INTO game(game_date, home_team_goals, away_team_goals, game_stadium, game_season, game_referee) VALUES ('1543264200', 1, 2, 16, 1, 8);
INSERT INTO statistics(home_shots, away_shots, home_possession, away_possession, home_expected_goals, away_expected_goals) VALUES (13, 12, 56, 44, 1.52, 1.29);
INSERT INTO gameTeamStatistics(game_id, home_team_id, away_team_id, statistics_id) VALUES (130, 17, 2, 130);
INSERT INTO event(event_team, game_id) VALUES(2,130);
INSERT INTO yellow_card(event_id, yellow_cards_number) VALUES (561, 1);
INSERT INTO event(event_team, game_id) VALUES(17,130);
INSERT INTO goal(event_id, goal_minute) VALUES(562, 40);
INSERT INTO event(event_team, game_id) VALUES(2,130);
INSERT INTO goal(event_id, goal_minute) VALUES(563, 40);
INSERT INTO game(game_date, home_team_goals, away_team_goals, game_stadium, game_season, game_referee) VALUES ('1543608000', 2, 1, 11, 1, 1);
INSERT INTO statistics(home_shots, away_shots, home_possession, away_possession, home_expected_goals, away_expected_goals) VALUES (12, 14, 47, 53, 1.44, 1.61);
INSERT INTO gameTeamStatistics(game_id, home_team_id, away_team_id, statistics_id) VALUES (131, 11, 7, 131);
INSERT INTO event(event_team, game_id) VALUES(11,131);
INSERT INTO yellow_card(event_id, yellow_cards_number) VALUES (564, 1);
INSERT INTO event(event_team, game_id) VALUES(7,131);
INSERT INTO yellow_card(event_id, yellow_cards_number) VALUES (565, 2);
INSERT INTO event(event_team, game_id) VALUES(11,131);
INSERT INTO goal(event_id, goal_minute) VALUES(566, 65);
INSERT INTO event(event_team, game_id) VALUES(11,131);
INSERT INTO goal(event_id, goal_minute) VALUES(567, 77);
INSERT INTO event(event_team, game_id) VALUES(7,131);
INSERT INTO goal(event_id, goal_minute) VALUES(568, 65);
INSERT INTO event(event_team, game_id) VALUES(7,131);
INSERT INTO goal(event_id, goal_minute) VALUES(569, 77);
INSERT INTO game(game_date, home_team_goals, away_team_goals, game_stadium, game_season, game_referee) VALUES ('1543676400', 2, 0, 19, 1, 14);
INSERT INTO statistics(home_shots, away_shots, home_possession, away_possession, home_expected_goals, away_expected_goals) VALUES (21, 3, 58, 42, 2.61, 0.60);
INSERT INTO gameTeamStatistics(game_id, home_team_id, away_team_id, statistics_id) VALUES (132, 20, 17, 132);
INSERT INTO event(event_team, game_id) VALUES(20,132);
INSERT INTO yellow_card(event_id, yellow_cards_number) VALUES (570, 1);
INSERT INTO event(event_team, game_id) VALUES(17,132);
INSERT INTO yellow_card(event_id, yellow_cards_number) VALUES (571, 1);
INSERT INTO event(event_team, game_id) VALUES(20,132);
INSERT INTO goal(event_id, goal_minute) VALUES(572, 16);
INSERT INTO event(event_team, game_id) VALUES(20,132);
INSERT INTO goal(event_id, goal_minute) VALUES(573, 77);
INSERT INTO game(game_date, home_team_goals, away_team_goals, game_stadium, game_season, game_referee) VALUES ('1543676400', 1, 2, 5, 1, 10);
INSERT INTO statistics(home_shots, away_shots, home_possession, away_possession, home_expected_goals, away_expected_goals) VALUES (6, 10, 32, 68, 0.86, 1.50);
INSERT INTO gameTeamStatistics(game_id, home_team_id, away_team_id, statistics_id) VALUES (133, 5, 19, 133);
INSERT INTO event(event_team, game_id) VALUES(5,133);
INSERT INTO red_card(event_id, red_cards_number) VALUES (574, 1);
INSERT INTO event(event_team, game_id) VALUES(19,133);
INSERT INTO yellow_card(event_id, yellow_cards_number) VALUES (575, 2);
INSERT INTO event(event_team, game_id) VALUES(5,133);
INSERT INTO goal(event_id, goal_minute) VALUES(576, 1);
INSERT INTO event(event_team, game_id) VALUES(19,133);
INSERT INTO goal(event_id, goal_minute) VALUES(577, 1);
INSERT INTO game(game_date, home_team_goals, away_team_goals, game_stadium, game_season, game_referee) VALUES ('1543676400', 2, 0, 13, 1, 9);
INSERT INTO statistics(home_shots, away_shots, home_possession, away_possession, home_expected_goals, away_expected_goals) VALUES (7, 7, 37, 63, 0.98, 0.98);
INSERT INTO gameTeamStatistics(game_id, home_team_id, away_team_id, statistics_id) VALUES (134, 13, 6, 134);
INSERT INTO event(event_team, game_id) VALUES(13,134);
INSERT INTO yellow_card(event_id, yellow_cards_number) VALUES (578, 2);
INSERT INTO event(event_team, game_id) VALUES(6,134);
INSERT INTO yellow_card(event_id, yellow_cards_number) VALUES (579, 1);
INSERT INTO event(event_team, game_id) VALUES(6,134);
INSERT INTO red_card(event_id, red_cards_number) VALUES (580, 1);
INSERT INTO event(event_team, game_id) VALUES(13,134);
INSERT INTO goal(event_id, goal_minute) VALUES(581, 12);
INSERT INTO event(event_team, game_id) VALUES(13,134);
INSERT INTO goal(event_id, goal_minute) VALUES(582, 23);
INSERT INTO game(game_date, home_team_goals, away_team_goals, game_stadium, game_season, game_referee) VALUES ('1543676400', 3, 1, 17, 1, 12);
INSERT INTO statistics(home_shots, away_shots, home_possession, away_possession, home_expected_goals, away_expected_goals) VALUES (12, 4, 73, 27, 1.79, 0.67);
INSERT INTO gameTeamStatistics(game_id, home_team_id, away_team_id, statistics_id) VALUES (135, 18, 3, 135);
INSERT INTO event(event_team, game_id) VALUES(18,135);
INSERT INTO goal(event_id, goal_minute) VALUES(583, 16);
INSERT INTO event(event_team, game_id) VALUES(18,135);
INSERT INTO goal(event_id, goal_minute) VALUES(584, 57);
INSERT INTO event(event_team, game_id) VALUES(18,135);
INSERT INTO goal(event_id, goal_minute) VALUES(585, 79);
INSERT INTO event(event_team, game_id) VALUES(6,134);
INSERT INTO goal(event_id, goal_minute) VALUES(586, 16);
INSERT INTO event(event_team, game_id) VALUES(6,134);
INSERT INTO goal(event_id, goal_minute) VALUES(587, 57);
INSERT INTO event(event_team, game_id) VALUES(6,134);
INSERT INTO goal(event_id, goal_minute) VALUES(588, 79);
INSERT INTO game(game_date, home_team_goals, away_team_goals, game_stadium, game_season, game_referee) VALUES ('1543676400', 0, 3, 2, 1, 13);
INSERT INTO statistics(home_shots, away_shots, home_possession, away_possession, home_expected_goals, away_expected_goals) VALUES (12, 8, 58, 42, 1.56, 1.06);
INSERT INTO gameTeamStatistics(game_id, home_team_id, away_team_id, statistics_id) VALUES (136, 2, 15, 136);
INSERT INTO event(event_team, game_id) VALUES(2,136);
INSERT INTO yellow_card(event_id, yellow_cards_number) VALUES (589, 3);
INSERT INTO event(event_team, game_id) VALUES(15,136);
INSERT INTO yellow_card(event_id, yellow_cards_number) VALUES (590, 3);
INSERT INTO game(game_date, home_team_goals, away_team_goals, game_stadium, game_season, game_referee) VALUES ('1543685400', 2, 2, 9, 1, 3);
INSERT INTO statistics(home_shots, away_shots, home_possession, away_possession, home_expected_goals, away_expected_goals) VALUES (13, 10, 40, 60, 1.67, 1.34);
INSERT INTO gameTeamStatistics(game_id, home_team_id, away_team_id, statistics_id) VALUES (137, 9, 1, 137);
INSERT INTO event(event_team, game_id) VALUES(9,137);
INSERT INTO yellow_card(event_id, yellow_cards_number) VALUES (591, 4);
INSERT INTO event(event_team, game_id) VALUES(1,137);
INSERT INTO yellow_card(event_id, yellow_cards_number) VALUES (592, 4);
INSERT INTO event(event_team, game_id) VALUES(9,137);
INSERT INTO goal(event_id, goal_minute) VALUES(593, 13);
INSERT INTO event(event_team, game_id) VALUES(9,137);
INSERT INTO goal(event_id, goal_minute) VALUES(594, 20);
INSERT INTO event(event_team, game_id) VALUES(1,137);
INSERT INTO goal(event_id, goal_minute) VALUES(595, 13);
INSERT INTO event(event_team, game_id) VALUES(1,137);
INSERT INTO goal(event_id, goal_minute) VALUES(596, 20);
INSERT INTO game(game_date, home_team_goals, away_team_goals, game_stadium, game_season, game_referee) VALUES ('1543752000', 2, 0, 15, 1, 7);
INSERT INTO statistics(home_shots, away_shots, home_possession, away_possession, home_expected_goals, away_expected_goals) VALUES (11, 9, 66, 34, 1.77, 1.23);
INSERT INTO gameTeamStatistics(game_id, home_team_id, away_team_id, statistics_id) VALUES (138, 16, 4, 138);
INSERT INTO event(event_team, game_id) VALUES(16,138);
INSERT INTO yellow_card(event_id, yellow_cards_number) VALUES (597, 2);
INSERT INTO event(event_team, game_id) VALUES(4,138);
INSERT INTO yellow_card(event_id, yellow_cards_number) VALUES (598, 1);
INSERT INTO event(event_team, game_id) VALUES(16,138);
INSERT INTO goal(event_id, goal_minute) VALUES(599, 4);
INSERT INTO event(event_team, game_id) VALUES(16,138);
INSERT INTO goal(event_id, goal_minute) VALUES(600, 82);
INSERT INTO game(game_date, home_team_goals, away_team_goals, game_stadium, game_season, game_referee) VALUES ('1543759500', 4, 2, 10, 1, 4);
INSERT INTO statistics(home_shots, away_shots, home_possession, away_possession, home_expected_goals, away_expected_goals) VALUES (19, 10, 59, 41, 2.15, 1.40);
INSERT INTO gameTeamStatistics(game_id, home_team_id, away_team_id, statistics_id) VALUES (139, 10, 14, 139);
INSERT INTO event(event_team, game_id) VALUES(10,139);
INSERT INTO yellow_card(event_id, yellow_cards_number) VALUES (601, 3);
INSERT INTO event(event_team, game_id) VALUES(14,139);
INSERT INTO yellow_card(event_id, yellow_cards_number) VALUES (602, 4);
INSERT INTO event(event_team, game_id) VALUES(14,139);
INSERT INTO red_card(event_id, red_cards_number) VALUES (603, 1);
INSERT INTO event(event_team, game_id) VALUES(10,139);
INSERT INTO goal(event_id, goal_minute) VALUES(604, 10);
INSERT INTO event(event_team, game_id) VALUES(10,139);
INSERT INTO goal(event_id, goal_minute) VALUES(605, 56);
INSERT INTO event(event_team, game_id) VALUES(10,139);
INSERT INTO goal(event_id, goal_minute) VALUES(606, 74);
INSERT INTO event(event_team, game_id) VALUES(10,139);
INSERT INTO goal(event_id, goal_minute) VALUES(607, 77);
INSERT INTO event(event_team, game_id) VALUES(14,139);
INSERT INTO goal(event_id, goal_minute) VALUES(608, 10);
INSERT INTO event(event_team, game_id) VALUES(14,139);
INSERT INTO goal(event_id, goal_minute) VALUES(609, 56);
INSERT INTO event(event_team, game_id) VALUES(14,139);
INSERT INTO goal(event_id, goal_minute) VALUES(610, 74);
INSERT INTO event(event_team, game_id) VALUES(14,139);
INSERT INTO goal(event_id, goal_minute) VALUES(611, 77);
INSERT INTO game(game_date, home_team_goals, away_team_goals, game_stadium, game_season, game_referee) VALUES ('1543767300', 1, 0, 8, 1, 5);
INSERT INTO statistics(home_shots, away_shots, home_possession, away_possession, home_expected_goals, away_expected_goals) VALUES (14, 8, 57, 43, 1.70, 1.07);
INSERT INTO gameTeamStatistics(game_id, home_team_id, away_team_id, statistics_id) VALUES (140, 8, 12, 140);
INSERT INTO event(event_team, game_id) VALUES(8,140);
INSERT INTO yellow_card(event_id, yellow_cards_number) VALUES (612, 3);
INSERT INTO event(event_team, game_id) VALUES(12,140);
INSERT INTO yellow_card(event_id, yellow_cards_number) VALUES (613, 2);
INSERT INTO event(event_team, game_id) VALUES(8,140);
INSERT INTO goal(event_id, goal_minute) VALUES(614, 90);
INSERT INTO game(game_date, home_team_goals, away_team_goals, game_stadium, game_season, game_referee) VALUES ('1543952700', 2, 1, 3, 1, 16);
INSERT INTO statistics(home_shots, away_shots, home_possession, away_possession, home_expected_goals, away_expected_goals) VALUES (7, 17, 32, 68, 0.98, 2.32);
INSERT INTO gameTeamStatistics(game_id, home_team_id, away_team_id, statistics_id) VALUES (141, 3, 5, 141);
INSERT INTO event(event_team, game_id) VALUES(3,141);
INSERT INTO yellow_card(event_id, yellow_cards_number) VALUES (615, 4);
INSERT INTO event(event_team, game_id) VALUES(5,141);
INSERT INTO yellow_card(event_id, yellow_cards_number) VALUES (616, 2);
INSERT INTO event(event_team, game_id) VALUES(3,141);
INSERT INTO goal(event_id, goal_minute) VALUES(617, 5);
INSERT INTO event(event_team, game_id) VALUES(3,141);
INSERT INTO goal(event_id, goal_minute) VALUES(618, 22);
INSERT INTO event(event_team, game_id) VALUES(5,141);
INSERT INTO goal(event_id, goal_minute) VALUES(619, 5);
INSERT INTO event(event_team, game_id) VALUES(5,141);
INSERT INTO goal(event_id, goal_minute) VALUES(620, 22);
INSERT INTO game(game_date, home_team_goals, away_team_goals, game_stadium, game_season, game_referee) VALUES ('1543952700', 3, 1, 18, 1, 3);
INSERT INTO statistics(home_shots, away_shots, home_possession, away_possession, home_expected_goals, away_expected_goals) VALUES (7, 14, 31, 69, 1.00, 1.88);
INSERT INTO gameTeamStatistics(game_id, home_team_id, away_team_id, statistics_id) VALUES (142, 19, 20, 142);
INSERT INTO event(event_team, game_id) VALUES(19,142);
INSERT INTO yellow_card(event_id, yellow_cards_number) VALUES (621, 2);
INSERT INTO event(event_team, game_id) VALUES(19,142);
INSERT INTO red_card(event_id, red_cards_number) VALUES (622, 1);
INSERT INTO event(event_team, game_id) VALUES(20,142);
INSERT INTO yellow_card(event_id, yellow_cards_number) VALUES (623, 3);
INSERT INTO event(event_team, game_id) VALUES(19,142);
INSERT INTO goal(event_id, goal_minute) VALUES(624, 24);
INSERT INTO event(event_team, game_id) VALUES(19,142);
INSERT INTO goal(event_id, goal_minute) VALUES(625, 31);
INSERT INTO event(event_team, game_id) VALUES(19,142);
INSERT INTO goal(event_id, goal_minute) VALUES(626, 45);
INSERT INTO event(event_team, game_id) VALUES(20,142);
INSERT INTO goal(event_id, goal_minute) VALUES(627, 24);
INSERT INTO event(event_team, game_id) VALUES(20,142);
INSERT INTO goal(event_id, goal_minute) VALUES(628, 31);
INSERT INTO event(event_team, game_id) VALUES(20,142);
INSERT INTO goal(event_id, goal_minute) VALUES(629, 45);
INSERT INTO game(game_date, home_team_goals, away_team_goals, game_stadium, game_season, game_referee) VALUES ('1543952700', 3, 1, 14, 1, 9);
INSERT INTO statistics(home_shots, away_shots, home_possession, away_possession, home_expected_goals, away_expected_goals) VALUES (15, 8, 61, 39, 2.07, 1.18);
INSERT INTO gameTeamStatistics(game_id, home_team_id, away_team_id, statistics_id) VALUES (143, 15, 11, 143);
INSERT INTO event(event_team, game_id) VALUES(15,143);
INSERT INTO yellow_card(event_id, yellow_cards_number) VALUES (630, 1);
INSERT INTO event(event_team, game_id) VALUES(11,143);
INSERT INTO yellow_card(event_id, yellow_cards_number) VALUES (631, 2);
INSERT INTO event(event_team, game_id) VALUES(15,143);
INSERT INTO goal(event_id, goal_minute) VALUES(632, 49);
INSERT INTO event(event_team, game_id) VALUES(15,143);
INSERT INTO goal(event_id, goal_minute) VALUES(633, 54);
INSERT INTO event(event_team, game_id) VALUES(15,143);
INSERT INTO goal(event_id, goal_minute) VALUES(634, 61);
INSERT INTO event(event_team, game_id) VALUES(11,143);
INSERT INTO goal(event_id, goal_minute) VALUES(635, 49);
INSERT INTO event(event_team, game_id) VALUES(11,143);
INSERT INTO goal(event_id, goal_minute) VALUES(636, 54);
INSERT INTO event(event_team, game_id) VALUES(11,143);
INSERT INTO goal(event_id, goal_minute) VALUES(637, 61);
INSERT INTO game(game_date, home_team_goals, away_team_goals, game_stadium, game_season, game_referee) VALUES ('1543953600', 1, 2, 6, 1, 13);
INSERT INTO statistics(home_shots, away_shots, home_possession, away_possession, home_expected_goals, away_expected_goals) VALUES (10, 13, 29, 71, 1.46, 1.97);
INSERT INTO gameTeamStatistics(game_id, home_team_id, away_team_id, statistics_id) VALUES (144, 6, 18, 144);
INSERT INTO event(event_team, game_id) VALUES(18,144);
INSERT INTO yellow_card(event_id, yellow_cards_number) VALUES (638, 1);
INSERT INTO event(event_team, game_id) VALUES(6,144);
INSERT INTO goal(event_id, goal_minute) VALUES(639, 85);
INSERT INTO event(event_team, game_id) VALUES(18,144);
INSERT INTO goal(event_id, goal_minute) VALUES(640, 85);
INSERT INTO game(game_date, home_team_goals, away_team_goals, game_stadium, game_season, game_referee) VALUES ('1544039100', 1, 3, 16, 1, 12);
INSERT INTO statistics(home_shots, away_shots, home_possession, away_possession, home_expected_goals, away_expected_goals) VALUES (10, 15, 25, 75, 1.40, 2.23);
INSERT INTO gameTeamStatistics(game_id, home_team_id, away_team_id, statistics_id) VALUES (145, 17, 8, 145);
INSERT INTO event(event_team, game_id) VALUES(17,145);
INSERT INTO yellow_card(event_id, yellow_cards_number) VALUES (641, 1);
INSERT INTO event(event_team, game_id) VALUES(17,145);
INSERT INTO goal(event_id, goal_minute) VALUES(642, 54);
INSERT INTO event(event_team, game_id) VALUES(18,144);
INSERT INTO goal(event_id, goal_minute) VALUES(643, 54);
INSERT INTO game(game_date, home_team_goals, away_team_goals, game_stadium, game_season, game_referee) VALUES ('1544039100', 1, 1, 4, 1, 15);
INSERT INTO statistics(home_shots, away_shots, home_possession, away_possession, home_expected_goals, away_expected_goals) VALUES (18, 12, 45, 55, 2.14, 1.49);
INSERT INTO gameTeamStatistics(game_id, home_team_id, away_team_id, statistics_id) VALUES (146, 4, 13, 146);
INSERT INTO event(event_team, game_id) VALUES(4,146);
INSERT INTO goal(event_id, goal_minute) VALUES(644, 42);
INSERT INTO event(event_team, game_id) VALUES(18,144);
INSERT INTO goal(event_id, goal_minute) VALUES(645, 42);
INSERT INTO game(game_date, home_team_goals, away_team_goals, game_stadium, game_season, game_referee) VALUES ('1544039100', 2, 1, 7, 1, 6);
INSERT INTO statistics(home_shots, away_shots, home_possession, away_possession, home_expected_goals, away_expected_goals) VALUES (6, 14, 29, 71, 0.84, 1.56);
INSERT INTO gameTeamStatistics(game_id, home_team_id, away_team_id, statistics_id) VALUES (147, 7, 16, 147);
INSERT INTO event(event_team, game_id) VALUES(7,147);
INSERT INTO yellow_card(event_id, yellow_cards_number) VALUES (646, 4);
INSERT INTO event(event_team, game_id) VALUES(16,147);
INSERT INTO yellow_card(event_id, yellow_cards_number) VALUES (647, 4);
INSERT INTO event(event_team, game_id) VALUES(7,147);
INSERT INTO goal(event_id, goal_minute) VALUES(648, 59);
INSERT INTO event(event_team, game_id) VALUES(7,147);
INSERT INTO goal(event_id, goal_minute) VALUES(649, 63);
INSERT INTO event(event_team, game_id) VALUES(16,147);
INSERT INTO goal(event_id, goal_minute) VALUES(650, 59);
INSERT INTO event(event_team, game_id) VALUES(16,147);
INSERT INTO goal(event_id, goal_minute) VALUES(651, 63);
INSERT INTO game(game_date, home_team_goals, away_team_goals, game_stadium, game_season, game_referee) VALUES ('1544039100', 1, 1, 12, 1, 11);
INSERT INTO statistics(home_shots, away_shots, home_possession, away_possession, home_expected_goals, away_expected_goals) VALUES (12, 9, 76, 24, 1.78, 1.13);
INSERT INTO gameTeamStatistics(game_id, home_team_id, away_team_id, statistics_id) VALUES (148, 12, 2, 148);
INSERT INTO event(event_team, game_id) VALUES(2,148);
INSERT INTO yellow_card(event_id, yellow_cards_number) VALUES (652, 5);
INSERT INTO event(event_team, game_id) VALUES(12,148);
INSERT INTO goal(event_id, goal_minute) VALUES(653, 38);
INSERT INTO event(event_team, game_id) VALUES(2,148);
INSERT INTO goal(event_id, goal_minute) VALUES(654, 38);
INSERT INTO game(game_date, home_team_goals, away_team_goals, game_stadium, game_season, game_referee) VALUES ('1544040000', 2, 2, 1, 1, 1);
INSERT INTO statistics(home_shots, away_shots, home_possession, away_possession, home_expected_goals, away_expected_goals) VALUES (8, 7, 44, 56, 1.34, 1.12);
INSERT INTO gameTeamStatistics(game_id, home_team_id, away_team_id, statistics_id) VALUES (149, 1, 10, 149);
INSERT INTO event(event_team, game_id) VALUES(1,149);
INSERT INTO yellow_card(event_id, yellow_cards_number) VALUES (655, 3);
INSERT INTO event(event_team, game_id) VALUES(10,149);
INSERT INTO yellow_card(event_id, yellow_cards_number) VALUES (656, 3);
INSERT INTO event(event_team, game_id) VALUES(1,149);
INSERT INTO goal(event_id, goal_minute) VALUES(657, 30);
INSERT INTO event(event_team, game_id) VALUES(1,149);
INSERT INTO goal(event_id, goal_minute) VALUES(658, 69);
INSERT INTO event(event_team, game_id) VALUES(10,149);
INSERT INTO goal(event_id, goal_minute) VALUES(659, 30);
INSERT INTO event(event_team, game_id) VALUES(10,149);
INSERT INTO goal(event_id, goal_minute) VALUES(660, 69);
INSERT INTO game(game_date, home_team_goals, away_team_goals, game_stadium, game_season, game_referee) VALUES ('1544040000', 3, 1, 20, 1, 8);
INSERT INTO statistics(home_shots, away_shots, home_possession, away_possession, home_expected_goals, away_expected_goals) VALUES (12, 15, 52, 48, 1.65, 1.78);
INSERT INTO gameTeamStatistics(game_id, home_team_id, away_team_id, statistics_id) VALUES (150, 14, 9, 150);
INSERT INTO event(event_team, game_id) VALUES(14,150);
INSERT INTO goal(event_id, goal_minute) VALUES(661, 9);
INSERT INTO event(event_team, game_id) VALUES(14,150);
INSERT INTO goal(event_id, goal_minute) VALUES(662, 51);
INSERT INTO event(event_team, game_id) VALUES(14,150);
INSERT INTO goal(event_id, goal_minute) VALUES(663, 55);
INSERT INTO event(event_team, game_id) VALUES(10,149);
INSERT INTO goal(event_id, goal_minute) VALUES(664, 9);
INSERT INTO event(event_team, game_id) VALUES(10,149);
INSERT INTO goal(event_id, goal_minute) VALUES(665, 51);
INSERT INTO event(event_team, game_id) VALUES(10,149);
INSERT INTO goal(event_id, goal_minute) VALUES(666, 55);
INSERT INTO game(game_date, home_team_goals, away_team_goals, game_stadium, game_season, game_referee) VALUES ('1544272200', 0, 4, 3, 1, 11);
INSERT INTO statistics(home_shots, away_shots, home_possession, away_possession, home_expected_goals, away_expected_goals) VALUES (6, 9, 40, 60, 0.88, 1.38);
INSERT INTO gameTeamStatistics(game_id, home_team_id, away_team_id, statistics_id) VALUES (151, 3, 8, 151);
INSERT INTO event(event_team, game_id) VALUES(3,151);
INSERT INTO yellow_card(event_id, yellow_cards_number) VALUES (667, 2);
INSERT INTO event(event_team, game_id) VALUES(8,151);
INSERT INTO yellow_card(event_id, yellow_cards_number) VALUES (668, 1);
INSERT INTO game(game_date, home_team_goals, away_team_goals, game_stadium, game_season, game_referee) VALUES ('1544281200', 1, 0, 10, 1, 13);
INSERT INTO statistics(home_shots, away_shots, home_possession, away_possession, home_expected_goals, away_expected_goals) VALUES (11, 6, 61, 39, 1.30, 0.66);
INSERT INTO gameTeamStatistics(game_id, home_team_id, away_team_id, statistics_id) VALUES (152, 10, 5, 152);
INSERT INTO event(event_team, game_id) VALUES(10,152);
INSERT INTO yellow_card(event_id, yellow_cards_number) VALUES (669, 5);
INSERT INTO event(event_team, game_id) VALUES(5,152);
INSERT INTO yellow_card(event_id, yellow_cards_number) VALUES (670, 4);
INSERT INTO event(event_team, game_id) VALUES(10,152);
INSERT INTO goal(event_id, goal_minute) VALUES(671, 83);
INSERT INTO game(game_date, home_team_goals, away_team_goals, game_stadium, game_season, game_referee) VALUES ('1544281200', 1, 0, 16, 1, 2);
INSERT INTO statistics(home_shots, away_shots, home_possession, away_possession, home_expected_goals, away_expected_goals) VALUES (9, 14, 37, 63, 1.16, 1.39);
INSERT INTO gameTeamStatistics(game_id, home_team_id, away_team_id, statistics_id) VALUES (153, 17, 19, 153);
INSERT INTO event(event_team, game_id) VALUES(17,153);
INSERT INTO yellow_card(event_id, yellow_cards_number) VALUES (672, 2);
INSERT INTO event(event_team, game_id) VALUES(17,153);
INSERT INTO goal(event_id, goal_minute) VALUES(673, 40);
INSERT INTO game(game_date, home_team_goals, away_team_goals, game_stadium, game_season, game_referee) VALUES ('1544281200', 1, 0, 11, 1, 6);
INSERT INTO statistics(home_shots, away_shots, home_possession, away_possession, home_expected_goals, away_expected_goals) VALUES (13, 8, 36, 64, 1.54, 1.03);
INSERT INTO gameTeamStatistics(game_id, home_team_id, away_team_id, statistics_id) VALUES (154, 11, 9, 154);
INSERT INTO event(event_team, game_id) VALUES(11,154);
INSERT INTO yellow_card(event_id, yellow_cards_number) VALUES (674, 2);
INSERT INTO event(event_team, game_id) VALUES(9,154);
INSERT INTO yellow_card(event_id, yellow_cards_number) VALUES (675, 2);
INSERT INTO event(event_team, game_id) VALUES(11,154);
INSERT INTO goal(event_id, goal_minute) VALUES(676, 74);
INSERT INTO game(game_date, home_team_goals, away_team_goals, game_stadium, game_season, game_referee) VALUES ('1544281200', 4, 1, 1, 1, 14);
INSERT INTO statistics(home_shots, away_shots, home_possession, away_possession, home_expected_goals, away_expected_goals) VALUES (18, 9, 62, 38, 2.45, 1.24);
INSERT INTO gameTeamStatistics(game_id, home_team_id, away_team_id, statistics_id) VALUES (155, 1, 4, 155);
INSERT INTO event(event_team, game_id) VALUES(1,155);
INSERT INTO yellow_card(event_id, yellow_cards_number) VALUES (677, 1);
INSERT INTO event(event_team, game_id) VALUES(4,155);
INSERT INTO yellow_card(event_id, yellow_cards_number) VALUES (678, 2);
INSERT INTO event(event_team, game_id) VALUES(4,155);
INSERT INTO red_card(event_id, red_cards_number) VALUES (679, 1);
INSERT INTO event(event_team, game_id) VALUES(1,155);
INSERT INTO goal(event_id, goal_minute) VALUES(680, 13);
INSERT INTO event(event_team, game_id) VALUES(1,155);
INSERT INTO goal(event_id, goal_minute) VALUES(681, 28);
INSERT INTO event(event_team, game_id) VALUES(1,155);
INSERT INTO goal(event_id, goal_minute) VALUES(682, 42);
INSERT INTO event(event_team, game_id) VALUES(1,155);
INSERT INTO goal(event_id, goal_minute) VALUES(683, 82);
INSERT INTO event(event_team, game_id) VALUES(4,155);
INSERT INTO goal(event_id, goal_minute) VALUES(684, 13);
INSERT INTO event(event_team, game_id) VALUES(4,155);
INSERT INTO goal(event_id, goal_minute) VALUES(685, 28);
INSERT INTO event(event_team, game_id) VALUES(4,155);
INSERT INTO goal(event_id, goal_minute) VALUES(686, 42);
INSERT INTO event(event_team, game_id) VALUES(4,155);
INSERT INTO goal(event_id, goal_minute) VALUES(687, 82);
INSERT INTO game(game_date, home_team_goals, away_team_goals, game_stadium, game_season, game_referee) VALUES ('1544281200', 3, 2, 14, 1, 8);
INSERT INTO statistics(home_shots, away_shots, home_possession, away_possession, home_expected_goals, away_expected_goals) VALUES (12, 7, 48, 52, 1.71, 1.24);
INSERT INTO gameTeamStatistics(game_id, home_team_id, away_team_id, statistics_id) VALUES (156, 15, 20, 156);
INSERT INTO event(event_team, game_id) VALUES(15,156);
INSERT INTO yellow_card(event_id, yellow_cards_number) VALUES (688, 1);
INSERT INTO event(event_team, game_id) VALUES(20,156);
INSERT INTO yellow_card(event_id, yellow_cards_number) VALUES (689, 2);
INSERT INTO event(event_team, game_id) VALUES(15,156);
INSERT INTO goal(event_id, goal_minute) VALUES(690, 48);
INSERT INTO event(event_team, game_id) VALUES(15,156);
INSERT INTO goal(event_id, goal_minute) VALUES(691, 62);
INSERT INTO event(event_team, game_id) VALUES(15,156);
INSERT INTO goal(event_id, goal_minute) VALUES(692, 65);
INSERT INTO event(event_team, game_id) VALUES(20,156);
INSERT INTO goal(event_id, goal_minute) VALUES(693, 48);
INSERT INTO event(event_team, game_id) VALUES(20,156);
INSERT INTO goal(event_id, goal_minute) VALUES(694, 62);
INSERT INTO event(event_team, game_id) VALUES(20,156);
INSERT INTO goal(event_id, goal_minute) VALUES(695, 65);
INSERT INTO game(game_date, home_team_goals, away_team_goals, game_stadium, game_season, game_referee) VALUES ('1544290200', 2, 0, 15, 1, 10);
INSERT INTO statistics(home_shots, away_shots, home_possession, away_possession, home_expected_goals, away_expected_goals) VALUES (7, 11, 38, 62, 1.01, 1.58);
INSERT INTO gameTeamStatistics(game_id, home_team_id, away_team_id, statistics_id) VALUES (157, 16, 18, 157);
INSERT INTO event(event_team, game_id) VALUES(16,157);
INSERT INTO yellow_card(event_id, yellow_cards_number) VALUES (696, 2);
INSERT INTO event(event_team, game_id) VALUES(16,157);
INSERT INTO goal(event_id, goal_minute) VALUES(697, 45);
INSERT INTO event(event_team, game_id) VALUES(16,157);
INSERT INTO goal(event_id, goal_minute) VALUES(698, 78);
INSERT INTO game(game_date, home_team_goals, away_team_goals, game_stadium, game_season, game_referee) VALUES ('1544298300', 0, 2, 13, 1, 7);
INSERT INTO statistics(home_shots, away_shots, home_possession, away_possession, home_expected_goals, away_expected_goals) VALUES (9, 7, 42, 58, 1.29, 0.96);
INSERT INTO gameTeamStatistics(game_id, home_team_id, away_team_id, statistics_id) VALUES (158, 13, 14, 158);
INSERT INTO event(event_team, game_id) VALUES(13,158);
INSERT INTO yellow_card(event_id, yellow_cards_number) VALUES (699, 3);
INSERT INTO event(event_team, game_id) VALUES(14,158);
INSERT INTO yellow_card(event_id, yellow_cards_number) VALUES (700, 1);
INSERT INTO game(game_date, home_team_goals, away_team_goals, game_stadium, game_season, game_referee) VALUES ('1544371200', 1, 2, 2, 1, 4);
INSERT INTO statistics(home_shots, away_shots, home_possession, away_possession, home_expected_goals, away_expected_goals) VALUES (10, 12, 50, 50, 1.37, 1.59);
INSERT INTO gameTeamStatistics(game_id, home_team_id, away_team_id, statistics_id) VALUES (159, 2, 7, 159);
INSERT INTO event(event_team, game_id) VALUES(2,159);
INSERT INTO yellow_card(event_id, yellow_cards_number) VALUES (701, 2);
INSERT INTO event(event_team, game_id) VALUES(2,159);
INSERT INTO red_card(event_id, red_cards_number) VALUES (702, 1);
INSERT INTO event(event_team, game_id) VALUES(7,159);
INSERT INTO yellow_card(event_id, yellow_cards_number) VALUES (703, 5);
INSERT INTO event(event_team, game_id) VALUES(2,159);
INSERT INTO goal(event_id, goal_minute) VALUES(704, 23);
INSERT INTO event(event_team, game_id) VALUES(7,159);
INSERT INTO goal(event_id, goal_minute) VALUES(705, 23);
INSERT INTO game(game_date, home_team_goals, away_team_goals, game_stadium, game_season, game_referee) VALUES ('1544472000', 2, 2, 12, 1, 3);
INSERT INTO statistics(home_shots, away_shots, home_possession, away_possession, home_expected_goals, away_expected_goals) VALUES (11, 11, 56, 44, 1.48, 1.37);
INSERT INTO gameTeamStatistics(game_id, home_team_id, away_team_id, statistics_id) VALUES (160, 12, 6, 160);
INSERT INTO event(event_team, game_id) VALUES(12,160);
INSERT INTO yellow_card(event_id, yellow_cards_number) VALUES (706, 1);
INSERT INTO event(event_team, game_id) VALUES(6,160);
INSERT INTO yellow_card(event_id, yellow_cards_number) VALUES (707, 1);
INSERT INTO event(event_team, game_id) VALUES(12,160);
INSERT INTO goal(event_id, goal_minute) VALUES(708, 15);
INSERT INTO event(event_team, game_id) VALUES(12,160);
INSERT INTO goal(event_id, goal_minute) VALUES(709, 90);
INSERT INTO event(event_team, game_id) VALUES(6,160);
INSERT INTO goal(event_id, goal_minute) VALUES(710, 15);
INSERT INTO event(event_team, game_id) VALUES(6,160);
INSERT INTO goal(event_id, goal_minute) VALUES(711, 90);
INSERT INTO game(game_date, home_team_goals, away_team_goals, game_stadium, game_season, game_referee) VALUES ('1544877000', 3, 1, 17, 1, 7);
INSERT INTO statistics(home_shots, away_shots, home_possession, away_possession, home_expected_goals, away_expected_goals) VALUES (10, 8, 67, 33, 1.51, 0.97);
INSERT INTO gameTeamStatistics(game_id, home_team_id, away_team_id, statistics_id) VALUES (161, 18, 12, 161);
INSERT INTO event(event_team, game_id) VALUES(18,161);
INSERT INTO yellow_card(event_id, yellow_cards_number) VALUES (712, 1);
INSERT INTO event(event_team, game_id) VALUES(12,161);
INSERT INTO yellow_card(event_id, yellow_cards_number) VALUES (713, 2);
INSERT INTO event(event_team, game_id) VALUES(18,161);
INSERT INTO goal(event_id, goal_minute) VALUES(714, 22);
INSERT INTO event(event_team, game_id) VALUES(18,161);
INSERT INTO goal(event_id, goal_minute) VALUES(715, 50);
INSERT INTO event(event_team, game_id) VALUES(18,161);
INSERT INTO goal(event_id, goal_minute) VALUES(716, 69);
INSERT INTO event(event_team, game_id) VALUES(12,161);
INSERT INTO goal(event_id, goal_minute) VALUES(717, 22);
INSERT INTO event(event_team, game_id) VALUES(12,161);
INSERT INTO goal(event_id, goal_minute) VALUES(718, 50);
INSERT INTO event(event_team, game_id) VALUES(12,161);
INSERT INTO goal(event_id, goal_minute) VALUES(719, 69);
INSERT INTO game(game_date, home_team_goals, away_team_goals, game_stadium, game_season, game_referee) VALUES ('1544886000', 1, 0, 19, 1, 10);
INSERT INTO statistics(home_shots, away_shots, home_possession, away_possession, home_expected_goals, away_expected_goals) VALUES (7, 10, 43, 57, 0.91, 1.27);
INSERT INTO gameTeamStatistics(game_id, home_team_id, away_team_id, statistics_id) VALUES (162, 20, 13, 162);
INSERT INTO event(event_team, game_id) VALUES(20,162);
INSERT INTO yellow_card(event_id, yellow_cards_number) VALUES (720, 2);
INSERT INTO event(event_team, game_id) VALUES(13,162);
INSERT INTO yellow_card(event_id, yellow_cards_number) VALUES (721, 1);
INSERT INTO event(event_team, game_id) VALUES(20,162);
INSERT INTO goal(event_id, goal_minute) VALUES(722, 39);
INSERT INTO game(game_date, home_team_goals, away_team_goals, game_stadium, game_season, game_referee) VALUES ('1544886000', 0, 1, 5, 1, 8);
INSERT INTO statistics(home_shots, away_shots, home_possession, away_possession, home_expected_goals, away_expected_goals) VALUES (13, 8, 73, 27, 1.94, 1.10);
INSERT INTO gameTeamStatistics(game_id, home_team_id, away_team_id, statistics_id) VALUES (163, 5, 2, 163);
INSERT INTO event(event_team, game_id) VALUES(5,163);
INSERT INTO yellow_card(event_id, yellow_cards_number) VALUES (723, 1);
INSERT INTO event(event_team, game_id) VALUES(2,163);
INSERT INTO yellow_card(event_id, yellow_cards_number) VALUES (724, 1);
INSERT INTO game(game_date, home_team_goals, away_team_goals, game_stadium, game_season, game_referee) VALUES ('1544886000', 1, 0, 20, 1, 9);
INSERT INTO statistics(home_shots, away_shots, home_possession, away_possession, home_expected_goals, away_expected_goals) VALUES (10, 3, 70, 30, 1.46, 0.43);
INSERT INTO gameTeamStatistics(game_id, home_team_id, away_team_id, statistics_id) VALUES (164, 14, 17, 164);
INSERT INTO event(event_team, game_id) VALUES(17,164);
INSERT INTO yellow_card(event_id, yellow_cards_number) VALUES (725, 2);
INSERT INTO event(event_team, game_id) VALUES(14,164);
INSERT INTO goal(event_id, goal_minute) VALUES(726, 90);
INSERT INTO game(game_date, home_team_goals, away_team_goals, game_stadium, game_season, game_referee) VALUES ('1544886000', 3, 2, 6, 1, 18);
INSERT INTO statistics(home_shots, away_shots, home_possession, away_possession, home_expected_goals, away_expected_goals) VALUES (15, 8, 71, 29, 1.98, 1.04);
INSERT INTO gameTeamStatistics(game_id, home_team_id, away_team_id, statistics_id) VALUES (165, 6, 11, 165);
INSERT INTO event(event_team, game_id) VALUES(6,165);
INSERT INTO goal(event_id, goal_minute) VALUES(727, 16);
INSERT INTO event(event_team, game_id) VALUES(6,165);
INSERT INTO goal(event_id, goal_minute) VALUES(728, 52);
INSERT INTO event(event_team, game_id) VALUES(6,165);
INSERT INTO goal(event_id, goal_minute) VALUES(729, 68);
INSERT INTO event(event_team, game_id) VALUES(17,164);
INSERT INTO goal(event_id, goal_minute) VALUES(730, 16);
INSERT INTO event(event_team, game_id) VALUES(17,164);
INSERT INTO goal(event_id, goal_minute) VALUES(731, 52);
INSERT INTO event(event_team, game_id) VALUES(17,164);
INSERT INTO goal(event_id, goal_minute) VALUES(732, 68);
INSERT INTO game(game_date, home_team_goals, away_team_goals, game_stadium, game_season, game_referee) VALUES ('1544886000', 2, 0, 7, 1, 17);
INSERT INTO statistics(home_shots, away_shots, home_possession, away_possession, home_expected_goals, away_expected_goals) VALUES (8, 9, 37, 63, 1.11, 1.41);
INSERT INTO gameTeamStatistics(game_id, home_team_id, away_team_id, statistics_id) VALUES (166, 7, 3, 166);
INSERT INTO event(event_team, game_id) VALUES(7,166);
INSERT INTO yellow_card(event_id, yellow_cards_number) VALUES (733, 1);
INSERT INTO event(event_team, game_id) VALUES(3,166);
INSERT INTO yellow_card(event_id, yellow_cards_number) VALUES (734, 2);
INSERT INTO event(event_team, game_id) VALUES(7,166);
INSERT INTO goal(event_id, goal_minute) VALUES(735, 12);
INSERT INTO event(event_team, game_id) VALUES(7,166);
INSERT INTO goal(event_id, goal_minute) VALUES(736, 90);
INSERT INTO game(game_date, home_team_goals, away_team_goals, game_stadium, game_season, game_referee) VALUES ('1544895000', 0, 2, 4, 1, 4);
INSERT INTO statistics(home_shots, away_shots, home_possession, away_possession, home_expected_goals, away_expected_goals) VALUES (14, 6, 56, 44, 1.70, 0.97);
INSERT INTO gameTeamStatistics(game_id, home_team_id, away_team_id, statistics_id) VALUES (167, 4, 15, 167);
INSERT INTO event(event_team, game_id) VALUES(4,167);
INSERT INTO yellow_card(event_id, yellow_cards_number) VALUES (737, 2);
INSERT INTO event(event_team, game_id) VALUES(15,167);
INSERT INTO yellow_card(event_id, yellow_cards_number) VALUES (738, 1);
INSERT INTO game(game_date, home_team_goals, away_team_goals, game_stadium, game_season, game_referee) VALUES ('1544967000', 1, 2, 18, 1, 12);
INSERT INTO statistics(home_shots, away_shots, home_possession, away_possession, home_expected_goals, away_expected_goals) VALUES (6, 8, 41, 59, 0.88, 1.16);
INSERT INTO gameTeamStatistics(game_id, home_team_id, away_team_id, statistics_id) VALUES (168, 19, 16, 168);
INSERT INTO event(event_team, game_id) VALUES(19,168);
INSERT INTO yellow_card(event_id, yellow_cards_number) VALUES (739, 2);
INSERT INTO event(event_team, game_id) VALUES(16,168);
INSERT INTO yellow_card(event_id, yellow_cards_number) VALUES (740, 2);
INSERT INTO event(event_team, game_id) VALUES(19,168);
INSERT INTO goal(event_id, goal_minute) VALUES(741, 66);
INSERT INTO event(event_team, game_id) VALUES(16,168);
INSERT INTO goal(event_id, goal_minute) VALUES(742, 66);
INSERT INTO game(game_date, home_team_goals, away_team_goals, game_stadium, game_season, game_referee) VALUES ('1544967000', 3, 2, 9, 1, 5);
INSERT INTO statistics(home_shots, away_shots, home_possession, away_possession, home_expected_goals, away_expected_goals) VALUES (9, 9, 33, 67, 1.35, 1.34);
INSERT INTO gameTeamStatistics(game_id, home_team_id, away_team_id, statistics_id) VALUES (169, 9, 10, 169);
INSERT INTO event(event_team, game_id) VALUES(9,169);
INSERT INTO yellow_card(event_id, yellow_cards_number) VALUES (743, 3);
INSERT INTO event(event_team, game_id) VALUES(10,169);
INSERT INTO yellow_card(event_id, yellow_cards_number) VALUES (744, 1);
INSERT INTO event(event_team, game_id) VALUES(9,169);
INSERT INTO goal(event_id, goal_minute) VALUES(745, 20);
INSERT INTO event(event_team, game_id) VALUES(9,169);
INSERT INTO goal(event_id, goal_minute) VALUES(746, 44);
INSERT INTO event(event_team, game_id) VALUES(9,169);
INSERT INTO goal(event_id, goal_minute) VALUES(747, 85);
INSERT INTO event(event_team, game_id) VALUES(10,169);
INSERT INTO goal(event_id, goal_minute) VALUES(748, 20);
INSERT INTO event(event_team, game_id) VALUES(10,169);
INSERT INTO goal(event_id, goal_minute) VALUES(749, 44);
INSERT INTO event(event_team, game_id) VALUES(10,169);
INSERT INTO goal(event_id, goal_minute) VALUES(750, 85);
INSERT INTO game(game_date, home_team_goals, away_team_goals, game_stadium, game_season, game_referee) VALUES ('1544976000', 3, 1, 8, 1, 2);
INSERT INTO statistics(home_shots, away_shots, home_possession, away_possession, home_expected_goals, away_expected_goals) VALUES (23, 6, 64, 36, 2.99, 0.80);
INSERT INTO gameTeamStatistics(game_id, home_team_id, away_team_id, statistics_id) VALUES (170, 8, 1, 170);
INSERT INTO event(event_team, game_id) VALUES(1,170);
INSERT INTO yellow_card(event_id, yellow_cards_number) VALUES (751, 2);
INSERT INTO event(event_team, game_id) VALUES(8,170);
INSERT INTO goal(event_id, goal_minute) VALUES(752, 24);
INSERT INTO event(event_team, game_id) VALUES(8,170);
INSERT INTO goal(event_id, goal_minute) VALUES(753, 73);
INSERT INTO event(event_team, game_id) VALUES(8,170);
INSERT INTO goal(event_id, goal_minute) VALUES(754, 80);
INSERT INTO event(event_team, game_id) VALUES(1,170);
INSERT INTO goal(event_id, goal_minute) VALUES(755, 24);
INSERT INTO event(event_team, game_id) VALUES(1,170);
INSERT INTO goal(event_id, goal_minute) VALUES(756, 73);
INSERT INTO event(event_team, game_id) VALUES(1,170);
INSERT INTO goal(event_id, goal_minute) VALUES(757, 80);
INSERT INTO game(game_date, home_team_goals, away_team_goals, game_stadium, game_season, game_referee) VALUES ('1545422400', 0, 2, 7, 1, 7);
INSERT INTO statistics(home_shots, away_shots, home_possession, away_possession, home_expected_goals, away_expected_goals) VALUES (10, 11, 38, 62, 1.30, 1.63);
INSERT INTO gameTeamStatistics(game_id, home_team_id, away_team_id, statistics_id) VALUES (171, 7, 8, 171);
INSERT INTO game(game_date, home_team_goals, away_team_goals, game_stadium, game_season, game_referee) VALUES ('1545481800', 3, 1, 10, 1, 3);
INSERT INTO statistics(home_shots, away_shots, home_possession, away_possession, home_expected_goals, away_expected_goals) VALUES (8, 6, 60, 40, 1.31, 0.93);
INSERT INTO gameTeamStatistics(game_id, home_team_id, away_team_id, statistics_id) VALUES (172, 10, 17, 172);
INSERT INTO event(event_team, game_id) VALUES(10,172);
INSERT INTO yellow_card(event_id, yellow_cards_number) VALUES (758, 2);
INSERT INTO event(event_team, game_id) VALUES(17,172);
INSERT INTO yellow_card(event_id, yellow_cards_number) VALUES (759, 5);
INSERT INTO event(event_team, game_id) VALUES(10,172);
INSERT INTO goal(event_id, goal_minute) VALUES(760, 14);
INSERT INTO event(event_team, game_id) VALUES(10,172);
INSERT INTO goal(event_id, goal_minute) VALUES(761, 48);
INSERT INTO event(event_team, game_id) VALUES(10,172);
INSERT INTO goal(event_id, goal_minute) VALUES(762, 90);
INSERT INTO event(event_team, game_id) VALUES(17,172);
INSERT INTO goal(event_id, goal_minute) VALUES(763, 14);
INSERT INTO event(event_team, game_id) VALUES(17,172);
INSERT INTO goal(event_id, goal_minute) VALUES(764, 48);
INSERT INTO event(event_team, game_id) VALUES(17,172);
INSERT INTO goal(event_id, goal_minute) VALUES(765, 90);
INSERT INTO game(game_date, home_team_goals, away_team_goals, game_stadium, game_season, game_referee) VALUES ('1545490800', 2, 0, 3, 1, 4);
INSERT INTO statistics(home_shots, away_shots, home_possession, away_possession, home_expected_goals, away_expected_goals) VALUES (11, 10, 57, 43, 1.33, 1.33);
INSERT INTO gameTeamStatistics(game_id, home_team_id, away_team_id, statistics_id) VALUES (173, 3, 19, 173);
INSERT INTO event(event_team, game_id) VALUES(3,173);
INSERT INTO yellow_card(event_id, yellow_cards_number) VALUES (766, 2);
INSERT INTO event(event_team, game_id) VALUES(19,173);
INSERT INTO yellow_card(event_id, yellow_cards_number) VALUES (767, 1);
INSERT INTO event(event_team, game_id) VALUES(19,173);
INSERT INTO red_card(event_id, red_cards_number) VALUES (768, 1);
INSERT INTO event(event_team, game_id) VALUES(3,173);
INSERT INTO goal(event_id, goal_minute) VALUES(769, 21);
INSERT INTO event(event_team, game_id) VALUES(3,173);
INSERT INTO goal(event_id, goal_minute) VALUES(770, 77);
INSERT INTO game(game_date, home_team_goals, away_team_goals, game_stadium, game_season, game_referee) VALUES ('1545490800', 0, 1, 15, 1, 14);
INSERT INTO statistics(home_shots, away_shots, home_possession, away_possession, home_expected_goals, away_expected_goals) VALUES (14, 6, 72, 28, 2.07, 1.04);
INSERT INTO gameTeamStatistics(game_id, home_team_id, away_team_id, statistics_id) VALUES (174, 16, 13, 174);
INSERT INTO event(event_team, game_id) VALUES(13,174);
INSERT INTO yellow_card(event_id, yellow_cards_number) VALUES (771, 2);
INSERT INTO game(game_date, home_team_goals, away_team_goals, game_stadium, game_season, game_referee) VALUES ('1545490800', 1, 3, 5, 1, 12);
INSERT INTO statistics(home_shots, away_shots, home_possession, away_possession, home_expected_goals, away_expected_goals) VALUES (11, 13, 62, 38, 1.49, 1.53);
INSERT INTO gameTeamStatistics(game_id, home_team_id, away_team_id, statistics_id) VALUES (175, 5, 9, 175);
INSERT INTO event(event_team, game_id) VALUES(5,175);
INSERT INTO yellow_card(event_id, yellow_cards_number) VALUES (772, 2);
INSERT INTO event(event_team, game_id) VALUES(9,175);
INSERT INTO yellow_card(event_id, yellow_cards_number) VALUES (773, 3);
INSERT INTO event(event_team, game_id) VALUES(5,175);
INSERT INTO goal(event_id, goal_minute) VALUES(774, 58);
INSERT INTO event(event_team, game_id) VALUES(9,175);
INSERT INTO goal(event_id, goal_minute) VALUES(775, 58);
INSERT INTO game(game_date, home_team_goals, away_team_goals, game_stadium, game_season, game_referee) VALUES ('1545490800', 2, 3, 17, 1, 1);
INSERT INTO statistics(home_shots, away_shots, home_possession, away_possession, home_expected_goals, away_expected_goals) VALUES (15, 6, 78, 22, 2.25, 0.77);
INSERT INTO gameTeamStatistics(game_id, home_team_id, away_team_id, statistics_id) VALUES (176, 18, 20, 176);
INSERT INTO event(event_team, game_id) VALUES(20,176);
INSERT INTO yellow_card(event_id, yellow_cards_number) VALUES (776, 4);
INSERT INTO event(event_team, game_id) VALUES(18,176);
INSERT INTO goal(event_id, goal_minute) VALUES(777, 27);
INSERT INTO event(event_team, game_id) VALUES(18,176);
INSERT INTO goal(event_id, goal_minute) VALUES(778, 85);
INSERT INTO event(event_team, game_id) VALUES(20,176);
INSERT INTO goal(event_id, goal_minute) VALUES(779, 27);
INSERT INTO event(event_team, game_id) VALUES(20,176);
INSERT INTO goal(event_id, goal_minute) VALUES(780, 85);
INSERT INTO game(game_date, home_team_goals, away_team_goals, game_stadium, game_season, game_referee) VALUES ('1545490800', 0, 0, 2, 1, 2);
INSERT INTO statistics(home_shots, away_shots, home_possession, away_possession, home_expected_goals, away_expected_goals) VALUES (6, 3, 53, 47, 0.87, 0.65);
INSERT INTO gameTeamStatistics(game_id, home_team_id, away_team_id, statistics_id) VALUES (177, 2, 4, 177);
INSERT INTO event(event_team, game_id) VALUES(2,177);
INSERT INTO yellow_card(event_id, yellow_cards_number) VALUES (781, 1);
INSERT INTO event(event_team, game_id) VALUES(4,177);
INSERT INTO yellow_card(event_id, yellow_cards_number) VALUES (782, 2);
INSERT INTO game(game_date, home_team_goals, away_team_goals, game_stadium, game_season, game_referee) VALUES ('1545490800', 0, 2, 14, 1, 11);
INSERT INTO statistics(home_shots, away_shots, home_possession, away_possession, home_expected_goals, away_expected_goals) VALUES (13, 7, 51, 49, 1.92, 1.28);
INSERT INTO gameTeamStatistics(game_id, home_team_id, away_team_id, statistics_id) VALUES (178, 15, 6, 178);
INSERT INTO event(event_team, game_id) VALUES(15,178);
INSERT INTO yellow_card(event_id, yellow_cards_number) VALUES (783, 3);
INSERT INTO event(event_team, game_id) VALUES(6,178);
INSERT INTO yellow_card(event_id, yellow_cards_number) VALUES (784, 2);
INSERT INTO game(game_date, home_team_goals, away_team_goals, game_stadium, game_season, game_referee) VALUES ('1545499800', 1, 5, 11, 1, 10);
INSERT INTO statistics(home_shots, away_shots, home_possession, away_possession, home_expected_goals, away_expected_goals) VALUES (9, 14, 25, 75, 1.17, 1.88);
INSERT INTO gameTeamStatistics(game_id, home_team_id, away_team_id, statistics_id) VALUES (179, 11, 1, 179);
INSERT INTO event(event_team, game_id) VALUES(11,179);
INSERT INTO yellow_card(event_id, yellow_cards_number) VALUES (785, 2);
INSERT INTO event(event_team, game_id) VALUES(1,179);
INSERT INTO yellow_card(event_id, yellow_cards_number) VALUES (786, 1);
INSERT INTO event(event_team, game_id) VALUES(11,179);
INSERT INTO goal(event_id, goal_minute) VALUES(787, 38);
INSERT INTO event(event_team, game_id) VALUES(1,179);
INSERT INTO goal(event_id, goal_minute) VALUES(788, 38);
INSERT INTO game(game_date, home_team_goals, away_team_goals, game_stadium, game_season, game_referee) VALUES ('1545580800', 2, 6, 12, 1, 13);
INSERT INTO statistics(home_shots, away_shots, home_possession, away_possession, home_expected_goals, away_expected_goals) VALUES (9, 16, 41, 59, 1.24, 1.83);
INSERT INTO gameTeamStatistics(game_id, home_team_id, away_team_id, statistics_id) VALUES (180, 12, 14, 180);
INSERT INTO event(event_team, game_id) VALUES(14,180);
INSERT INTO yellow_card(event_id, yellow_cards_number) VALUES (789, 2);
INSERT INTO event(event_team, game_id) VALUES(12,180);
INSERT INTO goal(event_id, goal_minute) VALUES(790, 21);
INSERT INTO event(event_team, game_id) VALUES(12,180);
INSERT INTO goal(event_id, goal_minute) VALUES(791, 51);
INSERT INTO event(event_team, game_id) VALUES(14,180);
INSERT INTO goal(event_id, goal_minute) VALUES(792, 21);
INSERT INTO event(event_team, game_id) VALUES(14,180);
INSERT INTO goal(event_id, goal_minute) VALUES(793, 51);
INSERT INTO game(game_date, home_team_goals, away_team_goals, game_stadium, game_season, game_referee) VALUES ('1545827400', 1, 1, 4, 1, 1);
INSERT INTO statistics(home_shots, away_shots, home_possession, away_possession, home_expected_goals, away_expected_goals) VALUES (11, 13, 29, 71, 1.34, 1.76);
INSERT INTO gameTeamStatistics(game_id, home_team_id, away_team_id, statistics_id) VALUES (181, 4, 7, 181);
INSERT INTO event(event_team, game_id) VALUES(4,181);
INSERT INTO yellow_card(event_id, yellow_cards_number) VALUES (794, 2);
INSERT INTO event(event_team, game_id) VALUES(7,181);
INSERT INTO yellow_card(event_id, yellow_cards_number) VALUES (795, 1);
INSERT INTO event(event_team, game_id) VALUES(4,181);
INSERT INTO goal(event_id, goal_minute) VALUES(796, 74);
INSERT INTO event(event_team, game_id) VALUES(7,181);
INSERT INTO goal(event_id, goal_minute) VALUES(797, 74);
INSERT INTO game(game_date, home_team_goals, away_team_goals, game_stadium, game_season, game_referee) VALUES ('1545836400', 1, 5, 16, 1, 10);
INSERT INTO statistics(home_shots, away_shots, home_possession, away_possession, home_expected_goals, away_expected_goals) VALUES (11, 10, 49, 51, 1.49, 1.41);
INSERT INTO gameTeamStatistics(game_id, home_team_id, away_team_id, statistics_id) VALUES (182, 17, 12, 182);
INSERT INTO event(event_team, game_id) VALUES(17,182);
INSERT INTO yellow_card(event_id, yellow_cards_number) VALUES (798, 2);
INSERT INTO event(event_team, game_id) VALUES(12,182);
INSERT INTO yellow_card(event_id, yellow_cards_number) VALUES (799, 4);
INSERT INTO event(event_team, game_id) VALUES(17,182);
INSERT INTO goal(event_id, goal_minute) VALUES(800, 36);
INSERT INTO event(event_team, game_id) VALUES(12,182);
INSERT INTO goal(event_id, goal_minute) VALUES(801, 36);
INSERT INTO game(game_date, home_team_goals, away_team_goals, game_stadium, game_season, game_referee) VALUES ('1545836400', 0, 0, 19, 1, 14);
INSERT INTO statistics(home_shots, away_shots, home_possession, away_possession, home_expected_goals, away_expected_goals) VALUES (18, 9, 62, 38, 2.19, 1.21);
INSERT INTO gameTeamStatistics(game_id, home_team_id, away_team_id, statistics_id) VALUES (183, 20, 11, 183);
INSERT INTO event(event_team, game_id) VALUES(11,183);
INSERT INTO yellow_card(event_id, yellow_cards_number) VALUES (802, 3);
INSERT INTO game(game_date, home_team_goals, away_team_goals, game_stadium, game_season, game_referee) VALUES ('1545836400', 2, 1, 13, 1, 4);
INSERT INTO statistics(home_shots, away_shots, home_possession, away_possession, home_expected_goals, away_expected_goals) VALUES (10, 9, 33, 67, 1.27, 1.63);
INSERT INTO gameTeamStatistics(game_id, home_team_id, away_team_id, statistics_id) VALUES (184, 13, 18, 184);
INSERT INTO event(event_team, game_id) VALUES(13,184);
INSERT INTO yellow_card(event_id, yellow_cards_number) VALUES (803, 2);
INSERT INTO event(event_team, game_id) VALUES(18,184);
INSERT INTO yellow_card(event_id, yellow_cards_number) VALUES (804, 2);
INSERT INTO event(event_team, game_id) VALUES(18,184);
INSERT INTO red_card(event_id, red_cards_number) VALUES (805, 1);
INSERT INTO event(event_team, game_id) VALUES(13,184);
INSERT INTO goal(event_id, goal_minute) VALUES(806, 19);
INSERT INTO event(event_team, game_id) VALUES(13,184);
INSERT INTO goal(event_id, goal_minute) VALUES(807, 81);
INSERT INTO event(event_team, game_id) VALUES(18,184);
INSERT INTO goal(event_id, goal_minute) VALUES(808, 19);
INSERT INTO event(event_team, game_id) VALUES(18,184);
INSERT INTO goal(event_id, goal_minute) VALUES(809, 81);
INSERT INTO game(game_date, home_team_goals, away_team_goals, game_stadium, game_season, game_referee) VALUES ('1545836400', 4, 0, 8, 1, 9);
INSERT INTO statistics(home_shots, away_shots, home_possession, away_possession, home_expected_goals, away_expected_goals) VALUES (13, 7, 75, 25, 1.97, 0.87);
INSERT INTO gameTeamStatistics(game_id, home_team_id, away_team_id, statistics_id) VALUES (185, 8, 2, 185);
INSERT INTO event(event_team, game_id) VALUES(8,185);
INSERT INTO goal(event_id, goal_minute) VALUES(810, 11);
INSERT INTO event(event_team, game_id) VALUES(8,185);
INSERT INTO goal(event_id, goal_minute) VALUES(811, 47);
INSERT INTO event(event_team, game_id) VALUES(8,185);
INSERT INTO goal(event_id, goal_minute) VALUES(812, 79);
INSERT INTO event(event_team, game_id) VALUES(8,185);
INSERT INTO goal(event_id, goal_minute) VALUES(813, 85);
INSERT INTO game(game_date, home_team_goals, away_team_goals, game_stadium, game_season, game_referee) VALUES ('1545836400', 3, 1, 1, 1, 6);
INSERT INTO statistics(home_shots, away_shots, home_possession, away_possession, home_expected_goals, away_expected_goals) VALUES (13, 10, 64, 36, 1.96, 1.11);
INSERT INTO gameTeamStatistics(game_id, home_team_id, away_team_id, statistics_id) VALUES (186, 1, 5, 186);
INSERT INTO event(event_team, game_id) VALUES(1,186);
INSERT INTO yellow_card(event_id, yellow_cards_number) VALUES (814, 1);
INSERT INTO event(event_team, game_id) VALUES(5,186);
INSERT INTO yellow_card(event_id, yellow_cards_number) VALUES (815, 1);
INSERT INTO event(event_team, game_id) VALUES(1,186);
INSERT INTO goal(event_id, goal_minute) VALUES(816, 28);
INSERT INTO event(event_team, game_id) VALUES(1,186);
INSERT INTO goal(event_id, goal_minute) VALUES(817, 64);
INSERT INTO event(event_team, game_id) VALUES(1,186);
INSERT INTO goal(event_id, goal_minute) VALUES(818, 78);
INSERT INTO event(event_team, game_id) VALUES(5,186);
INSERT INTO goal(event_id, goal_minute) VALUES(819, 28);
INSERT INTO event(event_team, game_id) VALUES(5,186);
INSERT INTO goal(event_id, goal_minute) VALUES(820, 64);
INSERT INTO event(event_team, game_id) VALUES(5,186);
INSERT INTO goal(event_id, goal_minute) VALUES(821, 78);
INSERT INTO game(game_date, home_team_goals, away_team_goals, game_stadium, game_season, game_referee) VALUES ('1545836400', 5, 0, 20, 1, 5);
INSERT INTO statistics(home_shots, away_shots, home_possession, away_possession, home_expected_goals, away_expected_goals) VALUES (10, 11, 56, 44, 1.46, 1.38);
INSERT INTO gameTeamStatistics(game_id, home_team_id, away_team_id, statistics_id) VALUES (187, 14, 3, 187);
INSERT INTO event(event_team, game_id) VALUES(14,187);
INSERT INTO yellow_card(event_id, yellow_cards_number) VALUES (822, 2);
INSERT INTO event(event_team, game_id) VALUES(3,187);
INSERT INTO yellow_card(event_id, yellow_cards_number) VALUES (823, 1);
INSERT INTO event(event_team, game_id) VALUES(14,187);
INSERT INTO goal(event_id, goal_minute) VALUES(824, 16);
INSERT INTO event(event_team, game_id) VALUES(14,187);
INSERT INTO goal(event_id, goal_minute) VALUES(825, 23);
INSERT INTO event(event_team, game_id) VALUES(14,187);
INSERT INTO goal(event_id, goal_minute) VALUES(826, 35);
INSERT INTO event(event_team, game_id) VALUES(14,187);
INSERT INTO goal(event_id, goal_minute) VALUES(827, 61);
INSERT INTO event(event_team, game_id) VALUES(14,187);
INSERT INTO goal(event_id, goal_minute) VALUES(828, 70);
INSERT INTO game(game_date, home_team_goals, away_team_goals, game_stadium, game_season, game_referee) VALUES ('1545844500', 1, 1, 18, 1, 8);
INSERT INTO statistics(home_shots, away_shots, home_possession, away_possession, home_expected_goals, away_expected_goals) VALUES (12, 6, 32, 68, 1.35, 1.15);
INSERT INTO gameTeamStatistics(game_id, home_team_id, away_team_id, statistics_id) VALUES (188, 19, 10, 188);
INSERT INTO event(event_team, game_id) VALUES(19,188);
INSERT INTO yellow_card(event_id, yellow_cards_number) VALUES (829, 2);
INSERT INTO event(event_team, game_id) VALUES(10,188);
INSERT INTO yellow_card(event_id, yellow_cards_number) VALUES (830, 1);
INSERT INTO event(event_team, game_id) VALUES(19,188);
INSERT INTO goal(event_id, goal_minute) VALUES(831, 35);
INSERT INTO event(event_team, game_id) VALUES(10,188);
INSERT INTO goal(event_id, goal_minute) VALUES(832, 35);
INSERT INTO game(game_date, home_team_goals, away_team_goals, game_stadium, game_season, game_referee) VALUES ('1545852600', 1, 2, 6, 1, 2);
INSERT INTO statistics(home_shots, away_shots, home_possession, away_possession, home_expected_goals, away_expected_goals) VALUES (9, 10, 35, 65, 1.23, 1.45);
INSERT INTO gameTeamStatistics(game_id, home_team_id, away_team_id, statistics_id) VALUES (189, 6, 16, 189);
INSERT INTO event(event_team, game_id) VALUES(6,189);
INSERT INTO yellow_card(event_id, yellow_cards_number) VALUES (833, 1);
INSERT INTO event(event_team, game_id) VALUES(6,189);
INSERT INTO goal(event_id, goal_minute) VALUES(834, 45);
INSERT INTO event(event_team, game_id) VALUES(10,188);
INSERT INTO goal(event_id, goal_minute) VALUES(835, 45);
INSERT INTO game(game_date, home_team_goals, away_team_goals, game_stadium, game_season, game_referee) VALUES ('1545939900', 1, 2, 9, 1, 7);
INSERT INTO statistics(home_shots, away_shots, home_possession, away_possession, home_expected_goals, away_expected_goals) VALUES (9, 12, 45, 55, 1.29, 1.60);
INSERT INTO gameTeamStatistics(game_id, home_team_id, away_team_id, statistics_id) VALUES (190, 9, 15, 190);
INSERT INTO event(event_team, game_id) VALUES(9,190);
INSERT INTO yellow_card(event_id, yellow_cards_number) VALUES (836, 2);
INSERT INTO event(event_team, game_id) VALUES(9,190);
INSERT INTO goal(event_id, goal_minute) VALUES(837, 50);
INSERT INTO event(event_team, game_id) VALUES(10,188);
INSERT INTO goal(event_id, goal_minute) VALUES(838, 50);
INSERT INTO game(game_date, home_team_goals, away_team_goals, game_stadium, game_season, game_referee) VALUES ('1546095600', 1, 0, 18, 1, 18);
INSERT INTO statistics(home_shots, away_shots, home_possession, away_possession, home_expected_goals, away_expected_goals) VALUES (7, 11, 44, 56, 1.09, 1.47);
INSERT INTO gameTeamStatistics(game_id, home_team_id, away_team_id, statistics_id) VALUES (191, 19, 12, 191);
INSERT INTO event(event_team, game_id) VALUES(12,191);
INSERT INTO yellow_card(event_id, yellow_cards_number) VALUES (839, 2);
INSERT INTO event(event_team, game_id) VALUES(19,191);
INSERT INTO goal(event_id, goal_minute) VALUES(840, 59);
INSERT INTO game(game_date, home_team_goals, away_team_goals, game_stadium, game_season, game_referee) VALUES ('1546095600', 1, 0, 4, 1, 3);
INSERT INTO statistics(home_shots, away_shots, home_possession, away_possession, home_expected_goals, away_expected_goals) VALUES (13, 7, 43, 57, 1.61, 1.14);
INSERT INTO gameTeamStatistics(game_id, home_team_id, away_team_id, statistics_id) VALUES (192, 4, 5, 192);
INSERT INTO event(event_team, game_id) VALUES(4,192);
INSERT INTO yellow_card(event_id, yellow_cards_number) VALUES (841, 3);
INSERT INTO event(event_team, game_id) VALUES(5,192);
INSERT INTO yellow_card(event_id, yellow_cards_number) VALUES (842, 1);
INSERT INTO event(event_team, game_id) VALUES(4,192);
INSERT INTO goal(event_id, goal_minute) VALUES(843, 90);
INSERT INTO game(game_date, home_team_goals, away_team_goals, game_stadium, game_season, game_referee) VALUES ('1546095600', 0, 1, 13, 1, 17);
INSERT INTO statistics(home_shots, away_shots, home_possession, away_possession, home_expected_goals, away_expected_goals) VALUES (11, 7, 62, 38, 1.62, 1.18);
INSERT INTO gameTeamStatistics(game_id, home_team_id, away_team_id, statistics_id) VALUES (193, 13, 11, 193);
INSERT INTO event(event_team, game_id) VALUES(11,193);
INSERT INTO yellow_card(event_id, yellow_cards_number) VALUES (844, 2);
INSERT INTO game(game_date, home_team_goals, away_team_goals, game_stadium, game_season, game_referee) VALUES ('1546095600', 1, 3, 20, 1, 12);
INSERT INTO statistics(home_shots, away_shots, home_possession, away_possession, home_expected_goals, away_expected_goals) VALUES (8, 9, 60, 40, 1.19, 1.33);
INSERT INTO gameTeamStatistics(game_id, home_team_id, away_team_id, statistics_id) VALUES (194, 14, 7, 194);
INSERT INTO event(event_team, game_id) VALUES(14,194);
INSERT INTO yellow_card(event_id, yellow_cards_number) VALUES (845, 3);
INSERT INTO event(event_team, game_id) VALUES(7,194);
INSERT INTO yellow_card(event_id, yellow_cards_number) VALUES (846, 2);
INSERT INTO event(event_team, game_id) VALUES(14,194);
INSERT INTO goal(event_id, goal_minute) VALUES(847, 22);
INSERT INTO event(event_team, game_id) VALUES(7,194);
INSERT INTO goal(event_id, goal_minute) VALUES(848, 22);
INSERT INTO game(game_date, home_team_goals, away_team_goals, game_stadium, game_season, game_referee) VALUES ('1546095600', 1, 1, 6, 1, 16);
INSERT INTO statistics(home_shots, away_shots, home_possession, away_possession, home_expected_goals, away_expected_goals) VALUES (8, 7, 62, 38, 1.46, 0.97);
INSERT INTO gameTeamStatistics(game_id, home_team_id, away_team_id, statistics_id) VALUES (195, 6, 2, 195);
INSERT INTO event(event_team, game_id) VALUES(6,195);
INSERT INTO yellow_card(event_id, yellow_cards_number) VALUES (849, 1);
INSERT INTO event(event_team, game_id) VALUES(2,195);
INSERT INTO yellow_card(event_id, yellow_cards_number) VALUES (850, 2);
INSERT INTO event(event_team, game_id) VALUES(6,195);
INSERT INTO goal(event_id, goal_minute) VALUES(851, 82);
INSERT INTO event(event_team, game_id) VALUES(2,195);
INSERT INTO goal(event_id, goal_minute) VALUES(852, 82);
INSERT INTO game(game_date, home_team_goals, away_team_goals, game_stadium, game_season, game_referee) VALUES ('1546104600', 5, 1, 8, 1, 10);
INSERT INTO statistics(home_shots, away_shots, home_possession, away_possession, home_expected_goals, away_expected_goals) VALUES (14, 6, 47, 53, 2.00, 0.90);
INSERT INTO gameTeamStatistics(game_id, home_team_id, away_team_id, statistics_id) VALUES (196, 8, 10, 196);
INSERT INTO event(event_team, game_id) VALUES(8,196);
INSERT INTO yellow_card(event_id, yellow_cards_number) VALUES (853, 1);
INSERT INTO event(event_team, game_id) VALUES(10,196);
INSERT INTO yellow_card(event_id, yellow_cards_number) VALUES (854, 2);
INSERT INTO event(event_team, game_id) VALUES(8,196);
INSERT INTO goal(event_id, goal_minute) VALUES(855, 14);
INSERT INTO event(event_team, game_id) VALUES(8,196);
INSERT INTO goal(event_id, goal_minute) VALUES(856, 16);
INSERT INTO event(event_team, game_id) VALUES(8,196);
INSERT INTO goal(event_id, goal_minute) VALUES(857, 32);
INSERT INTO event(event_team, game_id) VALUES(8,196);
INSERT INTO goal(event_id, goal_minute) VALUES(858, 45);
INSERT INTO event(event_team, game_id) VALUES(8,196);
INSERT INTO goal(event_id, goal_minute) VALUES(859, 65);
INSERT INTO event(event_team, game_id) VALUES(10,196);
INSERT INTO goal(event_id, goal_minute) VALUES(860, 14);
INSERT INTO event(event_team, game_id) VALUES(10,196);
INSERT INTO goal(event_id, goal_minute) VALUES(861, 16);
INSERT INTO event(event_team, game_id) VALUES(10,196);
INSERT INTO goal(event_id, goal_minute) VALUES(862, 32);
INSERT INTO event(event_team, game_id) VALUES(10,196);
INSERT INTO goal(event_id, goal_minute) VALUES(863, 45);
INSERT INTO event(event_team, game_id) VALUES(10,196);
INSERT INTO goal(event_id, goal_minute) VALUES(864, 65);
INSERT INTO game(game_date, home_team_goals, away_team_goals, game_stadium, game_season, game_referee) VALUES ('1546171200', 0, 1, 19, 1, 7);
INSERT INTO statistics(home_shots, away_shots, home_possession, away_possession, home_expected_goals, away_expected_goals) VALUES (3, 9, 34, 66, 0.46, 1.57);
INSERT INTO gameTeamStatistics(game_id, home_team_id, away_team_id, statistics_id) VALUES (197, 20, 16, 197);
INSERT INTO event(event_team, game_id) VALUES(16,197);
INSERT INTO yellow_card(event_id, yellow_cards_number) VALUES (865, 1);
INSERT INTO game(game_date, home_team_goals, away_team_goals, game_stadium, game_season, game_referee) VALUES ('1546179300', 2, 0, 16, 1, 15);
INSERT INTO statistics(home_shots, away_shots, home_possession, away_possession, home_expected_goals, away_expected_goals) VALUES (15, 7, 43, 57, 1.77, 1.17);
INSERT INTO gameTeamStatistics(game_id, home_team_id, away_team_id, statistics_id) VALUES (198, 17, 15, 198);
INSERT INTO event(event_team, game_id) VALUES(17,198);
INSERT INTO yellow_card(event_id, yellow_cards_number) VALUES (866, 1);
INSERT INTO event(event_team, game_id) VALUES(15,198);
INSERT INTO yellow_card(event_id, yellow_cards_number) VALUES (867, 4);
INSERT INTO event(event_team, game_id) VALUES(17,198);
INSERT INTO goal(event_id, goal_minute) VALUES(868, 15);
INSERT INTO event(event_team, game_id) VALUES(17,198);
INSERT INTO goal(event_id, goal_minute) VALUES(869, 34);
INSERT INTO game(game_date, home_team_goals, away_team_goals, game_stadium, game_season, game_referee) VALUES ('1546179300', 1, 3, 9, 1, 13);
INSERT INTO statistics(home_shots, away_shots, home_possession, away_possession, home_expected_goals, away_expected_goals) VALUES (6, 11, 23, 77, 0.87, 1.74);
INSERT INTO gameTeamStatistics(game_id, home_team_id, away_team_id, statistics_id) VALUES (199, 9, 18, 199);
INSERT INTO event(event_team, game_id) VALUES(9,199);
INSERT INTO yellow_card(event_id, yellow_cards_number) VALUES (870, 2);
INSERT INTO event(event_team, game_id) VALUES(9,199);
INSERT INTO red_card(event_id, red_cards_number) VALUES (871, 1);
INSERT INTO event(event_team, game_id) VALUES(18,199);
INSERT INTO yellow_card(event_id, yellow_cards_number) VALUES (872, 3);
INSERT INTO event(event_team, game_id) VALUES(9,199);
INSERT INTO goal(event_id, goal_minute) VALUES(873, 37);
INSERT INTO event(event_team, game_id) VALUES(18,199);
INSERT INTO goal(event_id, goal_minute) VALUES(874, 37);
INSERT INTO game(game_date, home_team_goals, away_team_goals, game_stadium, game_season, game_referee) VALUES ('1546187400', 4, 1, 1, 1, 11);
INSERT INTO statistics(home_shots, away_shots, home_possession, away_possession, home_expected_goals, away_expected_goals) VALUES (9, 6, 64, 36, 1.58, 1.00);
INSERT INTO gameTeamStatistics(game_id, home_team_id, away_team_id, statistics_id) VALUES (200, 1, 3, 200);
INSERT INTO event(event_team, game_id) VALUES(1,200);
INSERT INTO yellow_card(event_id, yellow_cards_number) VALUES (875, 2);
INSERT INTO event(event_team, game_id) VALUES(1,200);
INSERT INTO red_card(event_id, red_cards_number) VALUES (876, 1);
INSERT INTO event(event_team, game_id) VALUES(1,200);
INSERT INTO goal(event_id, goal_minute) VALUES(877, 5);
INSERT INTO event(event_team, game_id) VALUES(1,200);
INSERT INTO goal(event_id, goal_minute) VALUES(878, 33);
INSERT INTO event(event_team, game_id) VALUES(1,200);
INSERT INTO goal(event_id, goal_minute) VALUES(879, 45);
INSERT INTO event(event_team, game_id) VALUES(1,200);
INSERT INTO goal(event_id, goal_minute) VALUES(880, 72);
INSERT INTO event(event_team, game_id) VALUES(18,199);
INSERT INTO goal(event_id, goal_minute) VALUES(881, 5);
INSERT INTO event(event_team, game_id) VALUES(18,199);
INSERT INTO goal(event_id, goal_minute) VALUES(882, 33);
INSERT INTO event(event_team, game_id) VALUES(18,199);
INSERT INTO goal(event_id, goal_minute) VALUES(883, 45);
INSERT INTO event(event_team, game_id) VALUES(18,199);
INSERT INTO goal(event_id, goal_minute) VALUES(884, 72);
INSERT INTO game(game_date, home_team_goals, away_team_goals, game_stadium, game_season, game_referee) VALUES ('1546345800', 0, 1, 12, 1, 2);
INSERT INTO statistics(home_shots, away_shots, home_possession, away_possession, home_expected_goals, away_expected_goals) VALUES (10, 8, 59, 41, 1.52, 1.19);
INSERT INTO gameTeamStatistics(game_id, home_team_id, away_team_id, statistics_id) VALUES (201, 12, 13, 201);
INSERT INTO event(event_team, game_id) VALUES(12,201);
INSERT INTO yellow_card(event_id, yellow_cards_number) VALUES (885, 3);
INSERT INTO event(event_team, game_id) VALUES(13,201);
INSERT INTO yellow_card(event_id, yellow_cards_number) VALUES (886, 1);
INSERT INTO game(game_date, home_team_goals, away_team_goals, game_stadium, game_season, game_referee) VALUES ('1546354800', 4, 1, 10, 1, 9);
INSERT INTO statistics(home_shots, away_shots, home_possession, away_possession, home_expected_goals, away_expected_goals) VALUES (14, 9, 59, 41, 2.14, 1.17);
INSERT INTO gameTeamStatistics(game_id, home_team_id, away_team_id, statistics_id) VALUES (202, 10, 4, 202);
INSERT INTO event(event_team, game_id) VALUES(4,202);
INSERT INTO yellow_card(event_id, yellow_cards_number) VALUES (887, 1);
INSERT INTO event(event_team, game_id) VALUES(10,202);
INSERT INTO goal(event_id, goal_minute) VALUES(888, 25);
INSERT INTO event(event_team, game_id) VALUES(10,202);
INSERT INTO goal(event_id, goal_minute) VALUES(889, 55);
INSERT INTO event(event_team, game_id) VALUES(10,202);
INSERT INTO goal(event_id, goal_minute) VALUES(890, 79);
INSERT INTO event(event_team, game_id) VALUES(10,202);
INSERT INTO goal(event_id, goal_minute) VALUES(891, 83);
INSERT INTO event(event_team, game_id) VALUES(4,202);
INSERT INTO goal(event_id, goal_minute) VALUES(892, 25);
INSERT INTO event(event_team, game_id) VALUES(4,202);
INSERT INTO goal(event_id, goal_minute) VALUES(893, 55);
INSERT INTO event(event_team, game_id) VALUES(4,202);
INSERT INTO goal(event_id, goal_minute) VALUES(894, 79);
INSERT INTO event(event_team, game_id) VALUES(4,202);
INSERT INTO goal(event_id, goal_minute) VALUES(895, 83);
INSERT INTO game(game_date, home_team_goals, away_team_goals, game_stadium, game_season, game_referee) VALUES ('1546363800', 0, 3, 11, 1, 3);
INSERT INTO statistics(home_shots, away_shots, home_possession, away_possession, home_expected_goals, away_expected_goals) VALUES (6, 11, 26, 74, 0.92, 1.32);
INSERT INTO gameTeamStatistics(game_id, home_team_id, away_team_id, statistics_id) VALUES (203, 11, 14, 203);
INSERT INTO event(event_team, game_id) VALUES(11,203);
INSERT INTO yellow_card(event_id, yellow_cards_number) VALUES (896, 1);
INSERT INTO game(game_date, home_team_goals, away_team_goals, game_stadium, game_season, game_referee) VALUES ('1546458300', 0, 0, 15, 1, 6);
INSERT INTO statistics(home_shots, away_shots, home_possession, away_possession, home_expected_goals, away_expected_goals) VALUES (9, 6, 71, 29, 1.56, 0.95);
INSERT INTO gameTeamStatistics(game_id, home_team_id, away_team_id, statistics_id) VALUES (204, 16, 9, 204);
INSERT INTO event(event_team, game_id) VALUES(16,204);
INSERT INTO yellow_card(event_id, yellow_cards_number) VALUES (897, 1);
INSERT INTO event(event_team, game_id) VALUES(9,204);
INSERT INTO yellow_card(event_id, yellow_cards_number) VALUES (898, 2);
INSERT INTO game(game_date, home_team_goals, away_team_goals, game_stadium, game_season, game_referee) VALUES ('1546458300', 1, 2, 5, 1, 4);
INSERT INTO statistics(home_shots, away_shots, home_possession, away_possession, home_expected_goals, away_expected_goals) VALUES (6, 16, 42, 58, 0.87, 2.08);
INSERT INTO gameTeamStatistics(game_id, home_team_id, away_team_id, statistics_id) VALUES (205, 5, 17, 205);
INSERT INTO event(event_team, game_id) VALUES(5,205);
INSERT INTO yellow_card(event_id, yellow_cards_number) VALUES (899, 1);
INSERT INTO event(event_team, game_id) VALUES(5,205);
INSERT INTO red_card(event_id, red_cards_number) VALUES (900, 1);
INSERT INTO event(event_team, game_id) VALUES(17,205);
INSERT INTO yellow_card(event_id, yellow_cards_number) VALUES (901, 4);
INSERT INTO event(event_team, game_id) VALUES(17,205);
INSERT INTO red_card(event_id, red_cards_number) VALUES (902, 1);
INSERT INTO event(event_team, game_id) VALUES(5,205);
INSERT INTO goal(event_id, goal_minute) VALUES(903, 33);
INSERT INTO event(event_team, game_id) VALUES(17,205);
INSERT INTO goal(event_id, goal_minute) VALUES(904, 33);
INSERT INTO game(game_date, home_team_goals, away_team_goals, game_stadium, game_season, game_referee) VALUES ('1546458300', 2, 2, 14, 1, 5);
INSERT INTO statistics(home_shots, away_shots, home_possession, away_possession, home_expected_goals, away_expected_goals) VALUES (13, 9, 54, 46, 1.61, 1.35);
INSERT INTO gameTeamStatistics(game_id, home_team_id, away_team_id, statistics_id) VALUES (206, 15, 19, 206);
INSERT INTO event(event_team, game_id) VALUES(19,206);
INSERT INTO yellow_card(event_id, yellow_cards_number) VALUES (905, 1);
INSERT INTO event(event_team, game_id) VALUES(15,206);
INSERT INTO goal(event_id, goal_minute) VALUES(906, 66);
INSERT INTO event(event_team, game_id) VALUES(15,206);
INSERT INTO goal(event_id, goal_minute) VALUES(907, 68);
INSERT INTO event(event_team, game_id) VALUES(19,206);
INSERT INTO goal(event_id, goal_minute) VALUES(908, 66);
INSERT INTO event(event_team, game_id) VALUES(19,206);
INSERT INTO goal(event_id, goal_minute) VALUES(909, 68);
INSERT INTO game(game_date, home_team_goals, away_team_goals, game_stadium, game_season, game_referee) VALUES ('1546458300', 0, 2, 7, 1, 16);
INSERT INTO statistics(home_shots, away_shots, home_possession, away_possession, home_expected_goals, away_expected_goals) VALUES (7, 11, 51, 49, 0.92, 1.54);
INSERT INTO gameTeamStatistics(game_id, home_team_id, away_team_id, statistics_id) VALUES (207, 7, 20, 207);
INSERT INTO event(event_team, game_id) VALUES(7,207);
INSERT INTO yellow_card(event_id, yellow_cards_number) VALUES (910, 4);
INSERT INTO event(event_team, game_id) VALUES(20,207);
INSERT INTO yellow_card(event_id, yellow_cards_number) VALUES (911, 1);
INSERT INTO game(game_date, home_team_goals, away_team_goals, game_stadium, game_season, game_referee) VALUES ('1546459200', 3, 3, 3, 1, 15);
INSERT INTO statistics(home_shots, away_shots, home_possession, away_possession, home_expected_goals, away_expected_goals) VALUES (21, 10, 57, 43, 2.58, 1.18);
INSERT INTO gameTeamStatistics(game_id, home_team_id, away_team_id, statistics_id) VALUES (208, 3, 6, 208);
INSERT INTO event(event_team, game_id) VALUES(3,208);
INSERT INTO yellow_card(event_id, yellow_cards_number) VALUES (912, 1);
INSERT INTO event(event_team, game_id) VALUES(6,208);
INSERT INTO yellow_card(event_id, yellow_cards_number) VALUES (913, 4);
INSERT INTO event(event_team, game_id) VALUES(3,208);
INSERT INTO goal(event_id, goal_minute) VALUES(914, 34);
INSERT INTO event(event_team, game_id) VALUES(3,208);
INSERT INTO goal(event_id, goal_minute) VALUES(915, 37);
INSERT INTO event(event_team, game_id) VALUES(3,208);
INSERT INTO goal(event_id, goal_minute) VALUES(916, 40);
INSERT INTO event(event_team, game_id) VALUES(6,208);
INSERT INTO goal(event_id, goal_minute) VALUES(917, 34);
INSERT INTO event(event_team, game_id) VALUES(6,208);
INSERT INTO goal(event_id, goal_minute) VALUES(918, 37);
INSERT INTO event(event_team, game_id) VALUES(6,208);
INSERT INTO goal(event_id, goal_minute) VALUES(919, 40);
INSERT INTO game(game_date, home_team_goals, away_team_goals, game_stadium, game_season, game_referee) VALUES ('1546459200', 0, 2, 2, 1, 1);
INSERT INTO statistics(home_shots, away_shots, home_possession, away_possession, home_expected_goals, away_expected_goals) VALUES (12, 14, 34, 66, 1.29, 1.77);
INSERT INTO gameTeamStatistics(game_id, home_team_id, away_team_id, statistics_id) VALUES (209, 2, 1, 209);
INSERT INTO event(event_team, game_id) VALUES(2,209);
INSERT INTO yellow_card(event_id, yellow_cards_number) VALUES (920, 1);
INSERT INTO event(event_team, game_id) VALUES(1,209);
INSERT INTO yellow_card(event_id, yellow_cards_number) VALUES (921, 2);
INSERT INTO game(game_date, home_team_goals, away_team_goals, game_stadium, game_season, game_referee) VALUES ('1546545600', 2, 1, 17, 1, 8);
INSERT INTO statistics(home_shots, away_shots, home_possession, away_possession, home_expected_goals, away_expected_goals) VALUES (9, 8, 49, 51, 1.27, 1.20);
INSERT INTO gameTeamStatistics(game_id, home_team_id, away_team_id, statistics_id) VALUES (210, 18, 8, 210);
INSERT INTO event(event_team, game_id) VALUES(18,210);
INSERT INTO yellow_card(event_id, yellow_cards_number) VALUES (922, 4);
INSERT INTO event(event_team, game_id) VALUES(8,210);
INSERT INTO yellow_card(event_id, yellow_cards_number) VALUES (923, 2);
INSERT INTO event(event_team, game_id) VALUES(18,210);
INSERT INTO goal(event_id, goal_minute) VALUES(924, 40);
INSERT INTO event(event_team, game_id) VALUES(18,210);
INSERT INTO goal(event_id, goal_minute) VALUES(925, 72);
INSERT INTO event(event_team, game_id) VALUES(8,210);
INSERT INTO goal(event_id, goal_minute) VALUES(926, 40);
INSERT INTO event(event_team, game_id) VALUES(8,210);
INSERT INTO goal(event_id, goal_minute) VALUES(927, 72);
INSERT INTO game(game_date, home_team_goals, away_team_goals, game_stadium, game_season, game_referee) VALUES ('1547296200', 1, 0, 14, 1, 6);
INSERT INTO statistics(home_shots, away_shots, home_possession, away_possession, home_expected_goals, away_expected_goals) VALUES (11, 11, 41, 59, 1.37, 1.20);
INSERT INTO gameTeamStatistics(game_id, home_team_id, away_team_id, statistics_id) VALUES (211, 15, 10, 211);
INSERT INTO event(event_team, game_id) VALUES(10,211);
INSERT INTO yellow_card(event_id, yellow_cards_number) VALUES (928, 2);
INSERT INTO event(event_team, game_id) VALUES(15,211);
INSERT INTO goal(event_id, goal_minute) VALUES(929, 48);
INSERT INTO game(game_date, home_team_goals, away_team_goals, game_stadium, game_season, game_referee) VALUES ('1547305200', 0, 1, 18, 1, 3);
INSERT INTO statistics(home_shots, away_shots, home_possession, away_possession, home_expected_goals, away_expected_goals) VALUES (6, 9, 29, 71, 0.61, 1.29);
INSERT INTO gameTeamStatistics(game_id, home_team_id, away_team_id, statistics_id) VALUES (212, 19, 8, 212);
INSERT INTO game(game_date, home_team_goals, away_team_goals, game_stadium, game_season, game_referee) VALUES ('1547305200', 2, 1, 16, 1, 2);
INSERT INTO statistics(home_shots, away_shots, home_possession, away_possession, home_expected_goals, away_expected_goals) VALUES (7, 9, 41, 59, 0.87, 1.37);
INSERT INTO gameTeamStatistics(game_id, home_team_id, away_team_id, statistics_id) VALUES (213, 17, 4, 213);
INSERT INTO event(event_team, game_id) VALUES(17,213);
INSERT INTO yellow_card(event_id, yellow_cards_number) VALUES (930, 1);
INSERT INTO event(event_team, game_id) VALUES(4,213);
INSERT INTO yellow_card(event_id, yellow_cards_number) VALUES (931, 2);
INSERT INTO event(event_team, game_id) VALUES(17,213);
INSERT INTO goal(event_id, goal_minute) VALUES(932, 20);
INSERT INTO event(event_team, game_id) VALUES(17,213);
INSERT INTO goal(event_id, goal_minute) VALUES(933, 23);
INSERT INTO event(event_team, game_id) VALUES(4,213);
INSERT INTO goal(event_id, goal_minute) VALUES(934, 20);
INSERT INTO event(event_team, game_id) VALUES(4,213);
INSERT INTO goal(event_id, goal_minute) VALUES(935, 23);
INSERT INTO game(game_date, home_team_goals, away_team_goals, game_stadium, game_season, game_referee) VALUES ('1547305200', 0, 0, 11, 1, 11);
INSERT INTO statistics(home_shots, away_shots, home_possession, away_possession, home_expected_goals, away_expected_goals) VALUES (0, 7, 38, 62, 0.32, 1.05);
INSERT INTO gameTeamStatistics(game_id, home_team_id, away_team_id, statistics_id) VALUES (214, 11, 5, 214);
INSERT INTO event(event_team, game_id) VALUES(11,214);
INSERT INTO yellow_card(event_id, yellow_cards_number) VALUES (936, 3);
INSERT INTO event(event_team, game_id) VALUES(5,214);
INSERT INTO yellow_card(event_id, yellow_cards_number) VALUES (937, 1);
INSERT INTO game(game_date, home_team_goals, away_team_goals, game_stadium, game_season, game_referee) VALUES ('1547305200', 1, 2, 19, 1, 13);
INSERT INTO statistics(home_shots, away_shots, home_possession, away_possession, home_expected_goals, away_expected_goals) VALUES (13, 12, 55, 45, 1.90, 1.37);
INSERT INTO gameTeamStatistics(game_id, home_team_id, away_team_id, statistics_id) VALUES (215, 20, 6, 215);
INSERT INTO event(event_team, game_id) VALUES(20,215);
INSERT INTO yellow_card(event_id, yellow_cards_number) VALUES (938, 1);
INSERT INTO event(event_team, game_id) VALUES(6,215);
INSERT INTO yellow_card(event_id, yellow_cards_number) VALUES (939, 4);
INSERT INTO event(event_team, game_id) VALUES(20,215);
INSERT INTO goal(event_id, goal_minute) VALUES(940, 38);
INSERT INTO event(event_team, game_id) VALUES(6,215);
INSERT INTO goal(event_id, goal_minute) VALUES(941, 38);
INSERT INTO game(game_date, home_team_goals, away_team_goals, game_stadium, game_season, game_referee) VALUES ('1547305200', 1, 2, 13, 1, 10);
INSERT INTO statistics(home_shots, away_shots, home_possession, away_possession, home_expected_goals, away_expected_goals) VALUES (15, 7, 71, 29, 2.24, 0.89);
INSERT INTO gameTeamStatistics(game_id, home_team_id, away_team_id, statistics_id) VALUES (216, 13, 9, 216);
INSERT INTO event(event_team, game_id) VALUES(13,216);
INSERT INTO yellow_card(event_id, yellow_cards_number) VALUES (942, 2);
INSERT INTO event(event_team, game_id) VALUES(9,216);
INSERT INTO yellow_card(event_id, yellow_cards_number) VALUES (943, 2);
INSERT INTO event(event_team, game_id) VALUES(9,216);
INSERT INTO red_card(event_id, red_cards_number) VALUES (944, 1);
INSERT INTO event(event_team, game_id) VALUES(13,216);
INSERT INTO goal(event_id, goal_minute) VALUES(945, 58);
INSERT INTO event(event_team, game_id) VALUES(9,216);
INSERT INTO goal(event_id, goal_minute) VALUES(946, 58);
INSERT INTO game(game_date, home_team_goals, away_team_goals, game_stadium, game_season, game_referee) VALUES ('1547314200', 2, 1, 15, 1, 5);
INSERT INTO statistics(home_shots, away_shots, home_possession, away_possession, home_expected_goals, away_expected_goals) VALUES (9, 9, 65, 35, 1.53, 1.01);
INSERT INTO gameTeamStatistics(game_id, home_team_id, away_team_id, statistics_id) VALUES (217, 16, 2, 217);
INSERT INTO event(event_team, game_id) VALUES(16,217);
INSERT INTO yellow_card(event_id, yellow_cards_number) VALUES (947, 1);
INSERT INTO event(event_team, game_id) VALUES(2,217);
INSERT INTO yellow_card(event_id, yellow_cards_number) VALUES (948, 1);
INSERT INTO event(event_team, game_id) VALUES(16,217);
INSERT INTO goal(event_id, goal_minute) VALUES(949, 9);
INSERT INTO event(event_team, game_id) VALUES(16,217);
INSERT INTO goal(event_id, goal_minute) VALUES(950, 57);
INSERT INTO event(event_team, game_id) VALUES(2,217);
INSERT INTO goal(event_id, goal_minute) VALUES(951, 9);
INSERT INTO event(event_team, game_id) VALUES(2,217);
INSERT INTO goal(event_id, goal_minute) VALUES(952, 57);
INSERT INTO game(game_date, home_team_goals, away_team_goals, game_stadium, game_season, game_referee) VALUES ('1547388900', 2, 0, 12, 1, 8);
INSERT INTO statistics(home_shots, away_shots, home_possession, away_possession, home_expected_goals, away_expected_goals) VALUES (12, 15, 50, 50, 1.41, 1.98);
INSERT INTO gameTeamStatistics(game_id, home_team_id, away_team_id, statistics_id) VALUES (218, 12, 3, 218);
INSERT INTO event(event_team, game_id) VALUES(12,218);
INSERT INTO yellow_card(event_id, yellow_cards_number) VALUES (953, 5);
INSERT INTO event(event_team, game_id) VALUES(12,218);
INSERT INTO goal(event_id, goal_minute) VALUES(954, 61);
INSERT INTO event(event_team, game_id) VALUES(12,218);
INSERT INTO goal(event_id, goal_minute) VALUES(955, 90);
INSERT INTO game(game_date, home_team_goals, away_team_goals, game_stadium, game_season, game_referee) VALUES ('1547397000', 0, 1, 20, 1, 4);
INSERT INTO statistics(home_shots, away_shots, home_possession, away_possession, home_expected_goals, away_expected_goals) VALUES (18, 12, 61, 39, 2.43, 1.64);
INSERT INTO gameTeamStatistics(game_id, home_team_id, away_team_id, statistics_id) VALUES (219, 14, 1, 219);
INSERT INTO event(event_team, game_id) VALUES(14,219);
INSERT INTO yellow_card(event_id, yellow_cards_number) VALUES (956, 1);
INSERT INTO event(event_team, game_id) VALUES(1,219);
INSERT INTO yellow_card(event_id, yellow_cards_number) VALUES (957, 2);
INSERT INTO game(game_date, home_team_goals, away_team_goals, game_stadium, game_season, game_referee) VALUES ('1547496000', 3, 0, 17, 1, 7);
INSERT INTO statistics(home_shots, away_shots, home_possession, away_possession, home_expected_goals, away_expected_goals) VALUES (17, 2, 76, 24, 2.68, 0.20);
INSERT INTO gameTeamStatistics(game_id, home_team_id, away_team_id, statistics_id) VALUES (220, 18, 7, 220);
INSERT INTO event(event_team, game_id) VALUES(18,220);
INSERT INTO yellow_card(event_id, yellow_cards_number) VALUES (958, 1);
INSERT INTO event(event_team, game_id) VALUES(7,220);
INSERT INTO red_card(event_id, red_cards_number) VALUES (959, 1);
INSERT INTO event(event_team, game_id) VALUES(18,220);
INSERT INTO goal(event_id, goal_minute) VALUES(960, 10);
INSERT INTO event(event_team, game_id) VALUES(18,220);
INSERT INTO goal(event_id, goal_minute) VALUES(961, 39);
INSERT INTO event(event_team, game_id) VALUES(18,220);
INSERT INTO goal(event_id, goal_minute) VALUES(962, 78);
INSERT INTO game(game_date, home_team_goals, away_team_goals, game_stadium, game_season, game_referee) VALUES ('1547901000', 4, 3, 7, 1, 5);
INSERT INTO statistics(home_shots, away_shots, home_possession, away_possession, home_expected_goals, away_expected_goals) VALUES (11, 12, 45, 55, 1.50, 1.79);
INSERT INTO gameTeamStatistics(game_id, home_team_id, away_team_id, statistics_id) VALUES (221, 7, 13, 221);
INSERT INTO event(event_team, game_id) VALUES(7,221);
INSERT INTO yellow_card(event_id, yellow_cards_number) VALUES (963, 3);
INSERT INTO event(event_team, game_id) VALUES(13,221);
INSERT INTO yellow_card(event_id, yellow_cards_number) VALUES (964, 3);
INSERT INTO event(event_team, game_id) VALUES(7,221);
INSERT INTO goal(event_id, goal_minute) VALUES(965, 4);
INSERT INTO event(event_team, game_id) VALUES(7,221);
INSERT INTO goal(event_id, goal_minute) VALUES(966, 12);
INSERT INTO event(event_team, game_id) VALUES(7,221);
INSERT INTO goal(event_id, goal_minute) VALUES(967, 64);
INSERT INTO event(event_team, game_id) VALUES(7,221);
INSERT INTO goal(event_id, goal_minute) VALUES(968, 90);
INSERT INTO event(event_team, game_id) VALUES(13,221);
INSERT INTO goal(event_id, goal_minute) VALUES(969, 4);
INSERT INTO event(event_team, game_id) VALUES(13,221);
INSERT INTO goal(event_id, goal_minute) VALUES(970, 12);
INSERT INTO event(event_team, game_id) VALUES(13,221);
INSERT INTO goal(event_id, goal_minute) VALUES(971, 64);
INSERT INTO event(event_team, game_id) VALUES(13,221);
INSERT INTO goal(event_id, goal_minute) VALUES(972, 90);
INSERT INTO game(game_date, home_team_goals, away_team_goals, game_stadium, game_season, game_referee) VALUES ('1547910000', 2, 0, 3, 1, 17);
INSERT INTO statistics(home_shots, away_shots, home_possession, away_possession, home_expected_goals, away_expected_goals) VALUES (10, 8, 38, 62, 1.42, 1.10);
INSERT INTO gameTeamStatistics(game_id, home_team_id, away_team_id, statistics_id) VALUES (222, 3, 15, 222);
INSERT INTO event(event_team, game_id) VALUES(15,222);
INSERT INTO yellow_card(event_id, yellow_cards_number) VALUES (973, 1);
INSERT INTO event(event_team, game_id) VALUES(3,222);
INSERT INTO goal(event_id, goal_minute) VALUES(974, 53);
INSERT INTO event(event_team, game_id) VALUES(3,222);
INSERT INTO goal(event_id, goal_minute) VALUES(975, 90);
INSERT INTO game(game_date, home_team_goals, away_team_goals, game_stadium, game_season, game_referee) VALUES ('1547910000', 4, 3, 8, 1, 6);
INSERT INTO statistics(home_shots, away_shots, home_possession, away_possession, home_expected_goals, away_expected_goals) VALUES (17, 7, 70, 30, 2.49, 0.90);
INSERT INTO gameTeamStatistics(game_id, home_team_id, away_team_id, statistics_id) VALUES (223, 8, 20, 223);
INSERT INTO event(event_team, game_id) VALUES(8,223);
INSERT INTO yellow_card(event_id, yellow_cards_number) VALUES (976, 1);
INSERT INTO event(event_team, game_id) VALUES(8,223);
INSERT INTO red_card(event_id, red_cards_number) VALUES (977, 1);
INSERT INTO event(event_team, game_id) VALUES(20,223);
INSERT INTO yellow_card(event_id, yellow_cards_number) VALUES (978, 1);
INSERT INTO event(event_team, game_id) VALUES(8,223);
INSERT INTO goal(event_id, goal_minute) VALUES(979, 46);
INSERT INTO event(event_team, game_id) VALUES(8,223);
INSERT INTO goal(event_id, goal_minute) VALUES(980, 53);
INSERT INTO event(event_team, game_id) VALUES(8,223);
INSERT INTO goal(event_id, goal_minute) VALUES(981, 75);
INSERT INTO event(event_team, game_id) VALUES(8,223);
INSERT INTO goal(event_id, goal_minute) VALUES(982, 90);
INSERT INTO event(event_team, game_id) VALUES(20,223);
INSERT INTO goal(event_id, goal_minute) VALUES(983, 46);
INSERT INTO event(event_team, game_id) VALUES(20,223);
INSERT INTO goal(event_id, goal_minute) VALUES(984, 53);
INSERT INTO event(event_team, game_id) VALUES(20,223);
INSERT INTO goal(event_id, goal_minute) VALUES(985, 75);
INSERT INTO event(event_team, game_id) VALUES(20,223);
INSERT INTO goal(event_id, goal_minute) VALUES(986, 90);
INSERT INTO game(game_date, home_team_goals, away_team_goals, game_stadium, game_season, game_referee) VALUES ('1547910000', 2, 1, 1, 1, 13);
INSERT INTO statistics(home_shots, away_shots, home_possession, away_possession, home_expected_goals, away_expected_goals) VALUES (15, 7, 56, 44, 1.71, 1.04);
INSERT INTO gameTeamStatistics(game_id, home_team_id, away_team_id, statistics_id) VALUES (224, 1, 19, 224);
INSERT INTO event(event_team, game_id) VALUES(1,224);
INSERT INTO yellow_card(event_id, yellow_cards_number) VALUES (987, 1);
INSERT INTO event(event_team, game_id) VALUES(1,224);
INSERT INTO goal(event_id, goal_minute) VALUES(988, 27);
INSERT INTO event(event_team, game_id) VALUES(1,224);
INSERT INTO goal(event_id, goal_minute) VALUES(989, 42);
INSERT INTO event(event_team, game_id) VALUES(20,223);
INSERT INTO goal(event_id, goal_minute) VALUES(990, 27);
INSERT INTO event(event_team, game_id) VALUES(20,223);
INSERT INTO goal(event_id, goal_minute) VALUES(991, 42);
INSERT INTO game(game_date, home_team_goals, away_team_goals, game_stadium, game_season, game_referee) VALUES ('1547910000', 3, 0, 2, 1, 12);
INSERT INTO statistics(home_shots, away_shots, home_possession, away_possession, home_expected_goals, away_expected_goals) VALUES (12, 7, 53, 47, 1.65, 0.98);
INSERT INTO gameTeamStatistics(game_id, home_team_id, away_team_id, statistics_id) VALUES (225, 2, 11, 225);
INSERT INTO event(event_team, game_id) VALUES(11,225);
INSERT INTO yellow_card(event_id, yellow_cards_number) VALUES (992, 1);
INSERT INTO event(event_team, game_id) VALUES(2,225);
INSERT INTO goal(event_id, goal_minute) VALUES(993, 24);
INSERT INTO event(event_team, game_id) VALUES(2,225);
INSERT INTO goal(event_id, goal_minute) VALUES(994, 63);
INSERT INTO event(event_team, game_id) VALUES(2,225);
INSERT INTO goal(event_id, goal_minute) VALUES(995, 90);
INSERT INTO game(game_date, home_team_goals, away_team_goals, game_stadium, game_season, game_referee) VALUES ('1547910000', 2, 1, 9, 1, 9);
INSERT INTO statistics(home_shots, away_shots, home_possession, away_possession, home_expected_goals, away_expected_goals) VALUES (9, 4, 39, 61, 1.24, 0.93);
INSERT INTO gameTeamStatistics(game_id, home_team_id, away_team_id, statistics_id) VALUES (226, 9, 12, 226);
INSERT INTO event(event_team, game_id) VALUES(9,226);
INSERT INTO yellow_card(event_id, yellow_cards_number) VALUES (996, 2);
INSERT INTO event(event_team, game_id) VALUES(12,226);
INSERT INTO yellow_card(event_id, yellow_cards_number) VALUES (997, 1);
INSERT INTO event(event_team, game_id) VALUES(9,226);
INSERT INTO goal(event_id, goal_minute) VALUES(998, 50);
INSERT INTO event(event_team, game_id) VALUES(9,226);
INSERT INTO goal(event_id, goal_minute) VALUES(999, 64);
INSERT INTO event(event_team, game_id) VALUES(12,226);
INSERT INTO goal(event_id, goal_minute) VALUES(1000, 50);
INSERT INTO event(event_team, game_id) VALUES(12,226);
INSERT INTO goal(event_id, goal_minute) VALUES(1001, 64);
INSERT INTO game(game_date, home_team_goals, away_team_goals, game_stadium, game_season, game_referee) VALUES ('1547910000', 0, 0, 6, 1, 10);
INSERT INTO statistics(home_shots, away_shots, home_possession, away_possession, home_expected_goals, away_expected_goals) VALUES (8, 11, 54, 46, 1.15, 1.41);
INSERT INTO gameTeamStatistics(game_id, home_team_id, away_team_id, statistics_id) VALUES (227, 6, 17, 227);
INSERT INTO event(event_team, game_id) VALUES(6,227);
INSERT INTO yellow_card(event_id, yellow_cards_number) VALUES (1002, 1);
INSERT INTO event(event_team, game_id) VALUES(17,227);
INSERT INTO yellow_card(event_id, yellow_cards_number) VALUES (1003, 2);
INSERT INTO game(game_date, home_team_goals, away_team_goals, game_stadium, game_season, game_referee) VALUES ('1547919000', 2, 0, 10, 1, 8);
INSERT INTO statistics(home_shots, away_shots, home_possession, away_possession, home_expected_goals, away_expected_goals) VALUES (13, 11, 35, 65, 1.64, 1.52);
INSERT INTO gameTeamStatistics(game_id, home_team_id, away_team_id, statistics_id) VALUES (228, 10, 16, 228);
INSERT INTO event(event_team, game_id) VALUES(16,228);
INSERT INTO yellow_card(event_id, yellow_cards_number) VALUES (1004, 2);
INSERT INTO event(event_team, game_id) VALUES(10,228);
INSERT INTO goal(event_id, goal_minute) VALUES(1005, 14);
INSERT INTO event(event_team, game_id) VALUES(10,228);
INSERT INTO goal(event_id, goal_minute) VALUES(1006, 39);
INSERT INTO game(game_date, home_team_goals, away_team_goals, game_stadium, game_season, game_referee) VALUES ('1547991000', 0, 3, 5, 1, 1);
INSERT INTO statistics(home_shots, away_shots, home_possession, away_possession, home_expected_goals, away_expected_goals) VALUES (6, 11, 32, 68, 0.85, 1.36);
INSERT INTO gameTeamStatistics(game_id, home_team_id, away_team_id, statistics_id) VALUES (229, 5, 18, 229);
INSERT INTO event(event_team, game_id) VALUES(5,229);
INSERT INTO yellow_card(event_id, yellow_cards_number) VALUES (1007, 2);
INSERT INTO event(event_team, game_id) VALUES(18,229);
INSERT INTO yellow_card(event_id, yellow_cards_number) VALUES (1008, 2);
INSERT INTO game(game_date, home_team_goals, away_team_goals, game_stadium, game_season, game_referee) VALUES ('1548000000', 1, 2, 4, 1, 7);
INSERT INTO statistics(home_shots, away_shots, home_possession, away_possession, home_expected_goals, away_expected_goals) VALUES (10, 12, 26, 74, 1.17, 1.79);
INSERT INTO gameTeamStatistics(game_id, home_team_id, away_team_id, statistics_id) VALUES (230, 4, 14, 230);
INSERT INTO event(event_team, game_id) VALUES(4,230);
INSERT INTO yellow_card(event_id, yellow_cards_number) VALUES (1009, 2);
INSERT INTO event(event_team, game_id) VALUES(14,230);
INSERT INTO yellow_card(event_id, yellow_cards_number) VALUES (1010, 3);
INSERT INTO event(event_team, game_id) VALUES(4,230);
INSERT INTO goal(event_id, goal_minute) VALUES(1011, 17);
INSERT INTO event(event_team, game_id) VALUES(14,230);
INSERT INTO goal(event_id, goal_minute) VALUES(1012, 17);
INSERT INTO game(game_date, home_team_goals, away_team_goals, game_stadium, game_season, game_referee) VALUES ('1548791100', 2, 1, 10, 1, 4);
INSERT INTO statistics(home_shots, away_shots, home_possession, away_possession, home_expected_goals, away_expected_goals) VALUES (10, 12, 70, 30, 1.50, 1.29);
INSERT INTO gameTeamStatistics(game_id, home_team_id, away_team_id, statistics_id) VALUES (231, 10, 11, 231);
INSERT INTO event(event_team, game_id) VALUES(10,231);
INSERT INTO yellow_card(event_id, yellow_cards_number) VALUES (1013, 3);
INSERT INTO event(event_team, game_id) VALUES(11,231);
INSERT INTO yellow_card(event_id, yellow_cards_number) VALUES (1014, 3);
INSERT INTO event(event_team, game_id) VALUES(10,231);
INSERT INTO goal(event_id, goal_minute) VALUES(1015, 66);
INSERT INTO event(event_team, game_id) VALUES(10,231);
INSERT INTO goal(event_id, goal_minute) VALUES(1016, 83);
INSERT INTO event(event_team, game_id) VALUES(11,231);
INSERT INTO goal(event_id, goal_minute) VALUES(1017, 66);
INSERT INTO event(event_team, game_id) VALUES(11,231);
INSERT INTO goal(event_id, goal_minute) VALUES(1018, 83);
INSERT INTO game(game_date, home_team_goals, away_team_goals, game_stadium, game_season, game_referee) VALUES ('1548791100', 4, 2, 4, 1, 14);
INSERT INTO statistics(home_shots, away_shots, home_possession, away_possession, home_expected_goals, away_expected_goals) VALUES (18, 11, 61, 39, 2.35, 1.58);
INSERT INTO gameTeamStatistics(game_id, home_team_id, away_team_id, statistics_id) VALUES (232, 4, 19, 232);
INSERT INTO event(event_team, game_id) VALUES(4,232);
INSERT INTO yellow_card(event_id, yellow_cards_number) VALUES (1019, 2);
INSERT INTO event(event_team, game_id) VALUES(19,232);
INSERT INTO yellow_card(event_id, yellow_cards_number) VALUES (1020, 3);
INSERT INTO event(event_team, game_id) VALUES(4,232);
INSERT INTO goal(event_id, goal_minute) VALUES(1021, 47);
INSERT INTO event(event_team, game_id) VALUES(4,232);
INSERT INTO goal(event_id, goal_minute) VALUES(1022, 58);
INSERT INTO event(event_team, game_id) VALUES(4,232);
INSERT INTO goal(event_id, goal_minute) VALUES(1023, 74);
INSERT INTO event(event_team, game_id) VALUES(4,232);
INSERT INTO goal(event_id, goal_minute) VALUES(1024, 79);
INSERT INTO event(event_team, game_id) VALUES(19,232);
INSERT INTO goal(event_id, goal_minute) VALUES(1025, 47);
INSERT INTO event(event_team, game_id) VALUES(19,232);
INSERT INTO goal(event_id, goal_minute) VALUES(1026, 58);
INSERT INTO event(event_team, game_id) VALUES(19,232);
INSERT INTO goal(event_id, goal_minute) VALUES(1027, 74);
INSERT INTO event(event_team, game_id) VALUES(19,232);
INSERT INTO goal(event_id, goal_minute) VALUES(1028, 79);
INSERT INTO game(game_date, home_team_goals, away_team_goals, game_stadium, game_season, game_referee) VALUES ('1548791100', 0, 1, 5, 1, 12);
INSERT INTO statistics(home_shots, away_shots, home_possession, away_possession, home_expected_goals, away_expected_goals) VALUES (9, 10, 58, 42, 1.22, 1.24);
INSERT INTO gameTeamStatistics(game_id, home_team_id, away_team_id, statistics_id) VALUES (233, 5, 12, 233);
INSERT INTO event(event_team, game_id) VALUES(5,233);
INSERT INTO yellow_card(event_id, yellow_cards_number) VALUES (1029, 1);
INSERT INTO event(event_team, game_id) VALUES(12,233);
INSERT INTO yellow_card(event_id, yellow_cards_number) VALUES (1030, 4);
INSERT INTO event(event_team, game_id) VALUES(12,233);
INSERT INTO red_card(event_id, red_cards_number) VALUES (1031, 1);
INSERT INTO game(game_date, home_team_goals, away_team_goals, game_stadium, game_season, game_referee) VALUES ('1548791100', 3, 0, 7, 1, 15);
INSERT INTO statistics(home_shots, away_shots, home_possession, away_possession, home_expected_goals, away_expected_goals) VALUES (14, 4, 54, 46, 1.97, 0.56);
INSERT INTO gameTeamStatistics(game_id, home_team_id, away_team_id, statistics_id) VALUES (234, 7, 15, 234);
INSERT INTO event(event_team, game_id) VALUES(7,234);
INSERT INTO yellow_card(event_id, yellow_cards_number) VALUES (1032, 4);
INSERT INTO event(event_team, game_id) VALUES(15,234);
INSERT INTO yellow_card(event_id, yellow_cards_number) VALUES (1033, 1);
INSERT INTO event(event_team, game_id) VALUES(7,234);
INSERT INTO goal(event_id, goal_minute) VALUES(1034, 66);
INSERT INTO event(event_team, game_id) VALUES(7,234);
INSERT INTO goal(event_id, goal_minute) VALUES(1035, 80);
INSERT INTO event(event_team, game_id) VALUES(7,234);
INSERT INTO goal(event_id, goal_minute) VALUES(1036, 86);
INSERT INTO game(game_date, home_team_goals, away_team_goals, game_stadium, game_season, game_referee) VALUES ('1548792000', 2, 2, 1, 1, 6);
INSERT INTO statistics(home_shots, away_shots, home_possession, away_possession, home_expected_goals, away_expected_goals) VALUES (21, 5, 74, 26, 2.76, 0.86);
INSERT INTO gameTeamStatistics(game_id, home_team_id, away_team_id, statistics_id) VALUES (235, 1, 17, 235);
INSERT INTO event(event_team, game_id) VALUES(1,235);
INSERT INTO yellow_card(event_id, yellow_cards_number) VALUES (1037, 1);
INSERT INTO event(event_team, game_id) VALUES(17,235);
INSERT INTO yellow_card(event_id, yellow_cards_number) VALUES (1038, 3);
INSERT INTO event(event_team, game_id) VALUES(1,235);
INSERT INTO goal(event_id, goal_minute) VALUES(1039, 87);
INSERT INTO event(event_team, game_id) VALUES(1,235);
INSERT INTO goal(event_id, goal_minute) VALUES(1040, 90);
INSERT INTO event(event_team, game_id) VALUES(17,235);
INSERT INTO goal(event_id, goal_minute) VALUES(1041, 87);
INSERT INTO event(event_team, game_id) VALUES(17,235);
INSERT INTO goal(event_id, goal_minute) VALUES(1042, 90);
INSERT INTO game(game_date, home_team_goals, away_team_goals, game_stadium, game_season, game_referee) VALUES ('1548792000', 2, 1, 2, 1, 13);
INSERT INTO statistics(home_shots, away_shots, home_possession, away_possession, home_expected_goals, away_expected_goals) VALUES (6, 8, 23, 77, 0.76, 1.45);
INSERT INTO gameTeamStatistics(game_id, home_team_id, away_team_id, statistics_id) VALUES (236, 2, 18, 236);
INSERT INTO event(event_team, game_id) VALUES(2,236);
INSERT INTO yellow_card(event_id, yellow_cards_number) VALUES (1043, 2);
INSERT INTO event(event_team, game_id) VALUES(18,236);
INSERT INTO yellow_card(event_id, yellow_cards_number) VALUES (1044, 3);
INSERT INTO event(event_team, game_id) VALUES(2,236);
INSERT INTO goal(event_id, goal_minute) VALUES(1045, 66);
INSERT INTO event(event_team, game_id) VALUES(2,236);
INSERT INTO goal(event_id, goal_minute) VALUES(1046, 80);
INSERT INTO event(event_team, game_id) VALUES(18,236);
INSERT INTO goal(event_id, goal_minute) VALUES(1047, 66);
INSERT INTO event(event_team, game_id) VALUES(18,236);
INSERT INTO goal(event_id, goal_minute) VALUES(1048, 80);
INSERT INTO game(game_date, home_team_goals, away_team_goals, game_stadium, game_season, game_referee) VALUES ('1548877500', 4, 0, 3, 1, 16);
INSERT INTO statistics(home_shots, away_shots, home_possession, away_possession, home_expected_goals, away_expected_goals) VALUES (10, 10, 32, 68, 1.36, 1.89);
INSERT INTO gameTeamStatistics(game_id, home_team_id, away_team_id, statistics_id) VALUES (237, 3, 16, 237);
INSERT INTO event(event_team, game_id) VALUES(3,237);
INSERT INTO yellow_card(event_id, yellow_cards_number) VALUES (1049, 1);
INSERT INTO event(event_team, game_id) VALUES(3,237);
INSERT INTO goal(event_id, goal_minute) VALUES(1050, 47);
INSERT INTO event(event_team, game_id) VALUES(3,237);
INSERT INTO goal(event_id, goal_minute) VALUES(1051, 63);
INSERT INTO event(event_team, game_id) VALUES(3,237);
INSERT INTO goal(event_id, goal_minute) VALUES(1052, 74);
INSERT INTO event(event_team, game_id) VALUES(3,237);
INSERT INTO goal(event_id, goal_minute) VALUES(1053, 90);
INSERT INTO game(game_date, home_team_goals, away_team_goals, game_stadium, game_season, game_referee) VALUES ('1548877500', 1, 1, 9, 1, 1);
INSERT INTO statistics(home_shots, away_shots, home_possession, away_possession, home_expected_goals, away_expected_goals) VALUES (10, 13, 58, 42, 1.47, 1.42);
INSERT INTO gameTeamStatistics(game_id, home_team_id, away_team_id, statistics_id) VALUES (238, 9, 20, 238);
INSERT INTO event(event_team, game_id) VALUES(9,238);
INSERT INTO yellow_card(event_id, yellow_cards_number) VALUES (1054, 2);
INSERT INTO event(event_team, game_id) VALUES(20,238);
INSERT INTO yellow_card(event_id, yellow_cards_number) VALUES (1055, 3);
INSERT INTO event(event_team, game_id) VALUES(20,238);
INSERT INTO red_card(event_id, red_cards_number) VALUES (1056, 1);
INSERT INTO event(event_team, game_id) VALUES(9,238);
INSERT INTO goal(event_id, goal_minute) VALUES(1057, 77);
INSERT INTO event(event_team, game_id) VALUES(20,238);
INSERT INTO goal(event_id, goal_minute) VALUES(1058, 77);
INSERT INTO game(game_date, home_team_goals, away_team_goals, game_stadium, game_season, game_referee) VALUES ('1548878400', 1, 1, 8, 1, 2);
INSERT INTO statistics(home_shots, away_shots, home_possession, away_possession, home_expected_goals, away_expected_goals) VALUES (9, 5, 72, 28, 1.51, 0.79);
INSERT INTO gameTeamStatistics(game_id, home_team_id, away_team_id, statistics_id) VALUES (239, 8, 13, 239);
INSERT INTO event(event_team, game_id) VALUES(8,239);
INSERT INTO yellow_card(event_id, yellow_cards_number) VALUES (1059, 1);
INSERT INTO event(event_team, game_id) VALUES(13,239);
INSERT INTO yellow_card(event_id, yellow_cards_number) VALUES (1060, 3);
INSERT INTO event(event_team, game_id) VALUES(8,239);
INSERT INTO goal(event_id, goal_minute) VALUES(1061, 3);
INSERT INTO event(event_team, game_id) VALUES(13,239);
INSERT INTO goal(event_id, goal_minute) VALUES(1062, 3);
INSERT INTO game(game_date, home_team_goals, away_team_goals, game_stadium, game_season, game_referee) VALUES ('1548878400', 2, 1, 20, 1, 9);
INSERT INTO statistics(home_shots, away_shots, home_possession, away_possession, home_expected_goals, away_expected_goals) VALUES (10, 7, 68, 32, 1.54, 0.82);
INSERT INTO gameTeamStatistics(game_id, home_team_id, away_team_id, statistics_id) VALUES (240, 14, 6, 240);
INSERT INTO event(event_team, game_id) VALUES(6,240);
INSERT INTO yellow_card(event_id, yellow_cards_number) VALUES (1063, 4);
INSERT INTO event(event_team, game_id) VALUES(14,240);
INSERT INTO goal(event_id, goal_minute) VALUES(1064, 80);
INSERT INTO event(event_team, game_id) VALUES(14,240);
INSERT INTO goal(event_id, goal_minute) VALUES(1065, 87);
INSERT INTO event(event_team, game_id) VALUES(6,240);
INSERT INTO goal(event_id, goal_minute) VALUES(1066, 80);
INSERT INTO event(event_team, game_id) VALUES(6,240);
INSERT INTO goal(event_id, goal_minute) VALUES(1067, 87);
INSERT INTO game(game_date, home_team_goals, away_team_goals, game_stadium, game_season, game_referee) VALUES ('1549110600', 1, 0, 20, 1, 1);
INSERT INTO statistics(home_shots, away_shots, home_possession, away_possession, home_expected_goals, away_expected_goals) VALUES (13, 6, 71, 29, 1.86, 0.78);
INSERT INTO gameTeamStatistics(game_id, home_team_id, away_team_id, statistics_id) VALUES (241, 14, 2, 241);
INSERT INTO event(event_team, game_id) VALUES(2,241);
INSERT INTO yellow_card(event_id, yellow_cards_number) VALUES (1068, 1);
INSERT INTO event(event_team, game_id) VALUES(14,241);
INSERT INTO goal(event_id, goal_minute) VALUES(1069, 83);
INSERT INTO game(game_date, home_team_goals, away_team_goals, game_stadium, game_season, game_referee) VALUES ('1549119600', 0, 0, 18, 1, 17);
INSERT INTO statistics(home_shots, away_shots, home_possession, away_possession, home_expected_goals, away_expected_goals) VALUES (18, 6, 55, 45, 2.10, 0.63);
INSERT INTO gameTeamStatistics(game_id, home_team_id, away_team_id, statistics_id) VALUES (242, 19, 6, 242);
INSERT INTO event(event_team, game_id) VALUES(19,242);
INSERT INTO yellow_card(event_id, yellow_cards_number) VALUES (1070, 1);
INSERT INTO game(game_date, home_team_goals, away_team_goals, game_stadium, game_season, game_referee) VALUES ('1549119600', 1, 1, 16, 1, 8);
INSERT INTO statistics(home_shots, away_shots, home_possession, away_possession, home_expected_goals, away_expected_goals) VALUES (10, 8, 54, 46, 1.61, 1.14);
INSERT INTO gameTeamStatistics(game_id, home_team_id, away_team_id, statistics_id) VALUES (243, 17, 9, 243);
INSERT INTO event(event_team, game_id) VALUES(17,243);
INSERT INTO yellow_card(event_id, yellow_cards_number) VALUES (1071, 3);
INSERT INTO event(event_team, game_id) VALUES(9,243);
INSERT INTO yellow_card(event_id, yellow_cards_number) VALUES (1072, 1);
INSERT INTO event(event_team, game_id) VALUES(17,243);
INSERT INTO goal(event_id, goal_minute) VALUES(1073, 90);
INSERT INTO event(event_team, game_id) VALUES(9,243);
INSERT INTO goal(event_id, goal_minute) VALUES(1074, 90);
INSERT INTO game(game_date, home_team_goals, away_team_goals, game_stadium, game_season, game_referee) VALUES ('1549119600', 5, 0, 15, 1, 13);
INSERT INTO statistics(home_shots, away_shots, home_possession, away_possession, home_expected_goals, away_expected_goals) VALUES (16, 4, 65, 35, 2.14, 0.76);
INSERT INTO gameTeamStatistics(game_id, home_team_id, away_team_id, statistics_id) VALUES (244, 16, 5, 244);
INSERT INTO event(event_team, game_id) VALUES(16,244);
INSERT INTO goal(event_id, goal_minute) VALUES(1075, 16);
INSERT INTO event(event_team, game_id) VALUES(16,244);
INSERT INTO goal(event_id, goal_minute) VALUES(1076, 45);
INSERT INTO event(event_team, game_id) VALUES(16,244);
INSERT INTO goal(event_id, goal_minute) VALUES(1077, 66);
INSERT INTO event(event_team, game_id) VALUES(16,244);
INSERT INTO goal(event_id, goal_minute) VALUES(1078, 69);
INSERT INTO event(event_team, game_id) VALUES(16,244);
INSERT INTO goal(event_id, goal_minute) VALUES(1079, 86);
INSERT INTO game(game_date, home_team_goals, away_team_goals, game_stadium, game_season, game_referee) VALUES ('1549119600', 2, 0, 19, 1, 10);
INSERT INTO statistics(home_shots, away_shots, home_possession, away_possession, home_expected_goals, away_expected_goals) VALUES (12, 8, 37, 63, 1.61, 0.88);
INSERT INTO gameTeamStatistics(game_id, home_team_id, away_team_id, statistics_id) VALUES (245, 20, 4, 245);
INSERT INTO event(event_team, game_id) VALUES(20,245);
INSERT INTO yellow_card(event_id, yellow_cards_number) VALUES (1080, 2);
INSERT INTO event(event_team, game_id) VALUES(4,245);
INSERT INTO yellow_card(event_id, yellow_cards_number) VALUES (1081, 3);
INSERT INTO event(event_team, game_id) VALUES(20,245);
INSERT INTO goal(event_id, goal_minute) VALUES(1082, 25);
INSERT INTO event(event_team, game_id) VALUES(20,245);
INSERT INTO goal(event_id, goal_minute) VALUES(1083, 87);
INSERT INTO game(game_date, home_team_goals, away_team_goals, game_stadium, game_season, game_referee) VALUES ('1549119600', 1, 3, 12, 1, 11);
INSERT INTO statistics(home_shots, away_shots, home_possession, away_possession, home_expected_goals, away_expected_goals) VALUES (7, 7, 64, 36, 1.19, 1.01);
INSERT INTO gameTeamStatistics(game_id, home_team_id, away_team_id, statistics_id) VALUES (246, 12, 7, 246);
INSERT INTO event(event_team, game_id) VALUES(12,246);
INSERT INTO yellow_card(event_id, yellow_cards_number) VALUES (1084, 3);
INSERT INTO event(event_team, game_id) VALUES(7,246);
INSERT INTO yellow_card(event_id, yellow_cards_number) VALUES (1085, 1);
INSERT INTO event(event_team, game_id) VALUES(12,246);
INSERT INTO goal(event_id, goal_minute) VALUES(1086, 27);
INSERT INTO event(event_team, game_id) VALUES(7,246);
INSERT INTO goal(event_id, goal_minute) VALUES(1087, 27);
INSERT INTO game(game_date, home_team_goals, away_team_goals, game_stadium, game_season, game_referee) VALUES ('1549128600', 2, 0, 11, 1, 6);
INSERT INTO statistics(home_shots, away_shots, home_possession, away_possession, home_expected_goals, away_expected_goals) VALUES (6, 8, 26, 74, 1.07, 1.20);
INSERT INTO gameTeamStatistics(game_id, home_team_id, away_team_id, statistics_id) VALUES (247, 11, 3, 247);
INSERT INTO event(event_team, game_id) VALUES(11,247);
INSERT INTO yellow_card(event_id, yellow_cards_number) VALUES (1088, 1);
INSERT INTO event(event_team, game_id) VALUES(3,247);
INSERT INTO yellow_card(event_id, yellow_cards_number) VALUES (1089, 2);
INSERT INTO event(event_team, game_id) VALUES(11,247);
INSERT INTO goal(event_id, goal_minute) VALUES(1090, 5);
INSERT INTO event(event_team, game_id) VALUES(11,247);
INSERT INTO goal(event_id, goal_minute) VALUES(1091, 46);
INSERT INTO game(game_date, home_team_goals, away_team_goals, game_stadium, game_season, game_referee) VALUES ('1549202700', 0, 1, 13, 1, 4);
INSERT INTO statistics(home_shots, away_shots, home_possession, away_possession, home_expected_goals, away_expected_goals) VALUES (15, 9, 44, 56, 1.90, 1.42);
INSERT INTO gameTeamStatistics(game_id, home_team_id, away_team_id, statistics_id) VALUES (248, 13, 1, 248);
INSERT INTO event(event_team, game_id) VALUES(13,248);
INSERT INTO yellow_card(event_id, yellow_cards_number) VALUES (1092, 4);
INSERT INTO event(event_team, game_id) VALUES(1,248);
INSERT INTO yellow_card(event_id, yellow_cards_number) VALUES (1093, 4);
INSERT INTO game(game_date, home_team_goals, away_team_goals, game_stadium, game_season, game_referee) VALUES ('1549211400', 3, 1, 17, 1, 2);
INSERT INTO statistics(home_shots, away_shots, home_possession, away_possession, home_expected_goals, away_expected_goals) VALUES (16, 3, 58, 42, 2.42, 0.55);
INSERT INTO gameTeamStatistics(game_id, home_team_id, away_team_id, statistics_id) VALUES (249, 18, 10, 249);
INSERT INTO event(event_team, game_id) VALUES(18,249);
INSERT INTO yellow_card(event_id, yellow_cards_number) VALUES (1094, 1);
INSERT INTO event(event_team, game_id) VALUES(10,249);
INSERT INTO yellow_card(event_id, yellow_cards_number) VALUES (1095, 1);
INSERT INTO event(event_team, game_id) VALUES(18,249);
INSERT INTO goal(event_id, goal_minute) VALUES(1096, 1);
INSERT INTO event(event_team, game_id) VALUES(18,249);
INSERT INTO goal(event_id, goal_minute) VALUES(1097, 44);
INSERT INTO event(event_team, game_id) VALUES(18,249);
INSERT INTO goal(event_id, goal_minute) VALUES(1098, 61);
INSERT INTO event(event_team, game_id) VALUES(10,249);
INSERT INTO goal(event_id, goal_minute) VALUES(1099, 1);
INSERT INTO event(event_team, game_id) VALUES(10,249);
INSERT INTO goal(event_id, goal_minute) VALUES(1100, 44);
INSERT INTO event(event_team, game_id) VALUES(10,249);
INSERT INTO goal(event_id, goal_minute) VALUES(1101, 61);
INSERT INTO game(game_date, home_team_goals, away_team_goals, game_stadium, game_season, game_referee) VALUES ('1549310400', 1, 1, 14, 1, 3);
INSERT INTO statistics(home_shots, away_shots, home_possession, away_possession, home_expected_goals, away_expected_goals) VALUES (10, 10, 26, 74, 1.09, 1.59);
INSERT INTO gameTeamStatistics(game_id, home_team_id, away_team_id, statistics_id) VALUES (250, 15, 8, 250);
INSERT INTO event(event_team, game_id) VALUES(15,250);
INSERT INTO yellow_card(event_id, yellow_cards_number) VALUES (1102, 1);
INSERT INTO event(event_team, game_id) VALUES(8,250);
INSERT INTO yellow_card(event_id, yellow_cards_number) VALUES (1103, 1);
INSERT INTO event(event_team, game_id) VALUES(15,250);
INSERT INTO goal(event_id, goal_minute) VALUES(1104, 28);
INSERT INTO event(event_team, game_id) VALUES(8,250);
INSERT INTO goal(event_id, goal_minute) VALUES(1105, 28);
INSERT INTO game(game_date, home_team_goals, away_team_goals, game_stadium, game_season, game_referee) VALUES ('1549482300', 0, 2, 12, 1, 7);
INSERT INTO statistics(home_shots, away_shots, home_possession, away_possession, home_expected_goals, away_expected_goals) VALUES (2, 9, 38, 62, 0.77, 1.43);
INSERT INTO gameTeamStatistics(game_id, home_team_id, away_team_id, statistics_id) VALUES (251, 12, 18, 251);
INSERT INTO event(event_team, game_id) VALUES(12,251);
INSERT INTO yellow_card(event_id, yellow_cards_number) VALUES (1106, 1);
INSERT INTO event(event_team, game_id) VALUES(18,251);
INSERT INTO yellow_card(event_id, yellow_cards_number) VALUES (1107, 1);
INSERT INTO game(game_date, home_team_goals, away_team_goals, game_stadium, game_season, game_referee) VALUES ('1549715400', 0, 3, 4, 1, 13);
INSERT INTO statistics(home_shots, away_shots, home_possession, away_possession, home_expected_goals, away_expected_goals) VALUES (11, 12, 51, 49, 1.42, 1.79);
INSERT INTO gameTeamStatistics(game_id, home_team_id, away_team_id, statistics_id) VALUES (252, 4, 1, 252);
INSERT INTO event(event_team, game_id) VALUES(4,252);
INSERT INTO yellow_card(event_id, yellow_cards_number) VALUES (1108, 3);
INSERT INTO event(event_team, game_id) VALUES(1,252);
INSERT INTO yellow_card(event_id, yellow_cards_number) VALUES (1109, 2);
INSERT INTO game(game_date, home_team_goals, away_team_goals, game_stadium, game_season, game_referee) VALUES ('1549724400', 1, 1, 19, 1, 7);
INSERT INTO statistics(home_shots, away_shots, home_possession, away_possession, home_expected_goals, away_expected_goals) VALUES (16, 5, 57, 43, 1.98, 1.07);
INSERT INTO gameTeamStatistics(game_id, home_team_id, away_team_id, statistics_id) VALUES (253, 20, 15, 253);
INSERT INTO event(event_team, game_id) VALUES(20,253);
INSERT INTO yellow_card(event_id, yellow_cards_number) VALUES (1110, 3);
INSERT INTO event(event_team, game_id) VALUES(20,253);
INSERT INTO goal(event_id, goal_minute) VALUES(1111, 76);
INSERT INTO event(event_team, game_id) VALUES(1,252);
INSERT INTO goal(event_id, goal_minute) VALUES(1112, 76);
INSERT INTO game(game_date, home_team_goals, away_team_goals, game_stadium, game_season, game_referee) VALUES ('1549724400', 1, 2, 5, 1, 6);
INSERT INTO statistics(home_shots, away_shots, home_possession, away_possession, home_expected_goals, away_expected_goals) VALUES (14, 9, 54, 46, 1.92, 1.09);
INSERT INTO gameTeamStatistics(game_id, home_team_id, away_team_id, statistics_id) VALUES (254, 5, 10, 254);
INSERT INTO event(event_team, game_id) VALUES(5,254);
INSERT INTO yellow_card(event_id, yellow_cards_number) VALUES (1113, 3);
INSERT INTO event(event_team, game_id) VALUES(10,254);
INSERT INTO yellow_card(event_id, yellow_cards_number) VALUES (1114, 2);
INSERT INTO event(event_team, game_id) VALUES(5,254);
INSERT INTO goal(event_id, goal_minute) VALUES(1115, 90);
INSERT INTO event(event_team, game_id) VALUES(10,254);
INSERT INTO goal(event_id, goal_minute) VALUES(1116, 90);
INSERT INTO game(game_date, home_team_goals, away_team_goals, game_stadium, game_season, game_referee) VALUES ('1549724400', 3, 0, 8, 1, 8);
INSERT INTO statistics(home_shots, away_shots, home_possession, away_possession, home_expected_goals, away_expected_goals) VALUES (16, 8, 65, 35, 2.29, 1.00);
INSERT INTO gameTeamStatistics(game_id, home_team_id, away_team_id, statistics_id) VALUES (255, 8, 3, 255);
INSERT INTO event(event_team, game_id) VALUES(8,255);
INSERT INTO yellow_card(event_id, yellow_cards_number) VALUES (1117, 2);
INSERT INTO event(event_team, game_id) VALUES(3,255);
INSERT INTO yellow_card(event_id, yellow_cards_number) VALUES (1118, 2);
INSERT INTO event(event_team, game_id) VALUES(8,255);
INSERT INTO goal(event_id, goal_minute) VALUES(1119, 24);
INSERT INTO event(event_team, game_id) VALUES(8,255);
INSERT INTO goal(event_id, goal_minute) VALUES(1120, 34);
INSERT INTO event(event_team, game_id) VALUES(8,255);
INSERT INTO goal(event_id, goal_minute) VALUES(1121, 48);
INSERT INTO game(game_date, home_team_goals, away_team_goals, game_stadium, game_season, game_referee) VALUES ('1549724400', 1, 2, 9, 1, 2);
INSERT INTO statistics(home_shots, away_shots, home_possession, away_possession, home_expected_goals, away_expected_goals) VALUES (13, 7, 66, 34, 1.86, 1.01);
INSERT INTO gameTeamStatistics(game_id, home_team_id, away_team_id, statistics_id) VALUES (256, 9, 11, 256);
INSERT INTO event(event_team, game_id) VALUES(9,256);
INSERT INTO yellow_card(event_id, yellow_cards_number) VALUES (1122, 3);
INSERT INTO event(event_team, game_id) VALUES(11,256);
INSERT INTO yellow_card(event_id, yellow_cards_number) VALUES (1123, 3);
INSERT INTO event(event_team, game_id) VALUES(9,256);
INSERT INTO goal(event_id, goal_minute) VALUES(1124, 90);
INSERT INTO event(event_team, game_id) VALUES(11,256);
INSERT INTO goal(event_id, goal_minute) VALUES(1125, 90);
INSERT INTO game(game_date, home_team_goals, away_team_goals, game_stadium, game_season, game_referee) VALUES ('1549724400', 1, 0, 6, 1, 14);
INSERT INTO statistics(home_shots, away_shots, home_possession, away_possession, home_expected_goals, away_expected_goals) VALUES (6, 9, 44, 56, 0.96, 1.29);
INSERT INTO gameTeamStatistics(game_id, home_team_id, away_team_id, statistics_id) VALUES (257, 6, 12, 257);
INSERT INTO event(event_team, game_id) VALUES(6,257);
INSERT INTO yellow_card(event_id, yellow_cards_number) VALUES (1126, 2);
INSERT INTO event(event_team, game_id) VALUES(12,257);
INSERT INTO yellow_card(event_id, yellow_cards_number) VALUES (1127, 1);
INSERT INTO event(event_team, game_id) VALUES(12,257);
INSERT INTO red_card(event_id, red_cards_number) VALUES (1128, 1);
INSERT INTO event(event_team, game_id) VALUES(6,257);
INSERT INTO goal(event_id, goal_minute) VALUES(1129, 65);
INSERT INTO game(game_date, home_team_goals, away_team_goals, game_stadium, game_season, game_referee) VALUES ('1549733400', 1, 3, 18, 1, 12);
INSERT INTO statistics(home_shots, away_shots, home_possession, away_possession, home_expected_goals, away_expected_goals) VALUES (11, 8, 68, 32, 1.81, 1.14);
INSERT INTO gameTeamStatistics(game_id, home_team_id, away_team_id, statistics_id) VALUES (258, 19, 17, 258);
INSERT INTO event(event_team, game_id) VALUES(19,258);
INSERT INTO yellow_card(event_id, yellow_cards_number) VALUES (1130, 1);
INSERT INTO event(event_team, game_id) VALUES(17,258);
INSERT INTO yellow_card(event_id, yellow_cards_number) VALUES (1131, 1);
INSERT INTO event(event_team, game_id) VALUES(19,258);
INSERT INTO goal(event_id, goal_minute) VALUES(1132, 76);
INSERT INTO event(event_team, game_id) VALUES(17,258);
INSERT INTO goal(event_id, goal_minute) VALUES(1133, 76);
INSERT INTO game(game_date, home_team_goals, away_team_goals, game_stadium, game_season, game_referee) VALUES ('1549805400', 3, 1, 20, 1, 10);
INSERT INTO statistics(home_shots, away_shots, home_possession, away_possession, home_expected_goals, away_expected_goals) VALUES (8, 19, 53, 47, 1.21, 2.32);
INSERT INTO gameTeamStatistics(game_id, home_team_id, away_team_id, statistics_id) VALUES (259, 14, 13, 259);
INSERT INTO event(event_team, game_id) VALUES(14,259);
INSERT INTO yellow_card(event_id, yellow_cards_number) VALUES (1134, 3);
INSERT INTO event(event_team, game_id) VALUES(13,259);
INSERT INTO yellow_card(event_id, yellow_cards_number) VALUES (1135, 1);
INSERT INTO event(event_team, game_id) VALUES(14,259);
INSERT INTO goal(event_id, goal_minute) VALUES(1136, 33);
INSERT INTO event(event_team, game_id) VALUES(14,259);
INSERT INTO goal(event_id, goal_minute) VALUES(1137, 63);
INSERT INTO event(event_team, game_id) VALUES(14,259);
INSERT INTO goal(event_id, goal_minute) VALUES(1138, 90);
INSERT INTO event(event_team, game_id) VALUES(13,259);
INSERT INTO goal(event_id, goal_minute) VALUES(1139, 33);
INSERT INTO event(event_team, game_id) VALUES(13,259);
INSERT INTO goal(event_id, goal_minute) VALUES(1140, 63);
INSERT INTO event(event_team, game_id) VALUES(13,259);
INSERT INTO goal(event_id, goal_minute) VALUES(1141, 90);
INSERT INTO game(game_date, home_team_goals, away_team_goals, game_stadium, game_season, game_referee) VALUES ('1549814400', 6, 0, 17, 1, 4);
INSERT INTO statistics(home_shots, away_shots, home_possession, away_possession, home_expected_goals, away_expected_goals) VALUES (15, 8, 55, 45, 1.98, 1.24);
INSERT INTO gameTeamStatistics(game_id, home_team_id, away_team_id, statistics_id) VALUES (260, 18, 16, 260);
INSERT INTO event(event_team, game_id) VALUES(18,260);
INSERT INTO yellow_card(event_id, yellow_cards_number) VALUES (1142, 1);
INSERT INTO event(event_team, game_id) VALUES(16,260);
INSERT INTO yellow_card(event_id, yellow_cards_number) VALUES (1143, 2);
INSERT INTO event(event_team, game_id) VALUES(18,260);
INSERT INTO goal(event_id, goal_minute) VALUES(1144, 4);
INSERT INTO event(event_team, game_id) VALUES(18,260);
INSERT INTO goal(event_id, goal_minute) VALUES(1145, 13);
INSERT INTO event(event_team, game_id) VALUES(18,260);
INSERT INTO goal(event_id, goal_minute) VALUES(1146, 19);
INSERT INTO event(event_team, game_id) VALUES(18,260);
INSERT INTO goal(event_id, goal_minute) VALUES(1147, 25);
INSERT INTO event(event_team, game_id) VALUES(18,260);
INSERT INTO goal(event_id, goal_minute) VALUES(1148, 56);
INSERT INTO event(event_team, game_id) VALUES(18,260);
INSERT INTO goal(event_id, goal_minute) VALUES(1149, 80);
INSERT INTO game(game_date, home_team_goals, away_team_goals, game_stadium, game_season, game_referee) VALUES ('1549915200', 1, 1, 7, 1, 9);
INSERT INTO statistics(home_shots, away_shots, home_possession, away_possession, home_expected_goals, away_expected_goals) VALUES (15, 6, 59, 41, 1.96, 0.85);
INSERT INTO gameTeamStatistics(game_id, home_team_id, away_team_id, statistics_id) VALUES (261, 7, 2, 261);
INSERT INTO event(event_team, game_id) VALUES(7,261);
INSERT INTO yellow_card(event_id, yellow_cards_number) VALUES (1150, 1);
INSERT INTO event(event_team, game_id) VALUES(2,261);
INSERT INTO yellow_card(event_id, yellow_cards_number) VALUES (1151, 3);
INSERT INTO event(event_team, game_id) VALUES(7,261);
INSERT INTO goal(event_id, goal_minute) VALUES(1152, 90);
INSERT INTO event(event_team, game_id) VALUES(2,261);
INSERT INTO goal(event_id, goal_minute) VALUES(1153, 90);
INSERT INTO game(game_date, home_team_goals, away_team_goals, game_stadium, game_season, game_referee) VALUES ('1550864700', 1, 5, 11, 1, 17);
INSERT INTO statistics(home_shots, away_shots, home_possession, away_possession, home_expected_goals, away_expected_goals) VALUES (12, 12, 35, 65, 1.57, 1.62);
INSERT INTO gameTeamStatistics(game_id, home_team_id, away_team_id, statistics_id) VALUES (262, 11, 6, 262);
INSERT INTO event(event_team, game_id) VALUES(11,262);
INSERT INTO yellow_card(event_id, yellow_cards_number) VALUES (1154, 1);
INSERT INTO event(event_team, game_id) VALUES(6,262);
INSERT INTO yellow_card(event_id, yellow_cards_number) VALUES (1155, 2);
INSERT INTO event(event_team, game_id) VALUES(11,262);
INSERT INTO goal(event_id, goal_minute) VALUES(1156, 82);
INSERT INTO event(event_team, game_id) VALUES(6,262);
INSERT INTO goal(event_id, goal_minute) VALUES(1157, 82);
INSERT INTO game(game_date, home_team_goals, away_team_goals, game_stadium, game_season, game_referee) VALUES ('1550864700', 3, 1, 14, 1, 11);
INSERT INTO statistics(home_shots, away_shots, home_possession, away_possession, home_expected_goals, away_expected_goals) VALUES (17, 8, 55, 45, 2.15, 1.15);
INSERT INTO gameTeamStatistics(game_id, home_team_id, away_team_id, statistics_id) VALUES (263, 15, 4, 263);
INSERT INTO event(event_team, game_id) VALUES(15,263);
INSERT INTO yellow_card(event_id, yellow_cards_number) VALUES (1158, 1);
INSERT INTO event(event_team, game_id) VALUES(4,263);
INSERT INTO yellow_card(event_id, yellow_cards_number) VALUES (1159, 1);
INSERT INTO event(event_team, game_id) VALUES(15,263);
INSERT INTO goal(event_id, goal_minute) VALUES(1160, 29);
INSERT INTO event(event_team, game_id) VALUES(15,263);
INSERT INTO goal(event_id, goal_minute) VALUES(1161, 40);
INSERT INTO event(event_team, game_id) VALUES(15,263);
INSERT INTO goal(event_id, goal_minute) VALUES(1162, 90);
INSERT INTO event(event_team, game_id) VALUES(4,263);
INSERT INTO goal(event_id, goal_minute) VALUES(1163, 29);
INSERT INTO event(event_team, game_id) VALUES(4,263);
INSERT INTO goal(event_id, goal_minute) VALUES(1164, 40);
INSERT INTO event(event_team, game_id) VALUES(4,263);
INSERT INTO goal(event_id, goal_minute) VALUES(1165, 90);
INSERT INTO game(game_date, home_team_goals, away_team_goals, game_stadium, game_season, game_referee) VALUES ('1550925000', 2, 1, 16, 1, 4);
INSERT INTO statistics(home_shots, away_shots, home_possession, away_possession, home_expected_goals, away_expected_goals) VALUES (8, 12, 30, 70, 1.28, 1.75);
INSERT INTO gameTeamStatistics(game_id, home_team_id, away_team_id, statistics_id) VALUES (264, 17, 14, 264);
INSERT INTO event(event_team, game_id) VALUES(17,264);
INSERT INTO yellow_card(event_id, yellow_cards_number) VALUES (1166, 1);
INSERT INTO event(event_team, game_id) VALUES(14,264);
INSERT INTO yellow_card(event_id, yellow_cards_number) VALUES (1167, 3);
INSERT INTO event(event_team, game_id) VALUES(17,264);
INSERT INTO goal(event_id, goal_minute) VALUES(1168, 57);
INSERT INTO event(event_team, game_id) VALUES(17,264);
INSERT INTO goal(event_id, goal_minute) VALUES(1169, 83);
INSERT INTO event(event_team, game_id) VALUES(14,264);
INSERT INTO goal(event_id, goal_minute) VALUES(1170, 57);
INSERT INTO event(event_team, game_id) VALUES(14,264);
INSERT INTO goal(event_id, goal_minute) VALUES(1171, 83);
INSERT INTO game(game_date, home_team_goals, away_team_goals, game_stadium, game_season, game_referee) VALUES ('1550934000', 1, 1, 3, 1, 16);
INSERT INTO statistics(home_shots, away_shots, home_possession, away_possession, home_expected_goals, away_expected_goals) VALUES (9, 8, 44, 56, 1.29, 1.11);
INSERT INTO gameTeamStatistics(game_id, home_team_id, away_team_id, statistics_id) VALUES (265, 3, 7, 265);
INSERT INTO event(event_team, game_id) VALUES(3,265);
INSERT INTO yellow_card(event_id, yellow_cards_number) VALUES (1172, 4);
INSERT INTO event(event_team, game_id) VALUES(7,265);
INSERT INTO yellow_card(event_id, yellow_cards_number) VALUES (1173, 5);
INSERT INTO event(event_team, game_id) VALUES(3,265);
INSERT INTO goal(event_id, goal_minute) VALUES(1174, 14);
INSERT INTO event(event_team, game_id) VALUES(7,265);
INSERT INTO goal(event_id, goal_minute) VALUES(1175, 14);
INSERT INTO game(game_date, home_team_goals, away_team_goals, game_stadium, game_season, game_referee) VALUES ('1550934000', 2, 0, 2, 1, 3);
INSERT INTO statistics(home_shots, away_shots, home_possession, away_possession, home_expected_goals, away_expected_goals) VALUES (24, 2, 54, 46, 2.99, 0.37);
INSERT INTO gameTeamStatistics(game_id, home_team_id, away_team_id, statistics_id) VALUES (266, 2, 5, 266);
INSERT INTO event(event_team, game_id) VALUES(2,266);
INSERT INTO yellow_card(event_id, yellow_cards_number) VALUES (1176, 2);
INSERT INTO event(event_team, game_id) VALUES(5,266);
INSERT INTO red_card(event_id, red_cards_number) VALUES (1177, 1);
INSERT INTO event(event_team, game_id) VALUES(2,266);
INSERT INTO goal(event_id, goal_minute) VALUES(1178, 46);
INSERT INTO event(event_team, game_id) VALUES(2,266);
INSERT INTO goal(event_id, goal_minute) VALUES(1179, 52);
INSERT INTO game(game_date, home_team_goals, away_team_goals, game_stadium, game_season, game_referee) VALUES ('1550943000', 1, 4, 13, 1, 8);
INSERT INTO statistics(home_shots, away_shots, home_possession, away_possession, home_expected_goals, away_expected_goals) VALUES (16, 8, 65, 35, 2.06, 1.15);
INSERT INTO gameTeamStatistics(game_id, home_team_id, away_team_id, statistics_id) VALUES (267, 13, 20, 267);
INSERT INTO event(event_team, game_id) VALUES(13,267);
INSERT INTO yellow_card(event_id, yellow_cards_number) VALUES (1180, 2);
INSERT INTO event(event_team, game_id) VALUES(20,267);
INSERT INTO yellow_card(event_id, yellow_cards_number) VALUES (1181, 1);
INSERT INTO event(event_team, game_id) VALUES(13,267);
INSERT INTO goal(event_id, goal_minute) VALUES(1182, 64);
INSERT INTO event(event_team, game_id) VALUES(20,267);
INSERT INTO goal(event_id, goal_minute) VALUES(1183, 64);
INSERT INTO game(game_date, home_team_goals, away_team_goals, game_stadium, game_season, game_referee) VALUES ('1551017100', 2, 0, 10, 1, 9);
INSERT INTO statistics(home_shots, away_shots, home_possession, away_possession, home_expected_goals, away_expected_goals) VALUES (9, 8, 62, 38, 1.40, 1.28);
INSERT INTO gameTeamStatistics(game_id, home_team_id, away_team_id, statistics_id) VALUES (268, 10, 9, 268);
INSERT INTO event(event_team, game_id) VALUES(10,268);
INSERT INTO goal(event_id, goal_minute) VALUES(1184, 6);
INSERT INTO event(event_team, game_id) VALUES(10,268);
INSERT INTO goal(event_id, goal_minute) VALUES(1185, 17);
INSERT INTO game(game_date, home_team_goals, away_team_goals, game_stadium, game_season, game_referee) VALUES ('1551017100', 0, 0, 1, 1, 10);
INSERT INTO statistics(home_shots, away_shots, home_possession, away_possession, home_expected_goals, away_expected_goals) VALUES (5, 6, 35, 65, 0.76, 1.07);
INSERT INTO gameTeamStatistics(game_id, home_team_id, away_team_id, statistics_id) VALUES (269, 1, 8, 269);
INSERT INTO event(event_team, game_id) VALUES(1,269);
INSERT INTO yellow_card(event_id, yellow_cards_number) VALUES (1186, 1);
INSERT INTO event(event_team, game_id) VALUES(8,269);
INSERT INTO yellow_card(event_id, yellow_cards_number) VALUES (1187, 3);
INSERT INTO game(game_date, home_team_goals, away_team_goals, game_stadium, game_season, game_referee) VALUES ('1551210300', 0, 3, 11, 1, 3);
INSERT INTO statistics(home_shots, away_shots, home_possession, away_possession, home_expected_goals, away_expected_goals) VALUES (6, 10, 32, 68, 0.85, 1.35);
INSERT INTO gameTeamStatistics(game_id, home_team_id, away_team_id, statistics_id) VALUES (270, 11, 12, 270);
INSERT INTO event(event_team, game_id) VALUES(11,270);
INSERT INTO yellow_card(event_id, yellow_cards_number) VALUES (1188, 3);
INSERT INTO event(event_team, game_id) VALUES(12,270);
INSERT INTO yellow_card(event_id, yellow_cards_number) VALUES (1189, 1);
INSERT INTO game(game_date, home_team_goals, away_team_goals, game_stadium, game_season, game_referee) VALUES ('1551210300', 1, 0, 5, 1, 15);
INSERT INTO statistics(home_shots, away_shots, home_possession, away_possession, home_expected_goals, away_expected_goals) VALUES (13, 6, 49, 51, 1.44, 0.77);
INSERT INTO gameTeamStatistics(game_id, home_team_id, away_team_id, statistics_id) VALUES (271, 5, 7, 271);
INSERT INTO event(event_team, game_id) VALUES(5,271);
INSERT INTO yellow_card(event_id, yellow_cards_number) VALUES (1190, 2);
INSERT INTO event(event_team, game_id) VALUES(7,271);
INSERT INTO yellow_card(event_id, yellow_cards_number) VALUES (1191, 2);
INSERT INTO event(event_team, game_id) VALUES(5,271);
INSERT INTO goal(event_id, goal_minute) VALUES(1192, 90);
INSERT INTO game(game_date, home_team_goals, away_team_goals, game_stadium, game_season, game_referee) VALUES ('1551210300', 2, 1, 13, 1, 14);
INSERT INTO statistics(home_shots, away_shots, home_possession, away_possession, home_expected_goals, away_expected_goals) VALUES (13, 13, 49, 51, 1.44, 1.58);
INSERT INTO gameTeamStatistics(game_id, home_team_id, away_team_id, statistics_id) VALUES (272, 13, 19, 272);
INSERT INTO event(event_team, game_id) VALUES(13,272);
INSERT INTO yellow_card(event_id, yellow_cards_number) VALUES (1193, 1);
INSERT INTO event(event_team, game_id) VALUES(19,272);
INSERT INTO yellow_card(event_id, yellow_cards_number) VALUES (1194, 1);
INSERT INTO event(event_team, game_id) VALUES(13,272);
INSERT INTO goal(event_id, goal_minute) VALUES(1195, 10);
INSERT INTO event(event_team, game_id) VALUES(13,272);
INSERT INTO goal(event_id, goal_minute) VALUES(1196, 63);
INSERT INTO event(event_team, game_id) VALUES(19,272);
INSERT INTO goal(event_id, goal_minute) VALUES(1197, 10);
INSERT INTO event(event_team, game_id) VALUES(19,272);
INSERT INTO goal(event_id, goal_minute) VALUES(1198, 63);
INSERT INTO game(game_date, home_team_goals, away_team_goals, game_stadium, game_season, game_referee) VALUES ('1551211200', 2, 0, 2, 1, 7);
INSERT INTO statistics(home_shots, away_shots, home_possession, away_possession, home_expected_goals, away_expected_goals) VALUES (13, 9, 54, 46, 1.36, 1.21);
INSERT INTO gameTeamStatistics(game_id, home_team_id, away_team_id, statistics_id) VALUES (273, 2, 17, 273);
INSERT INTO event(event_team, game_id) VALUES(2,273);
INSERT INTO yellow_card(event_id, yellow_cards_number) VALUES (1199, 1);
INSERT INTO event(event_team, game_id) VALUES(17,273);
INSERT INTO yellow_card(event_id, yellow_cards_number) VALUES (1200, 3);
INSERT INTO event(event_team, game_id) VALUES(2,273);
INSERT INTO goal(event_id, goal_minute) VALUES(1201, 24);
INSERT INTO event(event_team, game_id) VALUES(2,273);
INSERT INTO goal(event_id, goal_minute) VALUES(1202, 38);
INSERT INTO game(game_date, home_team_goals, away_team_goals, game_stadium, game_season, game_referee) VALUES ('1551296700', 5, 1, 10, 1, 5);
INSERT INTO statistics(home_shots, away_shots, home_possession, away_possession, home_expected_goals, away_expected_goals) VALUES (12, 9, 64, 36, 1.82, 1.25);
INSERT INTO gameTeamStatistics(game_id, home_team_id, away_team_id, statistics_id) VALUES (274, 10, 3, 274);
INSERT INTO event(event_team, game_id) VALUES(10,274);
INSERT INTO yellow_card(event_id, yellow_cards_number) VALUES (1203, 2);
INSERT INTO event(event_team, game_id) VALUES(3,274);
INSERT INTO yellow_card(event_id, yellow_cards_number) VALUES (1204, 2);
INSERT INTO event(event_team, game_id) VALUES(10,274);
INSERT INTO goal(event_id, goal_minute) VALUES(1205, 4);
INSERT INTO event(event_team, game_id) VALUES(10,274);
INSERT INTO goal(event_id, goal_minute) VALUES(1206, 27);
INSERT INTO event(event_team, game_id) VALUES(10,274);
INSERT INTO goal(event_id, goal_minute) VALUES(1207, 47);
INSERT INTO event(event_team, game_id) VALUES(10,274);
INSERT INTO goal(event_id, goal_minute) VALUES(1208, 59);
INSERT INTO event(event_team, game_id) VALUES(10,274);
INSERT INTO goal(event_id, goal_minute) VALUES(1209, 78);
INSERT INTO event(event_team, game_id) VALUES(3,274);
INSERT INTO goal(event_id, goal_minute) VALUES(1210, 4);
INSERT INTO event(event_team, game_id) VALUES(3,274);
INSERT INTO goal(event_id, goal_minute) VALUES(1211, 27);
INSERT INTO event(event_team, game_id) VALUES(3,274);
INSERT INTO goal(event_id, goal_minute) VALUES(1212, 47);
INSERT INTO event(event_team, game_id) VALUES(3,274);
INSERT INTO goal(event_id, goal_minute) VALUES(1213, 59);
INSERT INTO event(event_team, game_id) VALUES(3,274);
INSERT INTO goal(event_id, goal_minute) VALUES(1214, 78);
INSERT INTO game(game_date, home_team_goals, away_team_goals, game_stadium, game_season, game_referee) VALUES ('1551296700', 2, 0, 9, 1, 8);
INSERT INTO statistics(home_shots, away_shots, home_possession, away_possession, home_expected_goals, away_expected_goals) VALUES (12, 9, 40, 60, 1.49, 1.19);
INSERT INTO gameTeamStatistics(game_id, home_team_id, away_team_id, statistics_id) VALUES (275, 9, 4, 275);
INSERT INTO event(event_team, game_id) VALUES(4,275);
INSERT INTO yellow_card(event_id, yellow_cards_number) VALUES (1215, 1);
INSERT INTO event(event_team, game_id) VALUES(9,275);
INSERT INTO goal(event_id, goal_minute) VALUES(1216, 23);
INSERT INTO event(event_team, game_id) VALUES(9,275);
INSERT INTO goal(event_id, goal_minute) VALUES(1217, 40);
INSERT INTO game(game_date, home_team_goals, away_team_goals, game_stadium, game_season, game_referee) VALUES ('1551297600', 1, 3, 19, 1, 2);
INSERT INTO statistics(home_shots, away_shots, home_possession, away_possession, home_expected_goals, away_expected_goals) VALUES (14, 10, 45, 55, 1.48, 1.32);
INSERT INTO gameTeamStatistics(game_id, home_team_id, away_team_id, statistics_id) VALUES (276, 20, 1, 276);
INSERT INTO event(event_team, game_id) VALUES(20,276);
INSERT INTO yellow_card(event_id, yellow_cards_number) VALUES (1218, 2);
INSERT INTO event(event_team, game_id) VALUES(1,276);
INSERT INTO yellow_card(event_id, yellow_cards_number) VALUES (1219, 3);
INSERT INTO event(event_team, game_id) VALUES(20,276);
INSERT INTO goal(event_id, goal_minute) VALUES(1220, 66);
INSERT INTO event(event_team, game_id) VALUES(1,276);
INSERT INTO goal(event_id, goal_minute) VALUES(1221, 66);
INSERT INTO game(game_date, home_team_goals, away_team_goals, game_stadium, game_season, game_referee) VALUES ('1551297600', 2, 0, 15, 1, 1);
INSERT INTO statistics(home_shots, away_shots, home_possession, away_possession, home_expected_goals, away_expected_goals) VALUES (10, 6, 46, 54, 1.05, 0.82);
INSERT INTO gameTeamStatistics(game_id, home_team_id, away_team_id, statistics_id) VALUES (277, 16, 14, 277);
INSERT INTO event(event_team, game_id) VALUES(16,277);
INSERT INTO yellow_card(event_id, yellow_cards_number) VALUES (1222, 1);
INSERT INTO event(event_team, game_id) VALUES(14,277);
INSERT INTO yellow_card(event_id, yellow_cards_number) VALUES (1223, 1);
INSERT INTO event(event_team, game_id) VALUES(16,277);
INSERT INTO goal(event_id, goal_minute) VALUES(1224, 57);
INSERT INTO event(event_team, game_id) VALUES(16,277);
INSERT INTO goal(event_id, goal_minute) VALUES(1225, 84);
INSERT INTO game(game_date, home_team_goals, away_team_goals, game_stadium, game_season, game_referee) VALUES ('1551297600', 5, 0, 8, 1, 9);
INSERT INTO statistics(home_shots, away_shots, home_possession, away_possession, home_expected_goals, away_expected_goals) VALUES (15, 5, 61, 39, 2.31, 0.83);
INSERT INTO gameTeamStatistics(game_id, home_team_id, away_team_id, statistics_id) VALUES (278, 8, 6, 278);
INSERT INTO event(event_team, game_id) VALUES(6,278);
INSERT INTO yellow_card(event_id, yellow_cards_number) VALUES (1226, 2);
INSERT INTO event(event_team, game_id) VALUES(8,278);
INSERT INTO goal(event_id, goal_minute) VALUES(1227, 9);
INSERT INTO event(event_team, game_id) VALUES(8,278);
INSERT INTO goal(event_id, goal_minute) VALUES(1228, 20);
INSERT INTO event(event_team, game_id) VALUES(8,278);
INSERT INTO goal(event_id, goal_minute) VALUES(1229, 66);
INSERT INTO event(event_team, game_id) VALUES(8,278);
INSERT INTO goal(event_id, goal_minute) VALUES(1230, 79);
INSERT INTO event(event_team, game_id) VALUES(8,278);
INSERT INTO goal(event_id, goal_minute) VALUES(1231, 82);
INSERT INTO game(game_date, home_team_goals, away_team_goals, game_stadium, game_season, game_referee) VALUES ('1551297600', 1, 0, 17, 1, 12);
INSERT INTO statistics(home_shots, away_shots, home_possession, away_possession, home_expected_goals, away_expected_goals) VALUES (18, 3, 75, 25, 2.51, 0.48);
INSERT INTO gameTeamStatistics(game_id, home_team_id, away_team_id, statistics_id) VALUES (279, 18, 15, 279);
INSERT INTO event(event_team, game_id) VALUES(15,279);
INSERT INTO yellow_card(event_id, yellow_cards_number) VALUES (1232, 2);
INSERT INTO event(event_team, game_id) VALUES(18,279);
INSERT INTO goal(event_id, goal_minute) VALUES(1233, 59);
INSERT INTO game(game_date, home_team_goals, away_team_goals, game_stadium, game_season, game_referee) VALUES ('1551529800', 1, 1, 20, 1, 8);
INSERT INTO statistics(home_shots, away_shots, home_possession, away_possession, home_expected_goals, away_expected_goals) VALUES (11, 7, 60, 40, 1.32, 1.10);
INSERT INTO gameTeamStatistics(game_id, home_team_id, away_team_id, statistics_id) VALUES (280, 14, 10, 280);
INSERT INTO event(event_team, game_id) VALUES(14,280);
INSERT INTO yellow_card(event_id, yellow_cards_number) VALUES (1234, 3);
INSERT INTO event(event_team, game_id) VALUES(10,280);
INSERT INTO yellow_card(event_id, yellow_cards_number) VALUES (1235, 2);
INSERT INTO event(event_team, game_id) VALUES(10,280);
INSERT INTO red_card(event_id, red_cards_number) VALUES (1236, 1);
INSERT INTO event(event_team, game_id) VALUES(14,280);
INSERT INTO goal(event_id, goal_minute) VALUES(1237, 74);
INSERT INTO event(event_team, game_id) VALUES(10,280);
INSERT INTO goal(event_id, goal_minute) VALUES(1238, 74);
INSERT INTO game(game_date, home_team_goals, away_team_goals, game_stadium, game_season, game_referee) VALUES ('1551538800', 0, 1, 3, 1, 3);
INSERT INTO statistics(home_shots, away_shots, home_possession, away_possession, home_expected_goals, away_expected_goals) VALUES (0, 18, 18, 82, 0.11, 2.36);
INSERT INTO gameTeamStatistics(game_id, home_team_id, away_team_id, statistics_id) VALUES (281, 3, 18, 281);
INSERT INTO event(event_team, game_id) VALUES(3,281);
INSERT INTO yellow_card(event_id, yellow_cards_number) VALUES (1239, 1);
INSERT INTO event(event_team, game_id) VALUES(18,281);
INSERT INTO yellow_card(event_id, yellow_cards_number) VALUES (1240, 2);
INSERT INTO game(game_date, home_team_goals, away_team_goals, game_stadium, game_season, game_referee) VALUES ('1551538800', 1, 0, 18, 1, 4);
INSERT INTO statistics(home_shots, away_shots, home_possession, away_possession, home_expected_goals, away_expected_goals) VALUES (11, 5, 52, 48, 1.53, 0.87);
INSERT INTO gameTeamStatistics(game_id, home_team_id, away_team_id, statistics_id) VALUES (282, 19, 5, 282);
INSERT INTO event(event_team, game_id) VALUES(19,282);
INSERT INTO yellow_card(event_id, yellow_cards_number) VALUES (1241, 2);
INSERT INTO event(event_team, game_id) VALUES(5,282);
INSERT INTO yellow_card(event_id, yellow_cards_number) VALUES (1242, 2);
INSERT INTO event(event_team, game_id) VALUES(19,282);
INSERT INTO goal(event_id, goal_minute) VALUES(1243, 79);
INSERT INTO game(game_date, home_team_goals, away_team_goals, game_stadium, game_season, game_referee) VALUES ('1551538800', 1, 3, 16, 1, 14);
INSERT INTO statistics(home_shots, away_shots, home_possession, away_possession, home_expected_goals, away_expected_goals) VALUES (15, 9, 56, 44, 1.86, 1.19);
INSERT INTO gameTeamStatistics(game_id, home_team_id, away_team_id, statistics_id) VALUES (283, 17, 20, 283);
INSERT INTO event(event_team, game_id) VALUES(17,283);
INSERT INTO yellow_card(event_id, yellow_cards_number) VALUES (1244, 1);
INSERT INTO event(event_team, game_id) VALUES(20,283);
INSERT INTO yellow_card(event_id, yellow_cards_number) VALUES (1245, 2);
INSERT INTO event(event_team, game_id) VALUES(17,283);
INSERT INTO goal(event_id, goal_minute) VALUES(1246, 90);
INSERT INTO event(event_team, game_id) VALUES(20,283);
INSERT INTO goal(event_id, goal_minute) VALUES(1247, 90);
INSERT INTO game(game_date, home_team_goals, away_team_goals, game_stadium, game_season, game_referee) VALUES ('1551538800', 3, 2, 1, 1, 12);
INSERT INTO statistics(home_shots, away_shots, home_possession, away_possession, home_expected_goals, away_expected_goals) VALUES (16, 8, 64, 36, 1.88, 1.16);
INSERT INTO gameTeamStatistics(game_id, home_team_id, away_team_id, statistics_id) VALUES (284, 1, 9, 284);
INSERT INTO event(event_team, game_id) VALUES(1,284);
INSERT INTO yellow_card(event_id, yellow_cards_number) VALUES (1248, 2);
INSERT INTO event(event_team, game_id) VALUES(9,284);
INSERT INTO yellow_card(event_id, yellow_cards_number) VALUES (1249, 1);
INSERT INTO event(event_team, game_id) VALUES(1,284);
INSERT INTO goal(event_id, goal_minute) VALUES(1250, 53);
INSERT INTO event(event_team, game_id) VALUES(1,284);
INSERT INTO goal(event_id, goal_minute) VALUES(1251, 59);
INSERT INTO event(event_team, game_id) VALUES(1,284);
INSERT INTO goal(event_id, goal_minute) VALUES(1252, 88);
INSERT INTO event(event_team, game_id) VALUES(9,284);
INSERT INTO goal(event_id, goal_minute) VALUES(1253, 53);
INSERT INTO event(event_team, game_id) VALUES(9,284);
INSERT INTO goal(event_id, goal_minute) VALUES(1254, 59);
INSERT INTO event(event_team, game_id) VALUES(9,284);
INSERT INTO goal(event_id, goal_minute) VALUES(1255, 88);
INSERT INTO game(game_date, home_team_goals, away_team_goals, game_stadium, game_season, game_referee) VALUES ('1551538800', 2, 0, 7, 1, 1);
INSERT INTO statistics(home_shots, away_shots, home_possession, away_possession, home_expected_goals, away_expected_goals) VALUES (12, 9, 56, 44, 1.49, 1.54);
INSERT INTO gameTeamStatistics(game_id, home_team_id, away_team_id, statistics_id) VALUES (285, 7, 11, 285);
INSERT INTO event(event_team, game_id) VALUES(7,285);
INSERT INTO yellow_card(event_id, yellow_cards_number) VALUES (1256, 1);
INSERT INTO event(event_team, game_id) VALUES(11,285);
INSERT INTO yellow_card(event_id, yellow_cards_number) VALUES (1257, 2);
INSERT INTO event(event_team, game_id) VALUES(7,285);
INSERT INTO goal(event_id, goal_minute) VALUES(1258, 16);
INSERT INTO event(event_team, game_id) VALUES(7,285);
INSERT INTO goal(event_id, goal_minute) VALUES(1259, 18);
INSERT INTO game(game_date, home_team_goals, away_team_goals, game_stadium, game_season, game_referee) VALUES ('1551547800', 2, 0, 14, 1, 5);
INSERT INTO statistics(home_shots, away_shots, home_possession, away_possession, home_expected_goals, away_expected_goals) VALUES (8, 9, 55, 45, 1.17, 1.05);
INSERT INTO gameTeamStatistics(game_id, home_team_id, away_team_id, statistics_id) VALUES (286, 15, 2, 286);
INSERT INTO event(event_team, game_id) VALUES(15,286);
INSERT INTO yellow_card(event_id, yellow_cards_number) VALUES (1260, 3);
INSERT INTO event(event_team, game_id) VALUES(2,286);
INSERT INTO yellow_card(event_id, yellow_cards_number) VALUES (1261, 4);
INSERT INTO event(event_team, game_id) VALUES(15,286);
INSERT INTO goal(event_id, goal_minute) VALUES(1262, 7);
INSERT INTO event(event_team, game_id) VALUES(15,286);
INSERT INTO goal(event_id, goal_minute) VALUES(1263, 42);
INSERT INTO game(game_date, home_team_goals, away_team_goals, game_stadium, game_season, game_referee) VALUES ('1551614400', 2, 1, 6, 1, 6);
INSERT INTO statistics(home_shots, away_shots, home_possession, away_possession, home_expected_goals, away_expected_goals) VALUES (6, 9, 39, 61, 1.09, 1.29);
INSERT INTO gameTeamStatistics(game_id, home_team_id, away_team_id, statistics_id) VALUES (287, 6, 13, 287);
INSERT INTO event(event_team, game_id) VALUES(6,287);
INSERT INTO yellow_card(event_id, yellow_cards_number) VALUES (1264, 5);
INSERT INTO event(event_team, game_id) VALUES(13,287);
INSERT INTO yellow_card(event_id, yellow_cards_number) VALUES (1265, 1);
INSERT INTO event(event_team, game_id) VALUES(6,287);
INSERT INTO goal(event_id, goal_minute) VALUES(1266, 5);
INSERT INTO event(event_team, game_id) VALUES(6,287);
INSERT INTO goal(event_id, goal_minute) VALUES(1267, 90);
INSERT INTO event(event_team, game_id) VALUES(13,287);
INSERT INTO goal(event_id, goal_minute) VALUES(1268, 5);
INSERT INTO event(event_team, game_id) VALUES(13,287);
INSERT INTO goal(event_id, goal_minute) VALUES(1269, 90);
INSERT INTO game(game_date, home_team_goals, away_team_goals, game_stadium, game_season, game_referee) VALUES ('1551621900', 1, 2, 4, 1, 9);
INSERT INTO statistics(home_shots, away_shots, home_possession, away_possession, home_expected_goals, away_expected_goals) VALUES (10, 13, 36, 64, 1.43, 1.79);
INSERT INTO gameTeamStatistics(game_id, home_team_id, away_team_id, statistics_id) VALUES (288, 4, 16, 288);
INSERT INTO event(event_team, game_id) VALUES(4,288);
INSERT INTO yellow_card(event_id, yellow_cards_number) VALUES (1270, 2);
INSERT INTO event(event_team, game_id) VALUES(16,288);
INSERT INTO yellow_card(event_id, yellow_cards_number) VALUES (1271, 1);
INSERT INTO event(event_team, game_id) VALUES(4,288);
INSERT INTO goal(event_id, goal_minute) VALUES(1272, 27);
INSERT INTO event(event_team, game_id) VALUES(16,288);
INSERT INTO goal(event_id, goal_minute) VALUES(1273, 27);
INSERT INTO game(game_date, home_team_goals, away_team_goals, game_stadium, game_season, game_referee) VALUES ('1551629700', 0, 0, 12, 1, 2);
INSERT INTO statistics(home_shots, away_shots, home_possession, away_possession, home_expected_goals, away_expected_goals) VALUES (7, 7, 42, 58, 1.14, 1.09);
INSERT INTO gameTeamStatistics(game_id, home_team_id, away_team_id, statistics_id) VALUES (289, 12, 8, 289);
INSERT INTO event(event_team, game_id) VALUES(12,289);
INSERT INTO yellow_card(event_id, yellow_cards_number) VALUES (1274, 1);
INSERT INTO event(event_team, game_id) VALUES(8,289);
INSERT INTO yellow_card(event_id, yellow_cards_number) VALUES (1275, 2);
INSERT INTO game(game_date, home_team_goals, away_team_goals, game_stadium, game_season, game_referee) VALUES ('1552134600', 1, 2, 19, 1, 7);
INSERT INTO statistics(home_shots, away_shots, home_possession, away_possession, home_expected_goals, away_expected_goals) VALUES (9, 5, 62, 38, 1.40, 0.87);
INSERT INTO gameTeamStatistics(game_id, home_team_id, away_team_id, statistics_id) VALUES (290, 20, 19, 290);
INSERT INTO event(event_team, game_id) VALUES(20,290);
INSERT INTO yellow_card(event_id, yellow_cards_number) VALUES (1276, 1);
INSERT INTO event(event_team, game_id) VALUES(19,290);
INSERT INTO yellow_card(event_id, yellow_cards_number) VALUES (1277, 5);
INSERT INTO event(event_team, game_id) VALUES(20,290);
INSERT INTO goal(event_id, goal_minute) VALUES(1278, 50);
INSERT INTO event(event_team, game_id) VALUES(19,290);
INSERT INTO goal(event_id, goal_minute) VALUES(1279, 50);
INSERT INTO game(game_date, home_team_goals, away_team_goals, game_stadium, game_season, game_referee) VALUES ('1552143600', 2, 0, 11, 1, 9);
INSERT INTO statistics(home_shots, away_shots, home_possession, away_possession, home_expected_goals, away_expected_goals) VALUES (14, 8, 29, 71, 1.80, 1.08);
INSERT INTO gameTeamStatistics(game_id, home_team_id, away_team_id, statistics_id) VALUES (291, 11, 15, 291);
INSERT INTO event(event_team, game_id) VALUES(11,291);
INSERT INTO yellow_card(event_id, yellow_cards_number) VALUES (1280, 2);
INSERT INTO event(event_team, game_id) VALUES(15,291);
INSERT INTO yellow_card(event_id, yellow_cards_number) VALUES (1281, 1);
INSERT INTO event(event_team, game_id) VALUES(11,291);
INSERT INTO goal(event_id, goal_minute) VALUES(1282, 4);
INSERT INTO event(event_team, game_id) VALUES(11,291);
INSERT INTO goal(event_id, goal_minute) VALUES(1283, 52);
INSERT INTO game(game_date, home_team_goals, away_team_goals, game_stadium, game_season, game_referee) VALUES ('1552143600', 0, 2, 5, 1, 8);
INSERT INTO statistics(home_shots, away_shots, home_possession, away_possession, home_expected_goals, away_expected_goals) VALUES (5, 9, 56, 44, 0.90, 1.30);
INSERT INTO gameTeamStatistics(game_id, home_team_id, away_team_id, statistics_id) VALUES (292, 5, 3, 292);
INSERT INTO event(event_team, game_id) VALUES(5,292);
INSERT INTO yellow_card(event_id, yellow_cards_number) VALUES (1284, 3);
INSERT INTO event(event_team, game_id) VALUES(3,292);
INSERT INTO yellow_card(event_id, yellow_cards_number) VALUES (1285, 1);
INSERT INTO game(game_date, home_team_goals, away_team_goals, game_stadium, game_season, game_referee) VALUES ('1552143600', 3, 1, 13, 1, 15);
INSERT INTO statistics(home_shots, away_shots, home_possession, away_possession, home_expected_goals, away_expected_goals) VALUES (17, 5, 52, 48, 2.06, 0.82);
INSERT INTO gameTeamStatistics(game_id, home_team_id, away_team_id, statistics_id) VALUES (293, 13, 4, 293);
INSERT INTO event(event_team, game_id) VALUES(4,293);
INSERT INTO yellow_card(event_id, yellow_cards_number) VALUES (1286, 2);
INSERT INTO event(event_team, game_id) VALUES(13,293);
INSERT INTO goal(event_id, goal_minute) VALUES(1287, 21);
INSERT INTO event(event_team, game_id) VALUES(13,293);
INSERT INTO goal(event_id, goal_minute) VALUES(1288, 78);
INSERT INTO event(event_team, game_id) VALUES(13,293);
INSERT INTO goal(event_id, goal_minute) VALUES(1289, 86);
INSERT INTO event(event_team, game_id) VALUES(4,293);
INSERT INTO goal(event_id, goal_minute) VALUES(1290, 21);
INSERT INTO event(event_team, game_id) VALUES(4,293);
INSERT INTO goal(event_id, goal_minute) VALUES(1291, 78);
INSERT INTO event(event_team, game_id) VALUES(4,293);
INSERT INTO goal(event_id, goal_minute) VALUES(1292, 86);
INSERT INTO game(game_date, home_team_goals, away_team_goals, game_stadium, game_season, game_referee) VALUES ('1552143600', 3, 2, 2, 1, 11);
INSERT INTO statistics(home_shots, away_shots, home_possession, away_possession, home_expected_goals, away_expected_goals) VALUES (15, 6, 45, 55, 1.86, 1.10);
INSERT INTO gameTeamStatistics(game_id, home_team_id, away_team_id, statistics_id) VALUES (294, 2, 12, 294);
INSERT INTO event(event_team, game_id) VALUES(2,294);
INSERT INTO yellow_card(event_id, yellow_cards_number) VALUES (1293, 3);
INSERT INTO event(event_team, game_id) VALUES(12,294);
INSERT INTO yellow_card(event_id, yellow_cards_number) VALUES (1294, 1);
INSERT INTO event(event_team, game_id) VALUES(2,294);
INSERT INTO goal(event_id, goal_minute) VALUES(1295, 65);
INSERT INTO event(event_team, game_id) VALUES(2,294);
INSERT INTO goal(event_id, goal_minute) VALUES(1296, 81);
INSERT INTO event(event_team, game_id) VALUES(2,294);
INSERT INTO goal(event_id, goal_minute) VALUES(1297, 84);
INSERT INTO event(event_team, game_id) VALUES(12,294);
INSERT INTO goal(event_id, goal_minute) VALUES(1298, 65);
INSERT INTO event(event_team, game_id) VALUES(12,294);
INSERT INTO goal(event_id, goal_minute) VALUES(1299, 81);
INSERT INTO event(event_team, game_id) VALUES(12,294);
INSERT INTO goal(event_id, goal_minute) VALUES(1300, 84);
INSERT INTO game(game_date, home_team_goals, away_team_goals, game_stadium, game_season, game_referee) VALUES ('1552143600', 2, 1, 9, 1, 3);
INSERT INTO statistics(home_shots, away_shots, home_possession, away_possession, home_expected_goals, away_expected_goals) VALUES (9, 15, 36, 64, 1.27, 1.78);
INSERT INTO gameTeamStatistics(game_id, home_team_id, away_team_id, statistics_id) VALUES (295, 9, 14, 295);
INSERT INTO event(event_team, game_id) VALUES(9,295);
INSERT INTO yellow_card(event_id, yellow_cards_number) VALUES (1301, 4);
INSERT INTO event(event_team, game_id) VALUES(14,295);
INSERT INTO yellow_card(event_id, yellow_cards_number) VALUES (1302, 2);
INSERT INTO event(event_team, game_id) VALUES(9,295);
INSERT INTO goal(event_id, goal_minute) VALUES(1303, 76);
INSERT INTO event(event_team, game_id) VALUES(9,295);
INSERT INTO goal(event_id, goal_minute) VALUES(1304, 81);
INSERT INTO event(event_team, game_id) VALUES(14,295);
INSERT INTO goal(event_id, goal_minute) VALUES(1305, 76);
INSERT INTO event(event_team, game_id) VALUES(14,295);
INSERT INTO goal(event_id, goal_minute) VALUES(1306, 81);
INSERT INTO game(game_date, home_team_goals, away_team_goals, game_stadium, game_season, game_referee) VALUES ('1552152600', 3, 1, 17, 1, 13);
INSERT INTO statistics(home_shots, away_shots, home_possession, away_possession, home_expected_goals, away_expected_goals) VALUES (17, 2, 71, 29, 2.41, 0.37);
INSERT INTO gameTeamStatistics(game_id, home_team_id, away_team_id, statistics_id) VALUES (296, 18, 6, 296);
INSERT INTO event(event_team, game_id) VALUES(18,296);
INSERT INTO yellow_card(event_id, yellow_cards_number) VALUES (1307, 1);
INSERT INTO event(event_team, game_id) VALUES(6,296);
INSERT INTO yellow_card(event_id, yellow_cards_number) VALUES (1308, 1);
INSERT INTO event(event_team, game_id) VALUES(18,296);
INSERT INTO goal(event_id, goal_minute) VALUES(1309, 46);
INSERT INTO event(event_team, game_id) VALUES(18,296);
INSERT INTO goal(event_id, goal_minute) VALUES(1310, 50);
INSERT INTO event(event_team, game_id) VALUES(18,296);
INSERT INTO goal(event_id, goal_minute) VALUES(1311, 59);
INSERT INTO event(event_team, game_id) VALUES(6,296);
INSERT INTO goal(event_id, goal_minute) VALUES(1312, 46);
INSERT INTO event(event_team, game_id) VALUES(6,296);
INSERT INTO goal(event_id, goal_minute) VALUES(1313, 50);
INSERT INTO event(event_team, game_id) VALUES(6,296);
INSERT INTO goal(event_id, goal_minute) VALUES(1314, 59);
INSERT INTO game(game_date, home_team_goals, away_team_goals, game_stadium, game_season, game_referee) VALUES ('1552219200', 4, 2, 8, 1, 1);
INSERT INTO statistics(home_shots, away_shots, home_possession, away_possession, home_expected_goals, away_expected_goals) VALUES (14, 3, 68, 32, 1.88, 0.75);
INSERT INTO gameTeamStatistics(game_id, home_team_id, away_team_id, statistics_id) VALUES (297, 8, 17, 297);
INSERT INTO event(event_team, game_id) VALUES(8,297);
INSERT INTO yellow_card(event_id, yellow_cards_number) VALUES (1315, 2);
INSERT INTO event(event_team, game_id) VALUES(8,297);
INSERT INTO goal(event_id, goal_minute) VALUES(1316, 19);
INSERT INTO event(event_team, game_id) VALUES(8,297);
INSERT INTO goal(event_id, goal_minute) VALUES(1317, 29);
INSERT INTO event(event_team, game_id) VALUES(8,297);
INSERT INTO goal(event_id, goal_minute) VALUES(1318, 67);
INSERT INTO event(event_team, game_id) VALUES(8,297);
INSERT INTO goal(event_id, goal_minute) VALUES(1319, 90);
INSERT INTO event(event_team, game_id) VALUES(6,296);
INSERT INTO goal(event_id, goal_minute) VALUES(1320, 19);
INSERT INTO event(event_team, game_id) VALUES(6,296);
INSERT INTO goal(event_id, goal_minute) VALUES(1321, 29);
INSERT INTO event(event_team, game_id) VALUES(6,296);
INSERT INTO goal(event_id, goal_minute) VALUES(1322, 67);
INSERT INTO event(event_team, game_id) VALUES(6,296);
INSERT INTO goal(event_id, goal_minute) VALUES(1323, 90);
INSERT INTO game(game_date, home_team_goals, away_team_goals, game_stadium, game_season, game_referee) VALUES ('1552226700', 1, 1, 15, 1, 10);
INSERT INTO statistics(home_shots, away_shots, home_possession, away_possession, home_expected_goals, away_expected_goals) VALUES (9, 3, 75, 25, 1.96, 0.44);
INSERT INTO gameTeamStatistics(game_id, home_team_id, away_team_id, statistics_id) VALUES (298, 16, 7, 298);
INSERT INTO event(event_team, game_id) VALUES(16,298);
INSERT INTO yellow_card(event_id, yellow_cards_number) VALUES (1324, 1);
INSERT INTO event(event_team, game_id) VALUES(7,298);
INSERT INTO yellow_card(event_id, yellow_cards_number) VALUES (1325, 4);
INSERT INTO event(event_team, game_id) VALUES(16,298);
INSERT INTO goal(event_id, goal_minute) VALUES(1326, 90);
INSERT INTO event(event_team, game_id) VALUES(7,298);
INSERT INTO goal(event_id, goal_minute) VALUES(1327, 90);
INSERT INTO game(game_date, home_team_goals, away_team_goals, game_stadium, game_season, game_referee) VALUES ('1552235400', 2, 0, 10, 1, 6);
INSERT INTO statistics(home_shots, away_shots, home_possession, away_possession, home_expected_goals, away_expected_goals) VALUES (11, 12, 46, 54, 1.36, 1.46);
INSERT INTO gameTeamStatistics(game_id, home_team_id, away_team_id, statistics_id) VALUES (299, 10, 1, 299);
INSERT INTO event(event_team, game_id) VALUES(10,299);
INSERT INTO yellow_card(event_id, yellow_cards_number) VALUES (1328, 2);
INSERT INTO event(event_team, game_id) VALUES(1,299);
INSERT INTO yellow_card(event_id, yellow_cards_number) VALUES (1329, 2);
INSERT INTO event(event_team, game_id) VALUES(10,299);
INSERT INTO goal(event_id, goal_minute) VALUES(1330, 12);
INSERT INTO event(event_team, game_id) VALUES(10,299);
INSERT INTO goal(event_id, goal_minute) VALUES(1331, 69);
INSERT INTO game(game_date, home_team_goals, away_team_goals, game_stadium, game_season, game_referee) VALUES ('1552748400', 2, 2, 3, 1, 4);
INSERT INTO statistics(home_shots, away_shots, home_possession, away_possession, home_expected_goals, away_expected_goals) VALUES (11, 9, 48, 52, 1.32, 1.26);
INSERT INTO gameTeamStatistics(game_id, home_team_id, away_team_id, statistics_id) VALUES (300, 3, 2, 300);
INSERT INTO event(event_team, game_id) VALUES(3,300);
INSERT INTO yellow_card(event_id, yellow_cards_number) VALUES (1332, 3);
INSERT INTO event(event_team, game_id) VALUES(2,300);
INSERT INTO yellow_card(event_id, yellow_cards_number) VALUES (1333, 2);
INSERT INTO event(event_team, game_id) VALUES(3,300);
INSERT INTO goal(event_id, goal_minute) VALUES(1334, 48);
INSERT INTO event(event_team, game_id) VALUES(3,300);
INSERT INTO goal(event_id, goal_minute) VALUES(1335, 81);
INSERT INTO event(event_team, game_id) VALUES(2,300);
INSERT INTO goal(event_id, goal_minute) VALUES(1336, 48);
INSERT INTO event(event_team, game_id) VALUES(2,300);
INSERT INTO goal(event_id, goal_minute) VALUES(1337, 81);
INSERT INTO game(game_date, home_team_goals, away_team_goals, game_stadium, game_season, game_referee) VALUES ('1552748400', 1, 2, 16, 1, 10);
INSERT INTO statistics(home_shots, away_shots, home_possession, away_possession, home_expected_goals, away_expected_goals) VALUES (10, 5, 62, 38, 1.41, 0.90);
INSERT INTO gameTeamStatistics(game_id, home_team_id, away_team_id, statistics_id) VALUES (301, 17, 13, 301);
INSERT INTO event(event_team, game_id) VALUES(17,301);
INSERT INTO yellow_card(event_id, yellow_cards_number) VALUES (1338, 1);
INSERT INTO event(event_team, game_id) VALUES(13,301);
INSERT INTO yellow_card(event_id, yellow_cards_number) VALUES (1339, 1);
INSERT INTO event(event_team, game_id) VALUES(13,301);
INSERT INTO red_card(event_id, red_cards_number) VALUES (1340, 1);
INSERT INTO event(event_team, game_id) VALUES(17,301);
INSERT INTO goal(event_id, goal_minute) VALUES(1341, 38);
INSERT INTO event(event_team, game_id) VALUES(13,301);
INSERT INTO goal(event_id, goal_minute) VALUES(1342, 38);
INSERT INTO game(game_date, home_team_goals, away_team_goals, game_stadium, game_season, game_referee) VALUES ('1552748400', 4, 3, 14, 1, 6);
INSERT INTO statistics(home_shots, away_shots, home_possession, away_possession, home_expected_goals, away_expected_goals) VALUES (11, 12, 64, 36, 1.61, 1.36);
INSERT INTO gameTeamStatistics(game_id, home_team_id, away_team_id, statistics_id) VALUES (302, 15, 5, 302);
INSERT INTO event(event_team, game_id) VALUES(5,302);
INSERT INTO yellow_card(event_id, yellow_cards_number) VALUES (1343, 2);
INSERT INTO event(event_team, game_id) VALUES(15,302);
INSERT INTO goal(event_id, goal_minute) VALUES(1344, 15);
INSERT INTO event(event_team, game_id) VALUES(15,302);
INSERT INTO goal(event_id, goal_minute) VALUES(1345, 75);
INSERT INTO event(event_team, game_id) VALUES(15,302);
INSERT INTO goal(event_id, goal_minute) VALUES(1346, 84);
INSERT INTO event(event_team, game_id) VALUES(15,302);
INSERT INTO goal(event_id, goal_minute) VALUES(1347, 90);
INSERT INTO event(event_team, game_id) VALUES(5,302);
INSERT INTO goal(event_id, goal_minute) VALUES(1348, 15);
INSERT INTO event(event_team, game_id) VALUES(5,302);
INSERT INTO goal(event_id, goal_minute) VALUES(1349, 75);
INSERT INTO event(event_team, game_id) VALUES(5,302);
INSERT INTO goal(event_id, goal_minute) VALUES(1350, 84);
INSERT INTO event(event_team, game_id) VALUES(5,302);
INSERT INTO goal(event_id, goal_minute) VALUES(1351, 90);
INSERT INTO game(game_date, home_team_goals, away_team_goals, game_stadium, game_season, game_referee) VALUES ('1552832100', 1, 2, 4, 1, 7);
INSERT INTO statistics(home_shots, away_shots, home_possession, away_possession, home_expected_goals, away_expected_goals) VALUES (5, 14, 37, 63, 0.70, 2.01);
INSERT INTO gameTeamStatistics(game_id, home_team_id, away_team_id, statistics_id) VALUES (303, 4, 8, 303);
INSERT INTO event(event_team, game_id) VALUES(4,303);
INSERT INTO yellow_card(event_id, yellow_cards_number) VALUES (1352, 2);
INSERT INTO event(event_team, game_id) VALUES(8,303);
INSERT INTO yellow_card(event_id, yellow_cards_number) VALUES (1353, 1);
INSERT INTO event(event_team, game_id) VALUES(4,303);
INSERT INTO goal(event_id, goal_minute) VALUES(1354, 74);
INSERT INTO event(event_team, game_id) VALUES(8,303);
INSERT INTO goal(event_id, goal_minute) VALUES(1355, 74);
INSERT INTO game(game_date, home_team_goals, away_team_goals, game_stadium, game_season, game_referee) VALUES ('1552840200', 2, 0, 12, 1, 8);
INSERT INTO statistics(home_shots, away_shots, home_possession, away_possession, home_expected_goals, away_expected_goals) VALUES (13, 11, 32, 68, 1.73, 1.65);
INSERT INTO gameTeamStatistics(game_id, home_team_id, away_team_id, statistics_id) VALUES (304, 12, 16, 304);
INSERT INTO event(event_team, game_id) VALUES(12,304);
INSERT INTO yellow_card(event_id, yellow_cards_number) VALUES (1356, 1);
INSERT INTO event(event_team, game_id) VALUES(16,304);
INSERT INTO yellow_card(event_id, yellow_cards_number) VALUES (1357, 2);
INSERT INTO event(event_team, game_id) VALUES(12,304);
INSERT INTO goal(event_id, goal_minute) VALUES(1358, 49);
INSERT INTO event(event_team, game_id) VALUES(12,304);
INSERT INTO goal(event_id, goal_minute) VALUES(1359, 72);
INSERT INTO game(game_date, home_team_goals, away_team_goals, game_stadium, game_season, game_referee) VALUES ('1553949000', 0, 2, 4, 1, 3);
INSERT INTO statistics(home_shots, away_shots, home_possession, away_possession, home_expected_goals, away_expected_goals) VALUES (4, 16, 34, 66, 0.46, 2.09);
INSERT INTO gameTeamStatistics(game_id, home_team_id, away_team_id, statistics_id) VALUES (305, 4, 18, 305);
INSERT INTO event(event_team, game_id) VALUES(4,305);
INSERT INTO yellow_card(event_id, yellow_cards_number) VALUES (1360, 2);
INSERT INTO game(game_date, home_team_goals, away_team_goals, game_stadium, game_season, game_referee) VALUES ('1553958000', 0, 1, 18, 1, 10);
INSERT INTO statistics(home_shots, away_shots, home_possession, away_possession, home_expected_goals, away_expected_goals) VALUES (11, 7, 60, 40, 1.23, 0.99);
INSERT INTO gameTeamStatistics(game_id, home_team_id, away_team_id, statistics_id) VALUES (306, 19, 9, 306);
INSERT INTO event(event_team, game_id) VALUES(19,306);
INSERT INTO yellow_card(event_id, yellow_cards_number) VALUES (1361, 1);
INSERT INTO event(event_team, game_id) VALUES(9,306);
INSERT INTO yellow_card(event_id, yellow_cards_number) VALUES (1362, 2);
INSERT INTO game(game_date, home_team_goals, away_team_goals, game_stadium, game_season, game_referee) VALUES ('1553958000', 2, 0, 16, 1, 5);
INSERT INTO statistics(home_shots, away_shots, home_possession, away_possession, home_expected_goals, away_expected_goals) VALUES (5, 5, 37, 63, 0.66, 0.89);
INSERT INTO gameTeamStatistics(game_id, home_team_id, away_team_id, statistics_id) VALUES (307, 17, 7, 307);
INSERT INTO event(event_team, game_id) VALUES(17,307);
INSERT INTO yellow_card(event_id, yellow_cards_number) VALUES (1363, 1);
INSERT INTO event(event_team, game_id) VALUES(7,307);
INSERT INTO yellow_card(event_id, yellow_cards_number) VALUES (1364, 1);
INSERT INTO event(event_team, game_id) VALUES(17,307);
INSERT INTO goal(event_id, goal_minute) VALUES(1365, 2);
INSERT INTO event(event_team, game_id) VALUES(17,307);
INSERT INTO goal(event_id, goal_minute) VALUES(1366, 77);
INSERT INTO game(game_date, home_team_goals, away_team_goals, game_stadium, game_season, game_referee) VALUES ('1553958000', 2, 0, 19, 1, 14);
INSERT INTO statistics(home_shots, away_shots, home_possession, away_possession, home_expected_goals, away_expected_goals) VALUES (12, 13, 48, 52, 1.53, 1.58);
INSERT INTO gameTeamStatistics(game_id, home_team_id, away_team_id, statistics_id) VALUES (308, 20, 5, 308);
INSERT INTO event(event_team, game_id) VALUES(20,308);
INSERT INTO goal(event_id, goal_minute) VALUES(1367, 76);
INSERT INTO event(event_team, game_id) VALUES(20,308);
INSERT INTO goal(event_id, goal_minute) VALUES(1368, 88);
INSERT INTO game(game_date, home_team_goals, away_team_goals, game_stadium, game_season, game_referee) VALUES ('1553958000', 2, 0, 13, 1, 11);
INSERT INTO statistics(home_shots, away_shots, home_possession, away_possession, home_expected_goals, away_expected_goals) VALUES (14, 7, 58, 42, 1.66, 0.98);
INSERT INTO gameTeamStatistics(game_id, home_team_id, away_team_id, statistics_id) VALUES (309, 13, 3, 309);
INSERT INTO event(event_team, game_id) VALUES(3,309);
INSERT INTO yellow_card(event_id, yellow_cards_number) VALUES (1369, 2);
INSERT INTO event(event_team, game_id) VALUES(13,309);
INSERT INTO goal(event_id, goal_minute) VALUES(1370, 11);
INSERT INTO event(event_team, game_id) VALUES(13,309);
INSERT INTO goal(event_id, goal_minute) VALUES(1371, 82);
INSERT INTO game(game_date, home_team_goals, away_team_goals, game_stadium, game_season, game_referee) VALUES ('1553958000', 2, 1, 1, 1, 12);
INSERT INTO statistics(home_shots, away_shots, home_possession, away_possession, home_expected_goals, away_expected_goals) VALUES (7, 15, 51, 49, 1.23, 2.13);
INSERT INTO gameTeamStatistics(game_id, home_team_id, away_team_id, statistics_id) VALUES (310, 1, 6, 310);
INSERT INTO event(event_team, game_id) VALUES(1,310);
INSERT INTO yellow_card(event_id, yellow_cards_number) VALUES (1372, 1);
INSERT INTO event(event_team, game_id) VALUES(6,310);
INSERT INTO yellow_card(event_id, yellow_cards_number) VALUES (1373, 2);
INSERT INTO event(event_team, game_id) VALUES(1,310);
INSERT INTO goal(event_id, goal_minute) VALUES(1374, 28);
INSERT INTO event(event_team, game_id) VALUES(1,310);
INSERT INTO goal(event_id, goal_minute) VALUES(1375, 72);
INSERT INTO event(event_team, game_id) VALUES(6,310);
INSERT INTO goal(event_id, goal_minute) VALUES(1376, 28);
INSERT INTO event(event_team, game_id) VALUES(6,310);
INSERT INTO goal(event_id, goal_minute) VALUES(1377, 72);
INSERT INTO game(game_date, home_team_goals, away_team_goals, game_stadium, game_season, game_referee) VALUES ('1553967000', 0, 2, 14, 1, 13);
INSERT INTO statistics(home_shots, away_shots, home_possession, away_possession, home_expected_goals, away_expected_goals) VALUES (4, 14, 49, 51, 0.77, 1.99);
INSERT INTO gameTeamStatistics(game_id, home_team_id, away_team_id, statistics_id) VALUES (311, 15, 12, 311);
INSERT INTO event(event_team, game_id) VALUES(15,311);
INSERT INTO yellow_card(event_id, yellow_cards_number) VALUES (1378, 1);
INSERT INTO event(event_team, game_id) VALUES(12,311);
INSERT INTO yellow_card(event_id, yellow_cards_number) VALUES (1379, 1);
INSERT INTO game(game_date, home_team_goals, away_team_goals, game_stadium, game_season, game_referee) VALUES ('1554037500', 1, 2, 11, 1, 7);
INSERT INTO statistics(home_shots, away_shots, home_possession, away_possession, home_expected_goals, away_expected_goals) VALUES (8, 13, 28, 72, 1.03, 1.47);
INSERT INTO gameTeamStatistics(game_id, home_team_id, away_team_id, statistics_id) VALUES (312, 11, 16, 312);
INSERT INTO event(event_team, game_id) VALUES(11,312);
INSERT INTO yellow_card(event_id, yellow_cards_number) VALUES (1380, 2);
INSERT INTO event(event_team, game_id) VALUES(16,312);
INSERT INTO yellow_card(event_id, yellow_cards_number) VALUES (1381, 3);
INSERT INTO event(event_team, game_id) VALUES(11,312);
INSERT INTO goal(event_id, goal_minute) VALUES(1382, 46);
INSERT INTO event(event_team, game_id) VALUES(16,312);
INSERT INTO goal(event_id, goal_minute) VALUES(1383, 46);
INSERT INTO game(game_date, home_team_goals, away_team_goals, game_stadium, game_season, game_referee) VALUES ('1554046200', 2, 1, 8, 1, 2);
INSERT INTO statistics(home_shots, away_shots, home_possession, away_possession, home_expected_goals, away_expected_goals) VALUES (12, 10, 48, 52, 1.40, 1.15);
INSERT INTO gameTeamStatistics(game_id, home_team_id, away_team_id, statistics_id) VALUES (313, 8, 14, 313);
INSERT INTO event(event_team, game_id) VALUES(14,313);
INSERT INTO yellow_card(event_id, yellow_cards_number) VALUES (1384, 1);
INSERT INTO event(event_team, game_id) VALUES(8,313);
INSERT INTO goal(event_id, goal_minute) VALUES(1385, 16);
INSERT INTO event(event_team, game_id) VALUES(8,313);
INSERT INTO goal(event_id, goal_minute) VALUES(1386, 90);
INSERT INTO event(event_team, game_id) VALUES(14,313);
INSERT INTO goal(event_id, goal_minute) VALUES(1387, 16);
INSERT INTO event(event_team, game_id) VALUES(14,313);
INSERT INTO goal(event_id, goal_minute) VALUES(1388, 90);
INSERT INTO game(game_date, home_team_goals, away_team_goals, game_stadium, game_season, game_referee) VALUES ('1554145200', 2, 0, 10, 1, 8);
INSERT INTO statistics(home_shots, away_shots, home_possession, away_possession, home_expected_goals, away_expected_goals) VALUES (6, 4, 70, 30, 1.15, 0.58);
INSERT INTO gameTeamStatistics(game_id, home_team_id, away_team_id, statistics_id) VALUES (314, 10, 2, 314);
INSERT INTO event(event_team, game_id) VALUES(10,314);
INSERT INTO yellow_card(event_id, yellow_cards_number) VALUES (1389, 2);
INSERT INTO event(event_team, game_id) VALUES(10,314);
INSERT INTO goal(event_id, goal_minute) VALUES(1390, 30);
INSERT INTO event(event_team, game_id) VALUES(10,314);
INSERT INTO goal(event_id, goal_minute) VALUES(1391, 83);
INSERT INTO game(game_date, home_team_goals, away_team_goals, game_stadium, game_season, game_referee) VALUES ('1554230700', 4, 1, 6, 1, 16);
INSERT INTO statistics(home_shots, away_shots, home_possession, away_possession, home_expected_goals, away_expected_goals) VALUES (9, 11, 46, 54, 1.60, 1.63);
INSERT INTO gameTeamStatistics(game_id, home_team_id, away_team_id, statistics_id) VALUES (315, 6, 4, 315);
INSERT INTO event(event_team, game_id) VALUES(6,315);
INSERT INTO yellow_card(event_id, yellow_cards_number) VALUES (1392, 3);
INSERT INTO event(event_team, game_id) VALUES(4,315);
INSERT INTO yellow_card(event_id, yellow_cards_number) VALUES (1393, 2);
INSERT INTO event(event_team, game_id) VALUES(6,315);
INSERT INTO goal(event_id, goal_minute) VALUES(1394, 23);
INSERT INTO event(event_team, game_id) VALUES(6,315);
INSERT INTO goal(event_id, goal_minute) VALUES(1395, 63);
INSERT INTO event(event_team, game_id) VALUES(6,315);
INSERT INTO goal(event_id, goal_minute) VALUES(1396, 69);
INSERT INTO event(event_team, game_id) VALUES(6,315);
INSERT INTO goal(event_id, goal_minute) VALUES(1397, 75);
INSERT INTO event(event_team, game_id) VALUES(4,315);
INSERT INTO goal(event_id, goal_minute) VALUES(1398, 23);
INSERT INTO event(event_team, game_id) VALUES(4,315);
INSERT INTO goal(event_id, goal_minute) VALUES(1399, 63);
INSERT INTO event(event_team, game_id) VALUES(4,315);
INSERT INTO goal(event_id, goal_minute) VALUES(1400, 69);
INSERT INTO event(event_team, game_id) VALUES(4,315);
INSERT INTO goal(event_id, goal_minute) VALUES(1401, 75);
INSERT INTO game(game_date, home_team_goals, away_team_goals, game_stadium, game_season, game_referee) VALUES ('1554230700', 2, 1, 7, 1, 4);
INSERT INTO statistics(home_shots, away_shots, home_possession, away_possession, home_expected_goals, away_expected_goals) VALUES (8, 12, 49, 51, 0.97, 1.48);
INSERT INTO gameTeamStatistics(game_id, home_team_id, away_team_id, statistics_id) VALUES (316, 7, 1, 316);
INSERT INTO event(event_team, game_id) VALUES(7,316);
INSERT INTO yellow_card(event_id, yellow_cards_number) VALUES (1402, 1);
INSERT INTO event(event_team, game_id) VALUES(1,316);
INSERT INTO yellow_card(event_id, yellow_cards_number) VALUES (1403, 3);
INSERT INTO event(event_team, game_id) VALUES(1,316);
INSERT INTO red_card(event_id, red_cards_number) VALUES (1404, 1);
INSERT INTO event(event_team, game_id) VALUES(7,316);
INSERT INTO goal(event_id, goal_minute) VALUES(1405, 25);
INSERT INTO event(event_team, game_id) VALUES(7,316);
INSERT INTO goal(event_id, goal_minute) VALUES(1406, 77);
INSERT INTO event(event_team, game_id) VALUES(1,316);
INSERT INTO goal(event_id, goal_minute) VALUES(1407, 25);
INSERT INTO event(event_team, game_id) VALUES(1,316);
INSERT INTO goal(event_id, goal_minute) VALUES(1408, 77);
INSERT INTO game(game_date, home_team_goals, away_team_goals, game_stadium, game_season, game_referee) VALUES ('1554317100', 3, 0, 15, 1, 9);
INSERT INTO statistics(home_shots, away_shots, home_possession, away_possession, home_expected_goals, away_expected_goals) VALUES (13, 4, 68, 32, 1.84, 0.59);
INSERT INTO gameTeamStatistics(game_id, home_team_id, away_team_id, statistics_id) VALUES (317, 16, 19, 317);
INSERT INTO event(event_team, game_id) VALUES(16,317);
INSERT INTO goal(event_id, goal_minute) VALUES(1409, 38);
INSERT INTO event(event_team, game_id) VALUES(16,317);
INSERT INTO goal(event_id, goal_minute) VALUES(1410, 60);
INSERT INTO event(event_team, game_id) VALUES(16,317);
INSERT INTO goal(event_id, goal_minute) VALUES(1411, 63);
INSERT INTO game(game_date, home_team_goals, away_team_goals, game_stadium, game_season, game_referee) VALUES ('1554317100', 2, 0, 20, 1, 1);
INSERT INTO statistics(home_shots, away_shots, home_possession, away_possession, home_expected_goals, away_expected_goals) VALUES (20, 6, 65, 35, 2.71, 0.71);
INSERT INTO gameTeamStatistics(game_id, home_team_id, away_team_id, statistics_id) VALUES (318, 14, 20, 318);
INSERT INTO event(event_team, game_id) VALUES(14,318);
INSERT INTO yellow_card(event_id, yellow_cards_number) VALUES (1412, 1);
INSERT INTO event(event_team, game_id) VALUES(14,318);
INSERT INTO goal(event_id, goal_minute) VALUES(1413, 55);
INSERT INTO event(event_team, game_id) VALUES(14,318);
INSERT INTO goal(event_id, goal_minute) VALUES(1414, 80);
INSERT INTO game(game_date, home_team_goals, away_team_goals, game_stadium, game_season, game_referee) VALUES ('1554317100', 2, 0, 17, 1, 6);
INSERT INTO statistics(home_shots, away_shots, home_possession, away_possession, home_expected_goals, away_expected_goals) VALUES (26, 4, 78, 22, 3.07, 0.51);
INSERT INTO gameTeamStatistics(game_id, home_team_id, away_team_id, statistics_id) VALUES (319, 18, 11, 319);
INSERT INTO event(event_team, game_id) VALUES(11,319);
INSERT INTO yellow_card(event_id, yellow_cards_number) VALUES (1415, 3);
INSERT INTO event(event_team, game_id) VALUES(18,319);
INSERT INTO goal(event_id, goal_minute) VALUES(1416, 6);
INSERT INTO event(event_team, game_id) VALUES(18,319);
INSERT INTO goal(event_id, goal_minute) VALUES(1417, 44);
INSERT INTO game(game_date, home_team_goals, away_team_goals, game_stadium, game_season, game_referee) VALUES ('1554490800', 1, 3, 9, 1, 13);
INSERT INTO statistics(home_shots, away_shots, home_possession, away_possession, home_expected_goals, away_expected_goals) VALUES (8, 13, 33, 67, 0.95, 1.69);
INSERT INTO gameTeamStatistics(game_id, home_team_id, away_team_id, statistics_id) VALUES (320, 9, 8, 320);
INSERT INTO event(event_team, game_id) VALUES(9,320);
INSERT INTO yellow_card(event_id, yellow_cards_number) VALUES (1418, 2);
INSERT INTO event(event_team, game_id) VALUES(8,320);
INSERT INTO yellow_card(event_id, yellow_cards_number) VALUES (1419, 4);
INSERT INTO event(event_team, game_id) VALUES(9,320);
INSERT INTO goal(event_id, goal_minute) VALUES(1420, 9);
INSERT INTO event(event_team, game_id) VALUES(8,320);
INSERT INTO goal(event_id, goal_minute) VALUES(1421, 9);
INSERT INTO game(game_date, home_team_goals, away_team_goals, game_stadium, game_season, game_referee) VALUES ('1554559200', 1, 3, 3, 1, 2);
INSERT INTO statistics(home_shots, away_shots, home_possession, away_possession, home_expected_goals, away_expected_goals) VALUES (8, 8, 59, 41, 1.04, 1.21);
INSERT INTO gameTeamStatistics(game_id, home_team_id, away_team_id, statistics_id) VALUES (321, 3, 17, 321);
INSERT INTO event(event_team, game_id) VALUES(3,321);
INSERT INTO yellow_card(event_id, yellow_cards_number) VALUES (1422, 2);
INSERT INTO event(event_team, game_id) VALUES(17,321);
INSERT INTO yellow_card(event_id, yellow_cards_number) VALUES (1423, 3);
INSERT INTO event(event_team, game_id) VALUES(3,321);
INSERT INTO goal(event_id, goal_minute) VALUES(1424, 4);
INSERT INTO event(event_team, game_id) VALUES(17,321);
INSERT INTO goal(event_id, goal_minute) VALUES(1425, 4);
INSERT INTO game(game_date, home_team_goals, away_team_goals, game_stadium, game_season, game_referee) VALUES ('1554559200', 1, 4, 5, 1, 15);
INSERT INTO statistics(home_shots, away_shots, home_possession, away_possession, home_expected_goals, away_expected_goals) VALUES (8, 17, 44, 56, 1.16, 2.05);
INSERT INTO gameTeamStatistics(game_id, home_team_id, away_team_id, statistics_id) VALUES (322, 5, 13, 322);
INSERT INTO event(event_team, game_id) VALUES(5,322);
INSERT INTO yellow_card(event_id, yellow_cards_number) VALUES (1426, 3);
INSERT INTO event(event_team, game_id) VALUES(5,322);
INSERT INTO goal(event_id, goal_minute) VALUES(1427, 52);
INSERT INTO event(event_team, game_id) VALUES(17,321);
INSERT INTO goal(event_id, goal_minute) VALUES(1428, 52);
INSERT INTO game(game_date, home_team_goals, away_team_goals, game_stadium, game_season, game_referee) VALUES ('1554559200', 0, 1, 2, 1, 12);
INSERT INTO statistics(home_shots, away_shots, home_possession, away_possession, home_expected_goals, away_expected_goals) VALUES (15, 4, 53, 47, 1.83, 0.67);
INSERT INTO gameTeamStatistics(game_id, home_team_id, away_team_id, statistics_id) VALUES (323, 2, 20, 323);
INSERT INTO event(event_team, game_id) VALUES(2,323);
INSERT INTO yellow_card(event_id, yellow_cards_number) VALUES (1429, 1);
INSERT INTO event(event_team, game_id) VALUES(20,323);
INSERT INTO yellow_card(event_id, yellow_cards_number) VALUES (1430, 2);
INSERT INTO game(game_date, home_team_goals, away_team_goals, game_stadium, game_season, game_referee) VALUES ('1554642300', 1, 0, 12, 1, 3);
INSERT INTO statistics(home_shots, away_shots, home_possession, away_possession, home_expected_goals, away_expected_goals) VALUES (16, 6, 42, 58, 1.97, 0.98);
INSERT INTO gameTeamStatistics(game_id, home_team_id, away_team_id, statistics_id) VALUES (324, 12, 10, 324);
INSERT INTO event(event_team, game_id) VALUES(12,324);
INSERT INTO yellow_card(event_id, yellow_cards_number) VALUES (1431, 1);
INSERT INTO event(event_team, game_id) VALUES(10,324);
INSERT INTO yellow_card(event_id, yellow_cards_number) VALUES (1432, 4);
INSERT INTO event(event_team, game_id) VALUES(12,324);
INSERT INTO goal(event_id, goal_minute) VALUES(1433, 10);
INSERT INTO game(game_date, home_team_goals, away_team_goals, game_stadium, game_season, game_referee) VALUES ('1554750000', 2, 0, 15, 1, 5);
INSERT INTO statistics(home_shots, away_shots, home_possession, away_possession, home_expected_goals, away_expected_goals) VALUES (14, 6, 54, 46, 1.94, 0.96);
INSERT INTO gameTeamStatistics(game_id, home_team_id, away_team_id, statistics_id) VALUES (325, 16, 15, 325);
INSERT INTO event(event_team, game_id) VALUES(16,325);
INSERT INTO yellow_card(event_id, yellow_cards_number) VALUES (1434, 2);
INSERT INTO event(event_team, game_id) VALUES(15,325);
INSERT INTO yellow_card(event_id, yellow_cards_number) VALUES (1435, 1);
INSERT INTO event(event_team, game_id) VALUES(16,325);
INSERT INTO goal(event_id, goal_minute) VALUES(1436, 24);
INSERT INTO event(event_team, game_id) VALUES(16,325);
INSERT INTO goal(event_id, goal_minute) VALUES(1437, 90);
INSERT INTO game(game_date, home_team_goals, away_team_goals, game_stadium, game_season, game_referee) VALUES ('1555095600', 0, 1, 13, 1, 5);
INSERT INTO statistics(home_shots, away_shots, home_possession, away_possession, home_expected_goals, away_expected_goals) VALUES (12, 11, 71, 29, 1.54, 1.27);
INSERT INTO gameTeamStatistics(game_id, home_team_id, away_team_id, statistics_id) VALUES (326, 13, 2, 326);
INSERT INTO event(event_team, game_id) VALUES(13,326);
INSERT INTO yellow_card(event_id, yellow_cards_number) VALUES (1438, 2);
INSERT INTO event(event_team, game_id) VALUES(2,326);
INSERT INTO yellow_card(event_id, yellow_cards_number) VALUES (1439, 3);
INSERT INTO game(game_date, home_team_goals, away_team_goals, game_stadium, game_season, game_referee) VALUES ('1555155000', 4, 0, 20, 1, 11);
INSERT INTO statistics(home_shots, away_shots, home_possession, away_possession, home_expected_goals, away_expected_goals) VALUES (14, 7, 70, 30, 1.69, 0.83);
INSERT INTO gameTeamStatistics(game_id, home_team_id, away_team_id, statistics_id) VALUES (327, 14, 5, 327);
INSERT INTO event(event_team, game_id) VALUES(14,327);
INSERT INTO yellow_card(event_id, yellow_cards_number) VALUES (1440, 2);
INSERT INTO event(event_team, game_id) VALUES(5,327);
INSERT INTO yellow_card(event_id, yellow_cards_number) VALUES (1441, 2);
INSERT INTO event(event_team, game_id) VALUES(14,327);
INSERT INTO goal(event_id, goal_minute) VALUES(1442, 24);
INSERT INTO event(event_team, game_id) VALUES(14,327);
INSERT INTO goal(event_id, goal_minute) VALUES(1443, 27);
INSERT INTO event(event_team, game_id) VALUES(14,327);
INSERT INTO goal(event_id, goal_minute) VALUES(1444, 87);
INSERT INTO event(event_team, game_id) VALUES(14,327);
INSERT INTO goal(event_id, goal_minute) VALUES(1445, 90);
INSERT INTO game(game_date, home_team_goals, away_team_goals, game_stadium, game_season, game_referee) VALUES ('1555164000', 0, 5, 18, 1, 3);
INSERT INTO statistics(home_shots, away_shots, home_possession, away_possession, home_expected_goals, away_expected_goals) VALUES (5, 12, 50, 50, 0.87, 1.59);
INSERT INTO gameTeamStatistics(game_id, home_team_id, away_team_id, statistics_id) VALUES (328, 19, 3, 328);
INSERT INTO event(event_team, game_id) VALUES(19,328);
INSERT INTO yellow_card(event_id, yellow_cards_number) VALUES (1446, 2);
INSERT INTO event(event_team, game_id) VALUES(19,328);
INSERT INTO red_card(event_id, red_cards_number) VALUES (1447, 1);
INSERT INTO event(event_team, game_id) VALUES(3,328);
INSERT INTO yellow_card(event_id, yellow_cards_number) VALUES (1448, 4);
INSERT INTO game(game_date, home_team_goals, away_team_goals, game_stadium, game_season, game_referee) VALUES ('1555164000', 2, 0, 16, 1, 4);
INSERT INTO statistics(home_shots, away_shots, home_possession, away_possession, home_expected_goals, away_expected_goals) VALUES (14, 10, 46, 54, 1.85, 1.17);
INSERT INTO gameTeamStatistics(game_id, home_team_id, away_team_id, statistics_id) VALUES (329, 17, 11, 329);
INSERT INTO event(event_team, game_id) VALUES(17,329);
INSERT INTO yellow_card(event_id, yellow_cards_number) VALUES (1449, 2);
INSERT INTO event(event_team, game_id) VALUES(11,329);
INSERT INTO yellow_card(event_id, yellow_cards_number) VALUES (1450, 4);
INSERT INTO event(event_team, game_id) VALUES(17,329);
INSERT INTO goal(event_id, goal_minute) VALUES(1451, 31);
INSERT INTO event(event_team, game_id) VALUES(17,329);
INSERT INTO goal(event_id, goal_minute) VALUES(1452, 90);
INSERT INTO game(game_date, home_team_goals, away_team_goals, game_stadium, game_season, game_referee) VALUES ('1555164000', 2, 0, 4, 1, 14);
INSERT INTO statistics(home_shots, away_shots, home_possession, away_possession, home_expected_goals, away_expected_goals) VALUES (13, 8, 40, 60, 1.49, 1.18);
INSERT INTO gameTeamStatistics(game_id, home_team_id, away_team_id, statistics_id) VALUES (330, 4, 12, 330);
INSERT INTO event(event_team, game_id) VALUES(4,330);
INSERT INTO yellow_card(event_id, yellow_cards_number) VALUES (1453, 2);
INSERT INTO event(event_team, game_id) VALUES(12,330);
INSERT INTO yellow_card(event_id, yellow_cards_number) VALUES (1454, 1);
INSERT INTO event(event_team, game_id) VALUES(4,330);
INSERT INTO goal(event_id, goal_minute) VALUES(1455, 46);
INSERT INTO event(event_team, game_id) VALUES(4,330);
INSERT INTO goal(event_id, goal_minute) VALUES(1456, 69);
INSERT INTO game(game_date, home_team_goals, away_team_goals, game_stadium, game_season, game_referee) VALUES ('1555164000', 3, 1, 9, 1, 6);
INSERT INTO statistics(home_shots, away_shots, home_possession, away_possession, home_expected_goals, away_expected_goals) VALUES (11, 11, 30, 70, 1.41, 1.39);
INSERT INTO gameTeamStatistics(game_id, home_team_id, away_team_id, statistics_id) VALUES (331, 9, 7, 331);
INSERT INTO event(event_team, game_id) VALUES(9,331);
INSERT INTO yellow_card(event_id, yellow_cards_number) VALUES (1457, 1);
INSERT INTO event(event_team, game_id) VALUES(7,331);
INSERT INTO yellow_card(event_id, yellow_cards_number) VALUES (1458, 3);
INSERT INTO event(event_team, game_id) VALUES(9,331);
INSERT INTO goal(event_id, goal_minute) VALUES(1459, 2);
INSERT INTO event(event_team, game_id) VALUES(9,331);
INSERT INTO goal(event_id, goal_minute) VALUES(1460, 30);
INSERT INTO event(event_team, game_id) VALUES(9,331);
INSERT INTO goal(event_id, goal_minute) VALUES(1461, 71);
INSERT INTO event(event_team, game_id) VALUES(7,331);
INSERT INTO goal(event_id, goal_minute) VALUES(1462, 2);
INSERT INTO event(event_team, game_id) VALUES(7,331);
INSERT INTO goal(event_id, goal_minute) VALUES(1463, 30);
INSERT INTO event(event_team, game_id) VALUES(7,331);
INSERT INTO goal(event_id, goal_minute) VALUES(1464, 71);
INSERT INTO game(game_date, home_team_goals, away_team_goals, game_stadium, game_season, game_referee) VALUES ('1555173000', 2, 1, 1, 1, 9);
INSERT INTO statistics(home_shots, away_shots, home_possession, away_possession, home_expected_goals, away_expected_goals) VALUES (10, 11, 42, 58, 1.37, 1.56);
INSERT INTO gameTeamStatistics(game_id, home_team_id, away_team_id, statistics_id) VALUES (332, 1, 15, 332);
INSERT INTO event(event_team, game_id) VALUES(1,332);
INSERT INTO yellow_card(event_id, yellow_cards_number) VALUES (1465, 1);
INSERT INTO event(event_team, game_id) VALUES(15,332);
INSERT INTO yellow_card(event_id, yellow_cards_number) VALUES (1466, 1);
INSERT INTO event(event_team, game_id) VALUES(1,332);
INSERT INTO goal(event_id, goal_minute) VALUES(1467, 19);
INSERT INTO event(event_team, game_id) VALUES(1,332);
INSERT INTO goal(event_id, goal_minute) VALUES(1468, 80);
INSERT INTO event(event_team, game_id) VALUES(15,332);
INSERT INTO goal(event_id, goal_minute) VALUES(1469, 19);
INSERT INTO event(event_team, game_id) VALUES(15,332);
INSERT INTO goal(event_id, goal_minute) VALUES(1470, 80);
INSERT INTO game(game_date, home_team_goals, away_team_goals, game_stadium, game_season, game_referee) VALUES ('1555247100', 1, 3, 19, 1, 2);
INSERT INTO statistics(home_shots, away_shots, home_possession, away_possession, home_expected_goals, away_expected_goals) VALUES (6, 14, 27, 73, 0.85, 2.05);
INSERT INTO gameTeamStatistics(game_id, home_team_id, away_team_id, statistics_id) VALUES (333, 20, 18, 333);
INSERT INTO event(event_team, game_id) VALUES(20,333);
INSERT INTO goal(event_id, goal_minute) VALUES(1471, 81);
INSERT INTO event(event_team, game_id) VALUES(15,332);
INSERT INTO goal(event_id, goal_minute) VALUES(1472, 81);
INSERT INTO game(game_date, home_team_goals, away_team_goals, game_stadium, game_season, game_referee) VALUES ('1555255800', 2, 0, 8, 1, 10);
INSERT INTO statistics(home_shots, away_shots, home_possession, away_possession, home_expected_goals, away_expected_goals) VALUES (11, 6, 61, 39, 1.87, 0.96);
INSERT INTO gameTeamStatistics(game_id, home_team_id, away_team_id, statistics_id) VALUES (334, 8, 16, 334);
INSERT INTO event(event_team, game_id) VALUES(16,334);
INSERT INTO yellow_card(event_id, yellow_cards_number) VALUES (1473, 1);
INSERT INTO event(event_team, game_id) VALUES(8,334);
INSERT INTO goal(event_id, goal_minute) VALUES(1474, 51);
INSERT INTO event(event_team, game_id) VALUES(8,334);
INSERT INTO goal(event_id, goal_minute) VALUES(1475, 53);
INSERT INTO game(game_date, home_team_goals, away_team_goals, game_stadium, game_season, game_referee) VALUES ('1555354800', 0, 1, 6, 1, 7);
INSERT INTO statistics(home_shots, away_shots, home_possession, away_possession, home_expected_goals, away_expected_goals) VALUES (7, 12, 34, 66, 1.07, 1.61);
INSERT INTO gameTeamStatistics(game_id, home_team_id, away_team_id, statistics_id) VALUES (335, 6, 10, 335);
INSERT INTO event(event_team, game_id) VALUES(6,335);
INSERT INTO yellow_card(event_id, yellow_cards_number) VALUES (1476, 2);
INSERT INTO event(event_team, game_id) VALUES(6,335);
INSERT INTO red_card(event_id, red_cards_number) VALUES (1477, 1);
INSERT INTO game(game_date, home_team_goals, away_team_goals, game_stadium, game_season, game_referee) VALUES ('1555440300', 0, 2, 18, 1, 1);
INSERT INTO statistics(home_shots, away_shots, home_possession, away_possession, home_expected_goals, away_expected_goals) VALUES (11, 7, 63, 37, 1.46, 0.97);
INSERT INTO gameTeamStatistics(game_id, home_team_id, away_team_id, statistics_id) VALUES (336, 19, 11, 336);
INSERT INTO event(event_team, game_id) VALUES(11,336);
INSERT INTO yellow_card(event_id, yellow_cards_number) VALUES (1478, 1);
INSERT INTO game(game_date, home_team_goals, away_team_goals, game_stadium, game_season, game_referee) VALUES ('1555759800', 1, 0, 17, 1, 10);
INSERT INTO statistics(home_shots, away_shots, home_possession, away_possession, home_expected_goals, away_expected_goals) VALUES (11, 8, 60, 40, 1.58, 1.06);
INSERT INTO gameTeamStatistics(game_id, home_team_id, away_team_id, statistics_id) VALUES (337, 18, 14, 337);
INSERT INTO event(event_team, game_id) VALUES(18,337);
INSERT INTO yellow_card(event_id, yellow_cards_number) VALUES (1479, 1);
INSERT INTO event(event_team, game_id) VALUES(14,337);
INSERT INTO yellow_card(event_id, yellow_cards_number) VALUES (1480, 2);
INSERT INTO event(event_team, game_id) VALUES(18,337);
INSERT INTO goal(event_id, goal_minute) VALUES(1481, 5);
INSERT INTO game(game_date, home_team_goals, away_team_goals, game_stadium, game_season, game_referee) VALUES ('1555768800', 0, 1, 3, 1, 15);
INSERT INTO statistics(home_shots, away_shots, home_possession, away_possession, home_expected_goals, away_expected_goals) VALUES (12, 12, 49, 51, 1.49, 1.60);
INSERT INTO gameTeamStatistics(game_id, home_team_id, away_team_id, statistics_id) VALUES (338, 3, 4, 338);
INSERT INTO event(event_team, game_id) VALUES(3,338);
INSERT INTO yellow_card(event_id, yellow_cards_number) VALUES (1482, 1);
INSERT INTO event(event_team, game_id) VALUES(4,338);
INSERT INTO yellow_card(event_id, yellow_cards_number) VALUES (1483, 3);
INSERT INTO game(game_date, home_team_goals, away_team_goals, game_stadium, game_season, game_referee) VALUES ('1555768800', 1, 2, 5, 1, 16);
INSERT INTO statistics(home_shots, away_shots, home_possession, away_possession, home_expected_goals, away_expected_goals) VALUES (9, 11, 45, 55, 1.15, 1.47);
INSERT INTO gameTeamStatistics(game_id, home_team_id, away_team_id, statistics_id) VALUES (339, 5, 6, 339);
INSERT INTO event(event_team, game_id) VALUES(5,339);
INSERT INTO yellow_card(event_id, yellow_cards_number) VALUES (1484, 2);
INSERT INTO event(event_team, game_id) VALUES(6,339);
INSERT INTO yellow_card(event_id, yellow_cards_number) VALUES (1485, 2);
INSERT INTO event(event_team, game_id) VALUES(5,339);
INSERT INTO goal(event_id, goal_minute) VALUES(1486, 90);
INSERT INTO event(event_team, game_id) VALUES(6,339);
INSERT INTO goal(event_id, goal_minute) VALUES(1487, 90);
INSERT INTO game(game_date, home_team_goals, away_team_goals, game_stadium, game_season, game_referee) VALUES ('1555768800', 2, 2, 14, 1, 14);
INSERT INTO statistics(home_shots, away_shots, home_possession, away_possession, home_expected_goals, away_expected_goals) VALUES (9, 11, 49, 51, 1.34, 1.51);
INSERT INTO gameTeamStatistics(game_id, home_team_id, away_team_id, statistics_id) VALUES (340, 15, 13, 340);
INSERT INTO event(event_team, game_id) VALUES(15,340);
INSERT INTO yellow_card(event_id, yellow_cards_number) VALUES (1488, 2);
INSERT INTO event(event_team, game_id) VALUES(15,340);
INSERT INTO goal(event_id, goal_minute) VALUES(1489, 37);
INSERT INTO event(event_team, game_id) VALUES(15,340);
INSERT INTO goal(event_id, goal_minute) VALUES(1490, 82);
INSERT INTO event(event_team, game_id) VALUES(6,339);
INSERT INTO goal(event_id, goal_minute) VALUES(1491, 37);
INSERT INTO event(event_team, game_id) VALUES(6,339);
INSERT INTO goal(event_id, goal_minute) VALUES(1492, 82);
INSERT INTO game(game_date, home_team_goals, away_team_goals, game_stadium, game_season, game_referee) VALUES ('1555768800', 0, 0, 7, 1, 7);
INSERT INTO statistics(home_shots, away_shots, home_possession, away_possession, home_expected_goals, away_expected_goals) VALUES (20, 5, 68, 32, 2.45, 0.50);
INSERT INTO gameTeamStatistics(game_id, home_team_id, away_team_id, statistics_id) VALUES (341, 7, 19, 341);
INSERT INTO event(event_team, game_id) VALUES(19,341);
INSERT INTO yellow_card(event_id, yellow_cards_number) VALUES (1493, 1);
INSERT INTO game(game_date, home_team_goals, away_team_goals, game_stadium, game_season, game_referee) VALUES ('1555777800', 3, 1, 2, 1, 8);
INSERT INTO statistics(home_shots, away_shots, home_possession, away_possession, home_expected_goals, away_expected_goals) VALUES (11, 11, 43, 57, 1.45, 1.37);
INSERT INTO gameTeamStatistics(game_id, home_team_id, away_team_id, statistics_id) VALUES (342, 2, 9, 342);
INSERT INTO event(event_team, game_id) VALUES(9,342);
INSERT INTO yellow_card(event_id, yellow_cards_number) VALUES (1494, 2);
INSERT INTO event(event_team, game_id) VALUES(2,342);
INSERT INTO goal(event_id, goal_minute) VALUES(1495, 27);
INSERT INTO event(event_team, game_id) VALUES(2,342);
INSERT INTO goal(event_id, goal_minute) VALUES(1496, 31);
INSERT INTO event(event_team, game_id) VALUES(2,342);
INSERT INTO goal(event_id, goal_minute) VALUES(1497, 86);
INSERT INTO event(event_team, game_id) VALUES(9,342);
INSERT INTO goal(event_id, goal_minute) VALUES(1498, 27);
INSERT INTO event(event_team, game_id) VALUES(9,342);
INSERT INTO goal(event_id, goal_minute) VALUES(1499, 31);
INSERT INTO event(event_team, game_id) VALUES(9,342);
INSERT INTO goal(event_id, goal_minute) VALUES(1500, 86);
INSERT INTO game(game_date, home_team_goals, away_team_goals, game_stadium, game_season, game_referee) VALUES ('1555849800', 4, 0, 12, 1, 13);
INSERT INTO statistics(home_shots, away_shots, home_possession, away_possession, home_expected_goals, away_expected_goals) VALUES (12, 7, 48, 52, 1.70, 0.95);
INSERT INTO gameTeamStatistics(game_id, home_team_id, away_team_id, statistics_id) VALUES (343, 12, 1, 343);
INSERT INTO event(event_team, game_id) VALUES(12,343);
INSERT INTO yellow_card(event_id, yellow_cards_number) VALUES (1501, 1);
INSERT INTO event(event_team, game_id) VALUES(1,343);
INSERT INTO yellow_card(event_id, yellow_cards_number) VALUES (1502, 1);
INSERT INTO event(event_team, game_id) VALUES(12,343);
INSERT INTO goal(event_id, goal_minute) VALUES(1503, 13);
INSERT INTO event(event_team, game_id) VALUES(12,343);
INSERT INTO goal(event_id, goal_minute) VALUES(1504, 28);
INSERT INTO event(event_team, game_id) VALUES(12,343);
INSERT INTO goal(event_id, goal_minute) VALUES(1505, 56);
INSERT INTO event(event_team, game_id) VALUES(12,343);
INSERT INTO goal(event_id, goal_minute) VALUES(1506, 64);
INSERT INTO game(game_date, home_team_goals, away_team_goals, game_stadium, game_season, game_referee) VALUES ('1555858800', 2, 3, 10, 1, 6);
INSERT INTO statistics(home_shots, away_shots, home_possession, away_possession, home_expected_goals, away_expected_goals) VALUES (11, 13, 72, 28, 1.83, 1.67);
INSERT INTO gameTeamStatistics(game_id, home_team_id, away_team_id, statistics_id) VALUES (344, 10, 20, 344);
INSERT INTO event(event_team, game_id) VALUES(10,344);
INSERT INTO yellow_card(event_id, yellow_cards_number) VALUES (1507, 4);
INSERT INTO event(event_team, game_id) VALUES(20,344);
INSERT INTO yellow_card(event_id, yellow_cards_number) VALUES (1508, 1);
INSERT INTO event(event_team, game_id) VALUES(10,344);
INSERT INTO goal(event_id, goal_minute) VALUES(1509, 47);
INSERT INTO event(event_team, game_id) VALUES(10,344);
INSERT INTO goal(event_id, goal_minute) VALUES(1510, 77);
INSERT INTO event(event_team, game_id) VALUES(20,344);
INSERT INTO goal(event_id, goal_minute) VALUES(1511, 47);
INSERT INTO event(event_team, game_id) VALUES(20,344);
INSERT INTO goal(event_id, goal_minute) VALUES(1512, 77);
INSERT INTO game(game_date, home_team_goals, away_team_goals, game_stadium, game_season, game_referee) VALUES ('1555858800', 0, 2, 11, 1, 2);
INSERT INTO statistics(home_shots, away_shots, home_possession, away_possession, home_expected_goals, away_expected_goals) VALUES (5, 15, 23, 77, 0.71, 1.89);
INSERT INTO gameTeamStatistics(game_id, home_team_id, away_team_id, statistics_id) VALUES (345, 11, 8, 345);
INSERT INTO event(event_team, game_id) VALUES(11,345);
INSERT INTO yellow_card(event_id, yellow_cards_number) VALUES (1513, 1);
INSERT INTO event(event_team, game_id) VALUES(8,345);
INSERT INTO yellow_card(event_id, yellow_cards_number) VALUES (1514, 1);
INSERT INTO game(game_date, home_team_goals, away_team_goals, game_stadium, game_season, game_referee) VALUES ('1555959600', 2, 2, 15, 1, 3);
INSERT INTO statistics(home_shots, away_shots, home_possession, away_possession, home_expected_goals, away_expected_goals) VALUES (18, 6, 76, 24, 2.70, 0.84);
INSERT INTO gameTeamStatistics(game_id, home_team_id, away_team_id, statistics_id) VALUES (346, 16, 17, 346);
INSERT INTO event(event_team, game_id) VALUES(16,346);
INSERT INTO yellow_card(event_id, yellow_cards_number) VALUES (1515, 2);
INSERT INTO event(event_team, game_id) VALUES(17,346);
INSERT INTO yellow_card(event_id, yellow_cards_number) VALUES (1516, 1);
INSERT INTO event(event_team, game_id) VALUES(16,346);
INSERT INTO goal(event_id, goal_minute) VALUES(1517, 12);
INSERT INTO event(event_team, game_id) VALUES(16,346);
INSERT INTO goal(event_id, goal_minute) VALUES(1518, 14);
INSERT INTO event(event_team, game_id) VALUES(17,346);
INSERT INTO goal(event_id, goal_minute) VALUES(1519, 12);
INSERT INTO event(event_team, game_id) VALUES(17,346);
INSERT INTO goal(event_id, goal_minute) VALUES(1520, 14);
INSERT INTO game(game_date, home_team_goals, away_team_goals, game_stadium, game_season, game_referee) VALUES ('1556045100', 1, 1, 6, 1, 4);
INSERT INTO statistics(home_shots, away_shots, home_possession, away_possession, home_expected_goals, away_expected_goals) VALUES (8, 8, 62, 38, 1.26, 1.23);
INSERT INTO gameTeamStatistics(game_id, home_team_id, away_team_id, statistics_id) VALUES (347, 6, 9, 347);
INSERT INTO event(event_team, game_id) VALUES(6,347);
INSERT INTO yellow_card(event_id, yellow_cards_number) VALUES (1521, 5);
INSERT INTO event(event_team, game_id) VALUES(9,347);
INSERT INTO yellow_card(event_id, yellow_cards_number) VALUES (1522, 2);
INSERT INTO event(event_team, game_id) VALUES(6,347);
INSERT INTO goal(event_id, goal_minute) VALUES(1523, 90);
INSERT INTO event(event_team, game_id) VALUES(9,347);
INSERT INTO goal(event_id, goal_minute) VALUES(1524, 90);
INSERT INTO game(game_date, home_team_goals, away_team_goals, game_stadium, game_season, game_referee) VALUES ('1556045100', 1, 0, 20, 1, 5);
INSERT INTO statistics(home_shots, away_shots, home_possession, away_possession, home_expected_goals, away_expected_goals) VALUES (18, 6, 78, 22, 2.33, 0.69);
INSERT INTO gameTeamStatistics(game_id, home_team_id, away_team_id, statistics_id) VALUES (348, 14, 19, 348);
INSERT INTO event(event_team, game_id) VALUES(14,348);
INSERT INTO yellow_card(event_id, yellow_cards_number) VALUES (1525, 1);
INSERT INTO event(event_team, game_id) VALUES(19,348);
INSERT INTO yellow_card(event_id, yellow_cards_number) VALUES (1526, 2);
INSERT INTO event(event_team, game_id) VALUES(14,348);
INSERT INTO goal(event_id, goal_minute) VALUES(1527, 88);
INSERT INTO game(game_date, home_team_goals, away_team_goals, game_stadium, game_season, game_referee) VALUES ('1556131500', 3, 1, 7, 1, 12);
INSERT INTO statistics(home_shots, away_shots, home_possession, away_possession, home_expected_goals, away_expected_goals) VALUES (9, 6, 29, 71, 1.01, 1.03);
INSERT INTO gameTeamStatistics(game_id, home_team_id, away_team_id, statistics_id) VALUES (349, 7, 10, 349);
INSERT INTO event(event_team, game_id) VALUES(7,349);
INSERT INTO yellow_card(event_id, yellow_cards_number) VALUES (1528, 2);
INSERT INTO event(event_team, game_id) VALUES(10,349);
INSERT INTO yellow_card(event_id, yellow_cards_number) VALUES (1529, 3);
INSERT INTO event(event_team, game_id) VALUES(7,349);
INSERT INTO goal(event_id, goal_minute) VALUES(1530, 28);
INSERT INTO event(event_team, game_id) VALUES(7,349);
INSERT INTO goal(event_id, goal_minute) VALUES(1531, 37);
INSERT INTO event(event_team, game_id) VALUES(7,349);
INSERT INTO goal(event_id, goal_minute) VALUES(1532, 45);
INSERT INTO event(event_team, game_id) VALUES(10,349);
INSERT INTO goal(event_id, goal_minute) VALUES(1533, 28);
INSERT INTO event(event_team, game_id) VALUES(10,349);
INSERT INTO goal(event_id, goal_minute) VALUES(1534, 37);
INSERT INTO event(event_team, game_id) VALUES(10,349);
INSERT INTO goal(event_id, goal_minute) VALUES(1535, 45);
INSERT INTO game(game_date, home_team_goals, away_team_goals, game_stadium, game_season, game_referee) VALUES ('1556132400', 0, 2, 1, 1, 1);
INSERT INTO statistics(home_shots, away_shots, home_possession, away_possession, home_expected_goals, away_expected_goals) VALUES (8, 9, 36, 64, 0.93, 1.36);
INSERT INTO gameTeamStatistics(game_id, home_team_id, away_team_id, statistics_id) VALUES (350, 1, 18, 350);
INSERT INTO event(event_team, game_id) VALUES(1,350);
INSERT INTO yellow_card(event_id, yellow_cards_number) VALUES (1536, 2);
INSERT INTO event(event_team, game_id) VALUES(18,350);
INSERT INTO yellow_card(event_id, yellow_cards_number) VALUES (1537, 2);
INSERT INTO game(game_date, home_team_goals, away_team_goals, game_stadium, game_season, game_referee) VALUES ('1556305200', 5, 0, 8, 1, 3);
INSERT INTO statistics(home_shots, away_shots, home_possession, away_possession, home_expected_goals, away_expected_goals) VALUES (20, 4, 70, 30, 2.11, 0.62);
INSERT INTO gameTeamStatistics(game_id, home_team_id, away_team_id, statistics_id) VALUES (351, 8, 5, 351);
INSERT INTO event(event_team, game_id) VALUES(8,351);
INSERT INTO goal(event_id, goal_minute) VALUES(1538, 1);
INSERT INTO event(event_team, game_id) VALUES(8,351);
INSERT INTO goal(event_id, goal_minute) VALUES(1539, 23);
INSERT INTO event(event_team, game_id) VALUES(8,351);
INSERT INTO goal(event_id, goal_minute) VALUES(1540, 45);
INSERT INTO event(event_team, game_id) VALUES(8,351);
INSERT INTO goal(event_id, goal_minute) VALUES(1541, 66);
INSERT INTO event(event_team, game_id) VALUES(8,351);
INSERT INTO goal(event_id, goal_minute) VALUES(1542, 83);
INSERT INTO game(game_date, home_team_goals, away_team_goals, game_stadium, game_season, game_referee) VALUES ('1556364600', 0, 1, 20, 1, 8);
INSERT INTO statistics(home_shots, away_shots, home_possession, away_possession, home_expected_goals, away_expected_goals) VALUES (9, 13, 63, 37, 1.39, 1.74);
INSERT INTO gameTeamStatistics(game_id, home_team_id, away_team_id, statistics_id) VALUES (352, 14, 15, 352);
INSERT INTO event(event_team, game_id) VALUES(15,352);
INSERT INTO yellow_card(event_id, yellow_cards_number) VALUES (1543, 2);
INSERT INTO game(game_date, home_team_goals, away_team_goals, game_stadium, game_season, game_referee) VALUES ('1556373600', 0, 0, 19, 1, 11);
INSERT INTO statistics(home_shots, away_shots, home_possession, away_possession, home_expected_goals, away_expected_goals) VALUES (6, 12, 36, 64, 0.69, 1.68);
INSERT INTO gameTeamStatistics(game_id, home_team_id, away_team_id, statistics_id) VALUES (353, 20, 12, 353);
INSERT INTO event(event_team, game_id) VALUES(20,353);
INSERT INTO yellow_card(event_id, yellow_cards_number) VALUES (1544, 2);
INSERT INTO game(game_date, home_team_goals, away_team_goals, game_stadium, game_season, game_referee) VALUES ('1556373600', 1, 0, 4, 1, 5);
INSERT INTO statistics(home_shots, away_shots, home_possession, away_possession, home_expected_goals, away_expected_goals) VALUES (8, 11, 73, 27, 1.06, 1.67);
INSERT INTO gameTeamStatistics(game_id, home_team_id, away_team_id, statistics_id) VALUES (354, 4, 11, 354);
INSERT INTO event(event_team, game_id) VALUES(4,354);
INSERT INTO goal(event_id, goal_minute) VALUES(1545, 79);
INSERT INTO game(game_date, home_team_goals, away_team_goals, game_stadium, game_season, game_referee) VALUES ('1556373600', 3, 3, 9, 1, 9);
INSERT INTO statistics(home_shots, away_shots, home_possession, away_possession, home_expected_goals, away_expected_goals) VALUES (17, 10, 44, 56, 2.11, 1.32);
INSERT INTO gameTeamStatistics(game_id, home_team_id, away_team_id, statistics_id) VALUES (355, 9, 3, 355);
INSERT INTO event(event_team, game_id) VALUES(9,355);
INSERT INTO yellow_card(event_id, yellow_cards_number) VALUES (1546, 2);
INSERT INTO event(event_team, game_id) VALUES(3,355);
INSERT INTO yellow_card(event_id, yellow_cards_number) VALUES (1547, 1);
INSERT INTO event(event_team, game_id) VALUES(9,355);
INSERT INTO goal(event_id, goal_minute) VALUES(1548, 12);
INSERT INTO event(event_team, game_id) VALUES(9,355);
INSERT INTO goal(event_id, goal_minute) VALUES(1549, 55);
INSERT INTO event(event_team, game_id) VALUES(9,355);
INSERT INTO goal(event_id, goal_minute) VALUES(1550, 67);
INSERT INTO event(event_team, game_id) VALUES(3,355);
INSERT INTO goal(event_id, goal_minute) VALUES(1551, 12);
INSERT INTO event(event_team, game_id) VALUES(3,355);
INSERT INTO goal(event_id, goal_minute) VALUES(1552, 55);
INSERT INTO event(event_team, game_id) VALUES(3,355);
INSERT INTO goal(event_id, goal_minute) VALUES(1553, 67);
INSERT INTO game(game_date, home_team_goals, away_team_goals, game_stadium, game_season, game_referee) VALUES ('1556373600', 1, 2, 6, 1, 17);
INSERT INTO statistics(home_shots, away_shots, home_possession, away_possession, home_expected_goals, away_expected_goals) VALUES (7, 8, 56, 44, 1.00, 1.23);
INSERT INTO gameTeamStatistics(game_id, home_team_id, away_team_id, statistics_id) VALUES (356, 6, 7, 356);
INSERT INTO event(event_team, game_id) VALUES(6,356);
INSERT INTO yellow_card(event_id, yellow_cards_number) VALUES (1554, 3);
INSERT INTO event(event_team, game_id) VALUES(7,356);
INSERT INTO yellow_card(event_id, yellow_cards_number) VALUES (1555, 2);
INSERT INTO event(event_team, game_id) VALUES(6,356);
INSERT INTO goal(event_id, goal_minute) VALUES(1556, 49);
INSERT INTO event(event_team, game_id) VALUES(7,356);
INSERT INTO goal(event_id, goal_minute) VALUES(1557, 49);
INSERT INTO game(game_date, home_team_goals, away_team_goals, game_stadium, game_season, game_referee) VALUES ('1556382600', 1, 1, 18, 1, 4);
INSERT INTO statistics(home_shots, away_shots, home_possession, away_possession, home_expected_goals, away_expected_goals) VALUES (8, 5, 49, 51, 1.19, 0.66);
INSERT INTO gameTeamStatistics(game_id, home_team_id, away_team_id, statistics_id) VALUES (357, 19, 2, 357);
INSERT INTO event(event_team, game_id) VALUES(19,357);
INSERT INTO yellow_card(event_id, yellow_cards_number) VALUES (1558, 2);
INSERT INTO event(event_team, game_id) VALUES(2,357);
INSERT INTO yellow_card(event_id, yellow_cards_number) VALUES (1559, 3);
INSERT INTO event(event_team, game_id) VALUES(19,357);
INSERT INTO goal(event_id, goal_minute) VALUES(1560, 75);
INSERT INTO event(event_team, game_id) VALUES(2,357);
INSERT INTO goal(event_id, goal_minute) VALUES(1561, 75);
INSERT INTO game(game_date, home_team_goals, away_team_goals, game_stadium, game_season, game_referee) VALUES ('1556449200', 3, 0, 13, 1, 10);
INSERT INTO statistics(home_shots, away_shots, home_possession, away_possession, home_expected_goals, away_expected_goals) VALUES (19, 5, 67, 33, 2.68, 0.74);
INSERT INTO gameTeamStatistics(game_id, home_team_id, away_team_id, statistics_id) VALUES (358, 13, 10, 358);
INSERT INTO event(event_team, game_id) VALUES(13,358);
INSERT INTO yellow_card(event_id, yellow_cards_number) VALUES (1562, 3);
INSERT INTO event(event_team, game_id) VALUES(10,358);
INSERT INTO yellow_card(event_id, yellow_cards_number) VALUES (1563, 2);
INSERT INTO event(event_team, game_id) VALUES(10,358);
INSERT INTO red_card(event_id, red_cards_number) VALUES (1564, 1);
INSERT INTO event(event_team, game_id) VALUES(13,358);
INSERT INTO goal(event_id, goal_minute) VALUES(1565, 59);
INSERT INTO event(event_team, game_id) VALUES(13,358);
INSERT INTO goal(event_id, goal_minute) VALUES(1566, 86);
INSERT INTO event(event_team, game_id) VALUES(13,358);
INSERT INTO goal(event_id, goal_minute) VALUES(1567, 90);
INSERT INTO game(game_date, home_team_goals, away_team_goals, game_stadium, game_season, game_referee) VALUES ('1556456700', 0, 1, 16, 1, 13);
INSERT INTO statistics(home_shots, away_shots, home_possession, away_possession, home_expected_goals, away_expected_goals) VALUES (3, 12, 30, 70, 0.39, 1.87);
INSERT INTO gameTeamStatistics(game_id, home_team_id, away_team_id, statistics_id) VALUES (359, 17, 18, 359);
INSERT INTO event(event_team, game_id) VALUES(17,359);
INSERT INTO yellow_card(event_id, yellow_cards_number) VALUES (1568, 1);
INSERT INTO event(event_team, game_id) VALUES(18,359);
INSERT INTO yellow_card(event_id, yellow_cards_number) VALUES (1569, 1);
INSERT INTO game(game_date, home_team_goals, away_team_goals, game_stadium, game_season, game_referee) VALUES ('1556465400', 1, 1, 1, 1, 2);
INSERT INTO statistics(home_shots, away_shots, home_possession, away_possession, home_expected_goals, away_expected_goals) VALUES (8, 11, 51, 49, 1.34, 1.43);
INSERT INTO gameTeamStatistics(game_id, home_team_id, away_team_id, statistics_id) VALUES (360, 1, 16, 360);
INSERT INTO event(event_team, game_id) VALUES(1,360);
INSERT INTO yellow_card(event_id, yellow_cards_number) VALUES (1570, 3);
INSERT INTO event(event_team, game_id) VALUES(16,360);
INSERT INTO yellow_card(event_id, yellow_cards_number) VALUES (1571, 2);
INSERT INTO event(event_team, game_id) VALUES(1,360);
INSERT INTO goal(event_id, goal_minute) VALUES(1572, 11);
INSERT INTO event(event_team, game_id) VALUES(16,360);
INSERT INTO goal(event_id, goal_minute) VALUES(1573, 11);
INSERT INTO game(game_date, home_team_goals, away_team_goals, game_stadium, game_season, game_referee) VALUES ('1556910000', 2, 0, 12, 1, 5);
INSERT INTO statistics(home_shots, away_shots, home_possession, away_possession, home_expected_goals, away_expected_goals) VALUES (16, 6, 60, 40, 1.99, 0.87);
INSERT INTO gameTeamStatistics(game_id, home_team_id, away_team_id, statistics_id) VALUES (361, 12, 17, 361);
INSERT INTO event(event_team, game_id) VALUES(17,361);
INSERT INTO yellow_card(event_id, yellow_cards_number) VALUES (1574, 2);
INSERT INTO event(event_team, game_id) VALUES(12,361);
INSERT INTO goal(event_id, goal_minute) VALUES(1575, 17);
INSERT INTO event(event_team, game_id) VALUES(12,361);
INSERT INTO goal(event_id, goal_minute) VALUES(1576, 20);
INSERT INTO game(game_date, home_team_goals, away_team_goals, game_stadium, game_season, game_referee) VALUES ('1556969400', 1, 0, 3, 1, 7);
INSERT INTO statistics(home_shots, away_shots, home_possession, away_possession, home_expected_goals, away_expected_goals) VALUES (14, 9, 53, 47, 1.93, 1.31);
INSERT INTO gameTeamStatistics(game_id, home_team_id, away_team_id, statistics_id) VALUES (362, 3, 14, 362);
INSERT INTO event(event_team, game_id) VALUES(3,362);
INSERT INTO yellow_card(event_id, yellow_cards_number) VALUES (1577, 1);
INSERT INTO event(event_team, game_id) VALUES(14,362);
INSERT INTO yellow_card(event_id, yellow_cards_number) VALUES (1578, 5);
INSERT INTO event(event_team, game_id) VALUES(14,362);
INSERT INTO red_card(event_id, red_cards_number) VALUES (1579, 2);
INSERT INTO event(event_team, game_id) VALUES(3,362);
INSERT INTO goal(event_id, goal_minute) VALUES(1580, 90);
INSERT INTO game(game_date, home_team_goals, away_team_goals, game_stadium, game_season, game_referee) VALUES ('1556978400', 3, 0, 14, 1, 12);
INSERT INTO statistics(home_shots, away_shots, home_possession, away_possession, home_expected_goals, away_expected_goals) VALUES (13, 5, 56, 44, 1.68, 0.80);
INSERT INTO gameTeamStatistics(game_id, home_team_id, away_team_id, statistics_id) VALUES (363, 15, 9, 363);
INSERT INTO event(event_team, game_id) VALUES(15,363);
INSERT INTO yellow_card(event_id, yellow_cards_number) VALUES (1581, 1);
INSERT INTO event(event_team, game_id) VALUES(9,363);
INSERT INTO yellow_card(event_id, yellow_cards_number) VALUES (1582, 1);
INSERT INTO event(event_team, game_id) VALUES(15,363);
INSERT INTO goal(event_id, goal_minute) VALUES(1583, 16);
INSERT INTO event(event_team, game_id) VALUES(15,363);
INSERT INTO goal(event_id, goal_minute) VALUES(1584, 69);
INSERT INTO event(event_team, game_id) VALUES(15,363);
INSERT INTO goal(event_id, goal_minute) VALUES(1585, 72);
INSERT INTO game(game_date, home_team_goals, away_team_goals, game_stadium, game_season, game_referee) VALUES ('1556978400', 1, 0, 7, 1, 6);
INSERT INTO statistics(home_shots, away_shots, home_possession, away_possession, home_expected_goals, away_expected_goals) VALUES (16, 6, 39, 61, 1.89, 0.79);
INSERT INTO gameTeamStatistics(game_id, home_team_id, away_team_id, statistics_id) VALUES (364, 7, 4, 364);
INSERT INTO event(event_team, game_id) VALUES(7,364);
INSERT INTO yellow_card(event_id, yellow_cards_number) VALUES (1586, 1);
INSERT INTO event(event_team, game_id) VALUES(4,364);
INSERT INTO yellow_card(event_id, yellow_cards_number) VALUES (1587, 3);
INSERT INTO event(event_team, game_id) VALUES(7,364);
INSERT INTO goal(event_id, goal_minute) VALUES(1588, 75);
INSERT INTO game(game_date, home_team_goals, away_team_goals, game_stadium, game_season, game_referee) VALUES ('1556987400', 2, 3, 11, 1, 10);
INSERT INTO statistics(home_shots, away_shots, home_possession, away_possession, home_expected_goals, away_expected_goals) VALUES (15, 15, 39, 61, 1.93, 1.89);
INSERT INTO gameTeamStatistics(game_id, home_team_id, away_team_id, statistics_id) VALUES (365, 11, 20, 365);
INSERT INTO event(event_team, game_id) VALUES(11,365);
INSERT INTO goal(event_id, goal_minute) VALUES(1589, 31);
INSERT INTO event(event_team, game_id) VALUES(11,365);
INSERT INTO goal(event_id, goal_minute) VALUES(1590, 90);
INSERT INTO event(event_team, game_id) VALUES(4,364);
INSERT INTO goal(event_id, goal_minute) VALUES(1591, 31);
INSERT INTO event(event_team, game_id) VALUES(4,364);
INSERT INTO goal(event_id, goal_minute) VALUES(1592, 90);
INSERT INTO game(game_date, home_team_goals, away_team_goals, game_stadium, game_season, game_referee) VALUES ('1556995500', 2, 3, 2, 1, 1);
INSERT INTO statistics(home_shots, away_shots, home_possession, away_possession, home_expected_goals, away_expected_goals) VALUES (11, 11, 30, 70, 1.46, 1.36);
INSERT INTO gameTeamStatistics(game_id, home_team_id, away_team_id, statistics_id) VALUES (366, 2, 8, 366);
INSERT INTO event(event_team, game_id) VALUES(2,366);
INSERT INTO yellow_card(event_id, yellow_cards_number) VALUES (1593, 1);
INSERT INTO event(event_team, game_id) VALUES(8,366);
INSERT INTO yellow_card(event_id, yellow_cards_number) VALUES (1594, 1);
INSERT INTO event(event_team, game_id) VALUES(2,366);
INSERT INTO goal(event_id, goal_minute) VALUES(1595, 20);
INSERT INTO event(event_team, game_id) VALUES(2,366);
INSERT INTO goal(event_id, goal_minute) VALUES(1596, 54);
INSERT INTO event(event_team, game_id) VALUES(8,366);
INSERT INTO goal(event_id, goal_minute) VALUES(1597, 20);
INSERT INTO event(event_team, game_id) VALUES(8,366);
INSERT INTO goal(event_id, goal_minute) VALUES(1598, 54);
INSERT INTO game(game_date, home_team_goals, away_team_goals, game_stadium, game_season, game_referee) VALUES ('1557061200', 3, 0, 15, 1, 13);
INSERT INTO statistics(home_shots, away_shots, home_possession, away_possession, home_expected_goals, away_expected_goals) VALUES (16, 14, 58, 42, 2.20, 1.54);
INSERT INTO gameTeamStatistics(game_id, home_team_id, away_team_id, statistics_id) VALUES (367, 16, 6, 367);
INSERT INTO event(event_team, game_id) VALUES(6,367);
INSERT INTO yellow_card(event_id, yellow_cards_number) VALUES (1599, 1);
INSERT INTO event(event_team, game_id) VALUES(16,367);
INSERT INTO goal(event_id, goal_minute) VALUES(1600, 48);
INSERT INTO event(event_team, game_id) VALUES(16,367);
INSERT INTO goal(event_id, goal_minute) VALUES(1601, 51);
INSERT INTO event(event_team, game_id) VALUES(16,367);
INSERT INTO goal(event_id, goal_minute) VALUES(1602, 75);
INSERT INTO game(game_date, home_team_goals, away_team_goals, game_stadium, game_season, game_referee) VALUES ('1557061200', 1, 1, 5, 1, 11);
INSERT INTO statistics(home_shots, away_shots, home_possession, away_possession, home_expected_goals, away_expected_goals) VALUES (6, 17, 35, 65, 0.90, 2.05);
INSERT INTO gameTeamStatistics(game_id, home_team_id, away_team_id, statistics_id) VALUES (368, 5, 1, 368);
INSERT INTO event(event_team, game_id) VALUES(5,368);
INSERT INTO yellow_card(event_id, yellow_cards_number) VALUES (1603, 1);
INSERT INTO event(event_team, game_id) VALUES(1,368);
INSERT INTO yellow_card(event_id, yellow_cards_number) VALUES (1604, 1);
INSERT INTO event(event_team, game_id) VALUES(5,368);
INSERT INTO goal(event_id, goal_minute) VALUES(1605, 60);
INSERT INTO event(event_team, game_id) VALUES(1,368);
INSERT INTO goal(event_id, goal_minute) VALUES(1606, 60);
INSERT INTO game(game_date, home_team_goals, away_team_goals, game_stadium, game_season, game_referee) VALUES ('1557070200', 1, 1, 10, 1, 8);
INSERT INTO statistics(home_shots, away_shots, home_possession, away_possession, home_expected_goals, away_expected_goals) VALUES (14, 10, 70, 30, 2.25, 1.34);
INSERT INTO gameTeamStatistics(game_id, home_team_id, away_team_id, statistics_id) VALUES (369, 10, 19, 369);
INSERT INTO event(event_team, game_id) VALUES(10,369);
INSERT INTO yellow_card(event_id, yellow_cards_number) VALUES (1607, 5);
INSERT INTO event(event_team, game_id) VALUES(19,369);
INSERT INTO yellow_card(event_id, yellow_cards_number) VALUES (1608, 2);
INSERT INTO event(event_team, game_id) VALUES(10,369);
INSERT INTO goal(event_id, goal_minute) VALUES(1609, 9);
INSERT INTO event(event_team, game_id) VALUES(19,369);
INSERT INTO goal(event_id, goal_minute) VALUES(1610, 9);
INSERT INTO game(game_date, home_team_goals, away_team_goals, game_stadium, game_season, game_referee) VALUES ('1557169200', 1, 0, 17, 1, 4);
INSERT INTO statistics(home_shots, away_shots, home_possession, away_possession, home_expected_goals, away_expected_goals) VALUES (16, 5, 61, 39, 2.09, 0.73);
INSERT INTO gameTeamStatistics(game_id, home_team_id, away_team_id, statistics_id) VALUES (370, 18, 13, 370);
INSERT INTO event(event_team, game_id) VALUES(18,370);
INSERT INTO yellow_card(event_id, yellow_cards_number) VALUES (1611, 3);
INSERT INTO event(event_team, game_id) VALUES(13,370);
INSERT INTO yellow_card(event_id, yellow_cards_number) VALUES (1612, 2);
INSERT INTO event(event_team, game_id) VALUES(18,370);
INSERT INTO goal(event_id, goal_minute) VALUES(1613, 70);
INSERT INTO game(game_date, home_team_goals, away_team_goals, game_stadium, game_season, game_referee) VALUES ('1557669600', 1, 4, 18, 1, 10);
INSERT INTO statistics(home_shots, away_shots, home_possession, away_possession, home_expected_goals, away_expected_goals) VALUES (6, 13, 23, 77, 0.68, 2.16);
INSERT INTO gameTeamStatistics(game_id, home_team_id, away_team_id, statistics_id) VALUES (371, 19, 18, 371);
INSERT INTO event(event_team, game_id) VALUES(19,371);
INSERT INTO goal(event_id, goal_minute) VALUES(1614, 27);
INSERT INTO event(event_team, game_id) VALUES(13,370);
INSERT INTO goal(event_id, goal_minute) VALUES(1615, 27);
INSERT INTO game(game_date, home_team_goals, away_team_goals, game_stadium, game_season, game_referee) VALUES ('1557669600', 1, 3, 16, 1, 4);
INSERT INTO statistics(home_shots, away_shots, home_possession, away_possession, home_expected_goals, away_expected_goals) VALUES (12, 11, 39, 61, 1.57, 1.63);
INSERT INTO gameTeamStatistics(game_id, home_team_id, away_team_id, statistics_id) VALUES (372, 17, 10, 372);
INSERT INTO event(event_team, game_id) VALUES(17,372);
INSERT INTO yellow_card(event_id, yellow_cards_number) VALUES (1616, 5);
INSERT INTO event(event_team, game_id) VALUES(10,372);
INSERT INTO yellow_card(event_id, yellow_cards_number) VALUES (1617, 1);
INSERT INTO event(event_team, game_id) VALUES(17,372);
INSERT INTO goal(event_id, goal_minute) VALUES(1618, 65);
INSERT INTO event(event_team, game_id) VALUES(10,372);
INSERT INTO goal(event_id, goal_minute) VALUES(1619, 65);
INSERT INTO game(game_date, home_team_goals, away_team_goals, game_stadium, game_season, game_referee) VALUES ('1557669600', 5, 3, 19, 1, 16);
INSERT INTO statistics(home_shots, away_shots, home_possession, away_possession, home_expected_goals, away_expected_goals) VALUES (16, 15, 45, 55, 1.97, 2.07);
INSERT INTO gameTeamStatistics(game_id, home_team_id, away_team_id, statistics_id) VALUES (373, 20, 3, 373);
INSERT INTO event(event_team, game_id) VALUES(20,373);
INSERT INTO yellow_card(event_id, yellow_cards_number) VALUES (1620, 3);
INSERT INTO event(event_team, game_id) VALUES(20,373);
INSERT INTO goal(event_id, goal_minute) VALUES(1621, 24);
INSERT INTO event(event_team, game_id) VALUES(20,373);
INSERT INTO goal(event_id, goal_minute) VALUES(1622, 32);
INSERT INTO event(event_team, game_id) VALUES(20,373);
INSERT INTO goal(event_id, goal_minute) VALUES(1623, 37);
INSERT INTO event(event_team, game_id) VALUES(20,373);
INSERT INTO goal(event_id, goal_minute) VALUES(1624, 65);
INSERT INTO event(event_team, game_id) VALUES(20,373);
INSERT INTO goal(event_id, goal_minute) VALUES(1625, 80);
INSERT INTO event(event_team, game_id) VALUES(10,372);
INSERT INTO goal(event_id, goal_minute) VALUES(1626, 24);
INSERT INTO event(event_team, game_id) VALUES(10,372);
INSERT INTO goal(event_id, goal_minute) VALUES(1627, 32);
INSERT INTO event(event_team, game_id) VALUES(10,372);
INSERT INTO goal(event_id, goal_minute) VALUES(1628, 37);
INSERT INTO event(event_team, game_id) VALUES(10,372);
INSERT INTO goal(event_id, goal_minute) VALUES(1629, 65);
INSERT INTO event(event_team, game_id) VALUES(10,372);
INSERT INTO goal(event_id, goal_minute) VALUES(1630, 80);
INSERT INTO game(game_date, home_team_goals, away_team_goals, game_stadium, game_season, game_referee) VALUES ('1557669600', 0, 4, 4, 1, 3);
INSERT INTO statistics(home_shots, away_shots, home_possession, away_possession, home_expected_goals, away_expected_goals) VALUES (11, 13, 68, 32, 1.50, 1.47);
INSERT INTO gameTeamStatistics(game_id, home_team_id, away_team_id, statistics_id) VALUES (374, 4, 2, 374);
INSERT INTO event(event_team, game_id) VALUES(4,374);
INSERT INTO yellow_card(event_id, yellow_cards_number) VALUES (1631, 1);
INSERT INTO game(game_date, home_team_goals, away_team_goals, game_stadium, game_season, game_referee) VALUES ('1557669600', 0, 0, 13, 1, 8);
INSERT INTO statistics(home_shots, away_shots, home_possession, away_possession, home_expected_goals, away_expected_goals) VALUES (8, 12, 46, 54, 1.16, 1.50);
INSERT INTO gameTeamStatistics(game_id, home_team_id, away_team_id, statistics_id) VALUES (375, 13, 16, 375);
INSERT INTO event(event_team, game_id) VALUES(16,375);
INSERT INTO yellow_card(event_id, yellow_cards_number) VALUES (1632, 1);
INSERT INTO game(game_date, home_team_goals, away_team_goals, game_stadium, game_season, game_referee) VALUES ('1557669600', 2, 0, 8, 1, 2);
INSERT INTO statistics(home_shots, away_shots, home_possession, away_possession, home_expected_goals, away_expected_goals) VALUES (11, 7, 59, 41, 1.40, 0.92);
INSERT INTO gameTeamStatistics(game_id, home_team_id, away_team_id, statistics_id) VALUES (376, 8, 7, 376);
INSERT INTO event(event_team, game_id) VALUES(7,376);
INSERT INTO yellow_card(event_id, yellow_cards_number) VALUES (1633, 2);
INSERT INTO event(event_team, game_id) VALUES(8,376);
INSERT INTO goal(event_id, goal_minute) VALUES(1634, 17);
INSERT INTO event(event_team, game_id) VALUES(8,376);
INSERT INTO goal(event_id, goal_minute) VALUES(1635, 81);
INSERT INTO game(game_date, home_team_goals, away_team_goals, game_stadium, game_season, game_referee) VALUES ('1557669600', 0, 2, 1, 1, 6);
INSERT INTO statistics(home_shots, away_shots, home_possession, away_possession, home_expected_goals, away_expected_goals) VALUES (21, 11, 73, 27, 2.67, 1.31);
INSERT INTO gameTeamStatistics(game_id, home_team_id, away_team_id, statistics_id) VALUES (377, 1, 11, 377);
INSERT INTO event(event_team, game_id) VALUES(1,377);
INSERT INTO yellow_card(event_id, yellow_cards_number) VALUES (1636, 3);
INSERT INTO event(event_team, game_id) VALUES(11,377);
INSERT INTO yellow_card(event_id, yellow_cards_number) VALUES (1637, 3);
INSERT INTO game(game_date, home_team_goals, away_team_goals, game_stadium, game_season, game_referee) VALUES ('1557669600', 1, 1, 9, 1, 14);
INSERT INTO statistics(home_shots, away_shots, home_possession, away_possession, home_expected_goals, away_expected_goals) VALUES (7, 8, 53, 47, 1.15, 1.04);
INSERT INTO gameTeamStatistics(game_id, home_team_id, away_team_id, statistics_id) VALUES (378, 9, 5, 378);
INSERT INTO event(event_team, game_id) VALUES(5,378);
INSERT INTO yellow_card(event_id, yellow_cards_number) VALUES (1638, 1);
INSERT INTO event(event_team, game_id) VALUES(9,378);
INSERT INTO goal(event_id, goal_minute) VALUES(1639, 41);
INSERT INTO event(event_team, game_id) VALUES(5,378);
INSERT INTO goal(event_id, goal_minute) VALUES(1640, 41);
INSERT INTO game(game_date, home_team_goals, away_team_goals, game_stadium, game_season, game_referee) VALUES ('1557669600', 2, 2, 20, 1, 1);
INSERT INTO statistics(home_shots, away_shots, home_possession, away_possession, home_expected_goals, away_expected_goals) VALUES (9, 13, 55, 45, 1.23, 1.80);
INSERT INTO gameTeamStatistics(game_id, home_team_id, away_team_id, statistics_id) VALUES (379, 14, 12, 379);
INSERT INTO event(event_team, game_id) VALUES(12,379);
INSERT INTO yellow_card(event_id, yellow_cards_number) VALUES (1641, 2);
INSERT INTO event(event_team, game_id) VALUES(14,379);
INSERT INTO goal(event_id, goal_minute) VALUES(1642, 3);
INSERT INTO event(event_team, game_id) VALUES(14,379);
INSERT INTO goal(event_id, goal_minute) VALUES(1643, 75);
INSERT INTO event(event_team, game_id) VALUES(12,379);
INSERT INTO goal(event_id, goal_minute) VALUES(1644, 3);
INSERT INTO event(event_team, game_id) VALUES(12,379);
INSERT INTO goal(event_id, goal_minute) VALUES(1645, 75);
INSERT INTO game(game_date, home_team_goals, away_team_goals, game_stadium, game_season, game_referee) VALUES ('1557669600', 1, 4, 6, 1, 5);
INSERT INTO statistics(home_shots, away_shots, home_possession, away_possession, home_expected_goals, away_expected_goals) VALUES (11, 15, 48, 52, 1.81, 2.01);
INSERT INTO gameTeamStatistics(game_id, home_team_id, away_team_id, statistics_id) VALUES (380, 6, 15, 380);
INSERT INTO event(event_team, game_id) VALUES(6,380);
INSERT INTO yellow_card(event_id, yellow_cards_number) VALUES (1646, 1);
INSERT INTO event(event_team, game_id) VALUES(6,380);
INSERT INTO red_card(event_id, red_cards_number) VALUES (1647, 1);
INSERT INTO event(event_team, game_id) VALUES(6,380);
INSERT INTO goal(event_id, goal_minute) VALUES(1648, 46);
INSERT INTO event(event_team, game_id) VALUES(12,380);
INSERT INTO goal(event_id, goal_minute) VALUES(1649, 46);



--- Insert points, wins, losses and draws for each team
UPDATE team SET team_wins=19, team_draws=9, team_losses=10, team_points=66 WHERE team_id=1;
UPDATE team SET team_wins=12, team_draws=9, team_losses=17, team_points=45 WHERE team_id=2;
UPDATE team SET team_wins=13, team_draws=6, team_losses=19, team_points=45 WHERE team_id=3;
UPDATE team SET team_wins=7, team_draws=5, team_losses=26, team_points=26 WHERE team_id=4;
UPDATE team SET team_wins=3, team_draws=7, team_losses=28, team_points=16 WHERE team_id=5;
UPDATE team SET team_wins=14, team_draws=8, team_losses=16, team_points=50 WHERE team_id=6;
UPDATE team SET team_wins=16, team_draws=9, team_losses=13, team_points=57 WHERE team_id=7;
UPDATE team SET team_wins=30, team_draws=7, team_losses=1, team_points=97 WHERE team_id=8;
UPDATE team SET team_wins=9, team_draws=12, team_losses=17, team_points=39 WHERE team_id=9;
UPDATE team SET team_wins=21, team_draws=7, team_losses=10, team_points=70 WHERE team_id=10;
UPDATE team SET team_wins=10, team_draws=4, team_losses=24, team_points=34 WHERE team_id=11;
UPDATE team SET team_wins=15, team_draws=9, team_losses=14, team_points=54 WHERE team_id=12;
UPDATE team SET team_wins=15, team_draws=7, team_losses=16, team_points=52 WHERE team_id=13;
UPDATE team SET team_wins=23, team_draws=2, team_losses=13, team_points=71 WHERE team_id=14;
UPDATE team SET team_wins=15, team_draws=7, team_losses=16, team_points=52 WHERE team_id=15;
UPDATE team SET team_wins=21, team_draws=9, team_losses=8, team_points=72 WHERE team_id=16;
UPDATE team SET team_wins=11, team_draws=7, team_losses=20, team_points=40 WHERE team_id=17;
UPDATE team SET team_wins=32, team_draws=2, team_losses=4, team_points=98 WHERE team_id=18;
UPDATE team SET team_wins=9, team_draws=9, team_losses=20, team_points=36 WHERE team_id=19;
UPDATE team SET team_wins=14, team_draws=7, team_losses=17, team_points=49 WHERE team_id=20;